env,latency_ms,arm,seed,pnl_net,pnl_gross,fees,pnl_edge,pnl_inventory,pnl_realized,pnl_unrealized,pnl_vol_1s,sharpe_1s,sharpe_ann_247,max_drawdown,pnl_1s_q05,pnl_1s_cvar05,pnl_1s_worst,inv_mean,inv_std,inv_abs_mean,inv_max_abs,inv_q05,inv_q95,inv_final,n_fills,n_maker_fills,n_taker_fills,filled_qty,n_quotes,n_cancels,n_rejects,fill_rate_orders,fill_ratio_qty,cancel_rate,quote_to_trade,quote_lifetime_mean_s,quote_lifetime_median_s,avg_edge_ticks,pnl_per_lot,killed,kill_time_s,sigma_hat_final,n_sigma_clamped,n_offset_clamped,market_trades,mid_max_dev_ticks,diverged,market_spread_mean,mean_abs_inv,mean_abs_obi,mean_abs_ret,mean_abs_adverse,mean_abs_latency,mean_abs_h0,n_kept_by_queue,n_adverse_measured,ack_latency_ms
noise,0.0,as_gamma0.01,4200000,6.084999999999567,6.084999999999567,0.0,15.47,-9.385000000000433,6.091250000000323,-0.0062500000007554846,0.09936987844512024,0.3499192020309211,1965.0385682092426,1.0149999999999864,-0.06650000000002193,-0.20611111111108946,-0.6099999999999852,-0.2501427755568247,4.264019271194792,3.342090234151913,15.0,-8.0,6.0,-1.0,339,339,0,1223.0,1228,1037,0,0.24429967426710097,0.199185667752443,0.8444625407166124,6.68141592920354,0.283768352365416,0.161900043,1.2649223221586263,0.004975470155355329,0.0,nan,1.5240458578542275,0.0,0.0,4806.0,19.5,0.0,1.364363221016562,,,,,,,,,
noise,0.0,as_gamma0.01,4200001,1.8949999999996265,1.8949999999996265,0.0,16.06,-14.165000000000372,1.9099999999996182,-0.014999999999991687,0.16610055909209662,0.06519286562163377,366.1030734382862,2.5550000000000637,-0.14100000000005933,-0.5083333333333431,-1.2000000000000597,0.7749857224443175,5.323640174056,3.9971444888635066,26.0,-7.0,8.0,1.0,367,367,0,1289.0,1279,1079,0,0.25254104769351055,0.20156372165754496,0.8436278342455042,6.425068119891008,0.27400412174628036,0.169148647,1.2459270752521334,0.001470131885182022,0.0,nan,2.611454463686184,0.0,0.0,4945.0,42.5,0.0,1.3557966876070817,,,,,,,,,
noise,0.0,as_gamma0.01,4200002,7.504999999999427,7.504999999999427,0.0,15.285,-7.780000000000573,7.520000000000378,-0.01500000000095092,0.08132408962518492,0.5273433060654873,2961.3977429397655,0.4600000000003206,-0.06299999999994269,-0.143333333333323,-0.2449999999999477,-0.013706453455168474,4.7928935022589485,3.6596230725299828,17.0,-7.0,8.0,3.0,356,356,0,1205.0,1185,998,0,0.2523206751054852,0.20337552742616033,0.8421940928270042,6.132022471910112,0.2943992041859679,0.193956049,1.2684647302904564,0.006228215767634379,0.0,nan,1.4497175917222003,0.0,0.0,4835.0,25.0,0.0,1.356,,,,,,,,,
noise,0.0,as_gamma0.01,4200003,4.459999999999525,4.459999999999525,0.0,12.22,-7.760000000000476,4.429999999999181,0.030000000000343974,0.09506603011644986,0.26808434363455785,1505.4791841015203,1.1850000000001728,-0.10450000000001863,-0.23833333333336448,-0.6550000000000438,-0.182181610508281,4.284492114829669,3.3175328383780696,19.0,-7.0,7.0,-2.0,277,277,0,972.0,1033,884,0,0.23523717328170377,0.188189738625363,0.8557599225556631,6.92057761732852,0.33908876604752664,0.2,1.257201646090535,0.004588477366254655,0.0,nan,1.474647676870816,0.0,0.0,4680.0,30.5,0.0,1.3291428571428572,,,,,,,,,
noise,0.0,as_gamma0.01,4200004,7.004999999999541,7.004999999999541,0.0,17.52,-10.515000000000459,7.0066666666668755,-0.0016666666673348374,0.09743771535900778,0.4108118840952309,2306.993133959248,0.560000000000116,-0.07099999999993256,-0.18944444444445846,-0.4550000000001546,-0.28383780696744715,4.315772185195181,3.1781838949171903,16.0,-8.0,6.0,-9.0,393,393,0,1347.0,1290,1086,0,0.26124031007751936,0.20883720930232558,0.8418604651162791,6.0458015267175576,0.2717391304347826,0.1508124845,1.3006681514476615,0.0052004454342981,0.0,nan,1.861578963329952,0.0,0.0,4990.0,25.0,0.0,1.408338092518561,,,,,,,,,
noise,0.0,as_gamma0.01,4200005,5.17999999999995,5.17999999999995,0.0,16.745,-11.565000000000051,5.159999999999816,0.02000000000013369,0.09089345790350375,0.3256560008028773,1828.7838959174526,0.7050000000000125,-0.10600000000009684,-0.1966666666666757,-0.3700000000000898,0.2781267846944603,3.843271041596477,2.812678469446031,16.0,-6.0,7.0,6.0,373,373,0,1296.0,1301,1112,0,0.24980784012298232,0.19923136049192927,0.8547271329746349,6.46916890080429,0.2694111081385681,0.161300701,1.2920524691358024,0.003996913580246875,0.0,nan,1.86268718683606,0.0,0.0,4925.0,40.5,0.0,1.386065105653912,,,,,,,,,
noise,0.0,as_gamma0.01,4200006,4.549999999999841,4.549999999999841,0.0,16.195,-11.64500000000016,4.527272727272552,0.022727272727288472,0.09523262504814814,0.2730156812001548,1533.1720584937086,0.7949999999999591,-0.08950000000000669,-0.22888888888883863,-0.6099999999998715,-0.2661336379211879,4.346104534940298,3.3489434608794975,15.0,-8.0,6.0,6.0,374,374,0,1292.0,1281,1094,0,0.2568306010928962,0.20171740827478532,0.8540202966432474,6.350267379679145,0.2734689253893667,0.170210062,1.2534829721362228,0.003521671826625264,0.0,nan,2.0268530555044153,0.0,0.0,4930.0,33.0,0.0,1.379073756432247,,,,,,,,,
noise,0.0,as_gamma0.01,4200007,4.5499999999995,4.5499999999995,0.0,15.93,-11.3800000000005,4.439999999999963,0.10999999999953669,0.1362732633309022,0.19079311204915728,1071.4354100868454,1.4899999999997817,-0.1395000000003392,-0.38611111111114205,-1.0600000000000591,0.00799543118218161,5.02272892577057,3.672187321530554,27.0,-9.0,7.0,-8.0,352,352,0,1256.0,1192,999,0,0.2575503355704698,0.21073825503355706,0.8380872483221476,6.224431818181818,0.29411764705882354,0.15014373,1.268312101910828,0.003622611464967755,0.0,nan,1.651483667700456,0.0,0.0,4750.0,17.5,0.0,1.3226727584237579,,,,,,,,,
noise,0.0,as_gamma0.01,4200008,4.214999999999691,4.214999999999691,0.0,14.41,-10.19500000000031,4.230000000000122,-0.015000000000431335,0.1000690484111759,0.24069094958059556,1351.6463120620117,1.1950000000001637,-0.13499999999999085,-0.2583333333333321,-0.3450000000000273,0.25471159337521415,5.315430090503771,3.8846373500856655,20.0,-7.0,11.0,-3.0,344,344,0,1143.0,1171,998,0,0.2502134927412468,0.19521776259607174,0.852263023057216,6.305232558139535,0.29916066974850297,0.1625524,1.2607174103237095,0.00368766404199448,0.0,nan,1.6928407885276084,0.0,0.0,4743.0,21.0,0.0,1.3375214163335236,,,,,,,,,
noise,0.0,as_gamma0.01,4200009,5.989999999999384,5.989999999999384,0.0,16.315,-10.325000000000617,5.969999999999705,0.01999999999967894,0.08745839264101207,0.3913697747575231,2197.812230270056,0.43000000000006366,-0.07500000000000569,-0.16055555555554848,-0.339999999999975,-0.29754426042261567,4.238194841122708,3.1553398058252426,18.0,-8.0,6.0,-2.0,343,343,0,1240.0,1159,960,0,0.26056945642795515,0.21397756686798963,0.8283002588438308,6.177842565597667,0.3023514982878133,0.185059897,1.3157258064516129,0.004830645161289826,0.0,nan,1.6341470757901457,0.0,0.0,4891.0,24.5,0.0,1.3586521987435751,,,,,,,,,
noise,0.0,as_gamma0.01,4200010,1.704999999998961,1.704999999998961,0.0,14.115,-12.41000000000104,1.6600000000002364,0.044999999998724505,0.15043258368179172,0.0647656039961406,363.70370361823365,2.0850000000002638,-0.09999999999998295,-0.3900000000000874,-1.5450000000005275,0.38720731010850945,4.368745325476514,3.310108509423187,22.0,-7.0,7.0,5.0,305,305,0,1115.0,1184,1017,0,0.23479729729729729,0.1883445945945946,0.8589527027027027,7.216393442622951,0.29603717040609134,0.1743596425,1.2659192825112107,0.0015291479820618483,0.0,nan,1.6175439305085757,0.0,0.0,4678.0,15.5,0.0,1.335237007424329,,,,,,,,,
noise,0.0,as_gamma0.01,4200011,9.159999999999627,9.159999999999627,0.0,19.615000000000002,-10.455000000000375,9.159999999999666,-3.907985046680551e-14,0.1127513648660049,0.46423258117593436,2606.9873311766073,0.8050000000000068,-0.0659999999999968,-0.20555555555555965,-0.4500000000001023,-0.1307824100513992,3.7566655649415943,2.6299257567104513,17.0,-6.0,6.0,0.0,436,436,0,1520.0,1376,1147,0,0.27834302325581395,0.22093023255813954,0.8335755813953488,5.786697247706422,0.2539844410967977,0.133342801,1.2904605263157896,0.006026315789473439,0.0,nan,2.1447856842350794,0.0,0.0,4988.0,47.0,0.0,1.4176201372997712,,,,,,,,,
noise,0.0,as_gamma0.01,4200012,3.3999999999998636,3.3999999999998636,0.0,15.65,-12.250000000000137,3.4300000000002884,-0.030000000000424798,0.12445843273089784,0.15610490187176643,876.6370953184605,1.1600000000001955,-0.17300000000007001,-0.3505555555555715,-0.57000000000005,0.2592804111936037,4.947946443832291,3.68703597944032,15.0,-8.0,10.0,-8.0,348,348,0,1202.0,1177,992,0,0.2548853016142736,0.2042480883602379,0.842820730671198,6.232758620689655,0.2977152745846809,0.143193272,1.3019966722129783,0.00282861896838591,0.0,nan,1.664644492680835,0.0,0.0,4737.0,38.5,0.0,1.3478012564249,,,,,,,,,
noise,0.0,as_gamma0.01,4200013,5.569999999999425,5.569999999999425,0.0,14.86,-9.290000000000575,5.569999999999651,-2.2648549702353193e-13,0.0915845459891417,0.3475321200188266,1951.6334501362148,0.75,-0.06449999999999817,-0.18833333333331678,-0.7099999999998943,0.2781267846944603,4.000539102438474,3.0045688178183894,16.0,-6.0,7.0,-4.0,347,347,0,1152.0,1190,1016,0,0.24789915966386555,0.19361344537815126,0.853781512605042,6.357348703170029,0.29435365360016835,0.1697140955,1.2899305555555556,0.004835069444443945,0.0,nan,1.9334581534157236,0.0,0.0,4824.0,20.0,0.0,1.3417142857142856,,,,,,,,,
noise,0.0,as_gamma0.01,4200014,3.0449999999995043,3.0449999999995043,0.0,14.98,-11.935000000000496,2.966249999999783,0.07874999999972143,0.2675999329931246,0.06502243780623151,365.1460032677515,3.8349999999998374,-0.0799999999999443,-0.5149999999999785,-3.2199999999999136,-0.5276984580239863,4.486441699524889,3.337521416333524,20.0,-8.0,6.5,-3.0,326,326,0,1137.0,1161,979,0,0.24031007751937986,0.1958656330749354,0.843238587424634,6.564417177914111,0.30195052359102675,0.160475857,1.3175021987686895,0.002678100263851807,0.0,nan,2.3364983573878173,0.0,0.0,4647.0,26.5,0.0,1.3540833809251855,,,,,,,,,
noise,0.0,as_gamma0.01,4200015,6.515000000000327,6.515000000000327,0.0,16.445,-9.929999999999673,6.530000000000213,-0.014999999999885993,0.08319520243210013,0.4474845945468724,2512.935791635627,0.5599999999998317,-0.06300000000008196,-0.139444444444455,-0.29999999999984084,0.010850942318675044,4.040966251059533,3.0902341519131924,14.0,-6.0,6.0,-3.0,358,358,0,1273.0,1265,1066,0,0.2482213438735178,0.20126482213438734,0.8426877470355731,6.511173184357542,0.2766821854711006,0.147288442,1.2918303220738414,0.005117831893166007,0.0,nan,1.5094258148606976,0.0,0.0,4929.0,40.5,0.0,1.38,,,,,,,,,
noise,0.0,as_gamma0.01,4200016,3.3099999999995475,3.3099999999995475,0.0,16.19,-12.880000000000454,3.2799999999997986,0.029999999999748894,0.13090300248319098,0.1444908470813103,811.4161372684794,2.0550000000001774,-0.11449999999999248,-0.30611111111112954,-1.2250000000001364,0.4328954882924043,3.633547071039686,2.689891490576813,13.0,-5.0,6.0,-2.0,364,364,0,1240.0,1204,1008,0,0.25664451827242524,0.2059800664451827,0.8372093023255814,6.076923076923077,0.2906744360549085,0.150060247,1.3056451612903226,0.0026693548387093126,0.0,nan,2.447632993748667,0.0,0.0,4863.0,67.5,0.0,1.364363221016562,,,,,,,,,
noise,0.0,as_gamma0.01,4200017,3.8800000000003365,3.8800000000003365,0.0,17.150000000000002,-13.269999999999666,3.879415584415728,0.000584415584608422,0.15535692788239314,0.14271284115642724,801.4314030880698,2.240000000000407,-0.11800000000000209,-0.45111111111113344,-1.070000000000391,-0.3672187321530554,5.331762006752093,4.055396916047973,22.0,-10.0,7.0,-9.0,385,385,0,1369.0,1277,1062,0,0.2615505090054816,0.2144087705559906,0.831636648394675,6.0753246753246755,0.2741543267827451,0.173414724,1.2527392257121988,0.0028341855368884854,0.0,nan,1.9468805871325692,0.0,0.0,4758.0,40.5,0.0,1.352974828375286,,,,,,,,,
noise,0.0,as_gamma0.01,4200018,6.899999999998499,6.899999999998499,0.0,17.185,-10.2850000000015,6.902589285714349,-0.0025892857158495985,0.13004183361260538,0.30319913471860577,1702.6730459824319,1.1599999999999682,-0.07600000000004455,-0.26833333333336085,-1.0150000000001285,-0.18789263278126786,5.097517526845983,3.903483723586522,19.0,-9.0,8.0,-8.0,355,355,0,1326.0,1259,1050,0,0.25178713264495634,0.21064336775218429,0.8339952343129468,6.504225352112676,0.27838923649482894,0.164482298,1.296003016591252,0.005203619909501131,0.0,nan,2.1150603695863377,0.0,0.0,4892.0,15.5,0.0,1.3746430611079383,,,,,,,,,
noise,0.0,as_gamma0.01,4200019,8.529999999999745,8.529999999999745,0.0,14.6,-6.070000000000254,8.708680555555551,-0.17868055555580575,0.08604574527043475,0.5664760876863913,3181.155403337011,0.37000000000000455,-0.06150000000000659,-0.09555555555551286,-0.14000000000007162,-0.402627070245574,4.602357546208169,3.5619645916619076,18.0,-8.0,8.0,-12.0,309,309,0,1072.0,1101,937,0,0.24613987284287012,0.1947320617620345,0.8510445049954587,6.5954692556634305,0.3184056334067334,0.188538296,1.3619402985074627,0.007957089552238568,0.0,nan,1.6878799572234577,0.0,0.0,4815.0,20.0,0.0,1.350085665334095,,,,,,,,,
noise,0.0,as_gamma0.01,4200020,5.119999999999493,5.119999999999493,0.0,16.225,-11.105000000000508,5.1500000000001265,-0.03000000000063352,0.10276223613613031,0.28470714493194454,1598.8277213394313,1.2099999999999227,-0.13100000000008546,-0.25944444444445164,-0.5000000000000568,0.08280982295830953,3.9604694712505517,2.9097658480868076,14.0,-7.0,6.0,-4.0,342,342,0,1218.0,1217,1025,0,0.2465078060805259,0.20016433853738702,0.8422350041084634,6.555555555555555,0.2880658436213992,0.14446626,1.3321018062397372,0.004203612479474132,0.0,nan,1.8753625470848938,0.0,0.0,4821.0,24.0,0.0,1.3575099942889777,,,,,,,,,
noise,0.0,as_gamma0.01,4200021,3.7700000000005502,3.7700000000005502,0.0,16.12,-12.34999999999945,3.7700000000002896,2.6068036618198676e-13,0.17783392466542045,0.12114031213893164,680.2867180088956,2.7950000000000728,-0.13149999999999834,-0.4416666666666739,-1.8899999999999864,-0.03997715591090805,3.988361251270688,3.0177041690462594,19.0,-7.0,6.0,0.0,347,347,0,1250.0,1285,1085,0,0.23268482490272374,0.19455252918287938,0.8443579766536965,6.829971181556196,0.2725691842681216,0.14805861,1.2896,0.00301600000000044,0.0,nan,2.2970714467592614,0.0,0.0,4665.0,24.5,0.0,1.379211878926328,,,,,,,,,
noise,0.0,as_gamma0.01,4200022,4.860000000000696,4.860000000000696,0.0,16.54,-11.679999999999303,4.859999999999615,1.0809131367750524e-12,0.11966982491452106,0.23206709453506258,1303.2173956928532,1.2000000000001592,-0.05299999999995179,-0.29055555555553286,-0.9399999999998414,-0.34837235865219873,4.218577719918893,3.0611079383209594,18.0,-7.5,6.0,0.0,371,371,0,1270.0,1253,1057,0,0.2569832402234637,0.20271348762968874,0.8435754189944135,6.226415094339623,0.27953637090327743,0.156295005,1.3023622047244094,0.003826771653543855,0.0,nan,1.69412474899268,0.0,0.0,4867.0,27.5,0.0,1.362649914334666,,,,,,,,,
noise,0.0,as_gamma0.01,4200023,-3.660000000000764,-3.660000000000764,0.0,14.33,-17.990000000000762,-3.697142857142755,0.03714285714199095,0.2522525385115971,-0.08291010999411037,-465.5976662249609,5.345000000000596,-0.15300000000001432,-0.7877777777777497,-2.6149999999997817,1.5608223872073101,3.821194345043731,2.874357509994289,17.0,-4.0,9.5,4.0,352,352,0,1256.0,1272,1091,0,0.24842767295597484,0.19748427672955976,0.8577044025157232,6.713068181818182,0.27552662767322833,0.1328548465,1.140923566878981,-0.0029140127388541113,0.0,nan,2.25082362001925,2.0,6.0,4676.0,54.0,0.0,1.3209594517418617,,,,,,,,,
noise,0.0,adaptive_off,4200000,0.7900000000036016,0.7900000000036016,0.0,14.085,-13.2949999999964,2.149869335144267,-1.3598693351406652,0.508168526407854,0.008883442164781269,49.886677755709016,5.209999999998217,-0.7600000000004912,-1.2700000000000324,-2.4299999999993815,3.8663620788121076,34.7337982126768,30.17704169046259,50.0,-50.0,50.0,-42.0,268,268,0,938.0,964,807,0,0.241701244813278,0.20176382017638203,0.8371369294605809,6.608208955223881,0.3366903793045738,0.2,1.501599147121535,0.0008422174840123684,0.0,nan,1.5931475239675965,0.0,0.0,4804.0,9.5,0.0,1.3889206167904056,0.0,0.0,0.0,0.0,0.0,1.0651749404753967,0.0,268.0,0.0
noise,0.0,adaptive_off,4200001,-3.8950000000022555,-3.8950000000022555,0.0,14.495000000000001,-18.390000000002257,-2.006797990293183,-1.8882020097090724,0.6643838794287386,-0.03350042580246415,-188.12808320092418,16.075000000001182,-0.9830000000007657,-1.8244444444446546,-4.420000000000982,30.081096516276414,16.240069395360575,31.171901770416905,50.0,-4.0,50.0,41.0,283,283,0,983.0,1023,854,0,0.2512218963831867,0.19782652445159993,0.8347996089931574,6.6325088339222615,0.3270307175543585,0.2,1.4745676500508647,-0.0039623601220775745,0.0,nan,1.994690306148648,0.0,0.0,4944.0,37.5,0.0,1.4111936036550543,0.0,0.0,0.0,0.0,0.0,1.0651749404753978,0.0,283.0,0.0
noise,0.0,adaptive_off,4200002,11.10499999999979,11.10499999999979,0.0,14.36,-3.2550000000002086,10.717777777778378,0.38722222222141234,0.19145440663347837,0.33144780510915295,1861.308886759042,2.0900000000006003,-0.15450000000012096,-0.40277777777780305,-1.0799999999999272,-4.348372358652199,12.063876556389431,10.579097658480869,33.0,-24.0,15.0,-9.0,282,282,0,1001.0,1017,860,0,0.2497541789577188,0.1968534906588004,0.8456243854473943,6.656028368794326,0.3431273483270936,0.2,1.4345654345654346,0.011093906093905885,0.0,nan,1.4561695873375862,0.0,0.0,4827.0,20.0,0.0,1.3731428571428572,0.0,0.0,0.0,0.0,0.0,1.0651749404753976,0.0,282.0,0.0
noise,0.0,adaptive_off,4200003,10.820000000000164,10.820000000000164,0.0,12.19,-1.3699999999998358,10.692060231765502,0.12793976823466124,0.4331309088907563,0.14274800103025362,801.6288501207597,4.949999999999591,-0.3529999999999745,-1.0594444444447315,-2.605000000000473,-22.135351227869787,13.899840003331521,22.13992004568818,50.0,-43.0,-4.0,-14.0,234,234,0,828.0,926,801,0,0.23110151187904968,0.1814595660749507,0.8650107991360692,7.380341880341881,0.37796202893939396,0.2,1.4722222222222223,0.013067632850241744,0.0,nan,1.3853868606785584,0.0,0.0,4689.0,25.5,0.0,1.348,0.0,0.0,0.0,0.0,0.0,1.0651749404753934,0.0,234.0,0.0
noise,0.0,adaptive_off,4200004,0.7450000000008004,0.7450000000008004,0.0,16.29,-15.544999999999199,0.9043196317620634,-0.15931963176126307,0.4758930107025107,0.008945588107846045,50.235670249608305,8.605000000001155,-0.6675000000002,-1.3327777777777152,-3.0,-21.345516847515704,15.12781943282849,22.61336379211879,50.0,-45.0,4.0,-19.0,311,311,0,1089.0,1073,905,0,0.2534948741845294,0.20431519699812384,0.8434296365330848,6.360128617363344,0.3195309449953314,0.2,1.4958677685950412,0.0006841138659327827,0.0,nan,1.7338760474802324,0.0,0.0,4989.0,30.0,0.0,1.459166190748144,0.0,0.0,0.0,0.0,0.0,1.0651749404754003,0.0,311.0,0.0
noise,0.0,adaptive_off,4200005,-0.2449999999929986,-0.2449999999929986,0.0,16.245,-16.489999999993,-0.24625000000654668,0.0012500000135480804,0.544193128328133,-0.002572616093593581,-14.447020385753131,12.249999999995907,-0.9739999999998871,-1.4827777777776545,-3.0,27.81781838949172,16.99680629903127,28.661907481439176,50.0,-3.0,50.0,-1.0,302,302,0,1043.0,1108,950,0,0.2490974729241877,0.19300518134715025,0.8574007220216606,6.814569536423841,0.30783731564918626,0.2,1.5575263662511984,-0.00023489932885234764,0.0,nan,1.7249307651412922,0.0,0.0,4931.0,31.5,0.0,1.4231867504283267,0.0,0.0,0.0,0.0,0.0,1.0651749404753994,0.0,302.0,0.0
noise,0.0,adaptive_off,4200006,-0.5899999999994634,-0.5899999999994634,0.0,14.795,-15.384999999999463,-0.2892645338894776,-0.3007354661099858,0.6636779740219954,-0.005079916319949727,-28.52724695884132,14.679999999998927,-0.9160000000000763,-2.037777777777592,-3.7349999999996726,-28.013706453455168,18.542150587192552,29.82181610508281,50.0,-50.0,7.0,-16.0,281,281,0,978.0,1026,870,0,0.24561403508771928,0.19470435994425642,0.847953216374269,6.747330960854092,0.3210670792529297,0.2,1.5127811860940694,-0.0006032719836395332,0.0,nan,1.8165447089046485,0.0,0.0,4922.0,29.5,0.0,1.411663807890223,0.0,0.0,0.0,0.0,0.0,1.0651749404753976,0.0,280.0,0.0
noise,0.0,adaptive_off,4200007,12.02000000000146,12.02000000000146,0.0,14.950000000000001,-2.9299999999985413,11.93000000000076,0.09000000000069974,0.29356114828645735,0.23397413004632006,1313.9267203278425,2.230000000000018,-0.40949999999974124,-0.6205555555556733,-0.8850000000002183,-14.255282695602514,16.58263988443558,16.732724157624215,50.0,-43.0,8.0,-7.0,294,294,0,995.0,991,844,0,0.26437941473259335,0.20178462786453052,0.851664984863774,6.241496598639456,0.352515285429727,0.2,1.5025125628140703,0.012080402010051719,0.0,nan,1.6283692224054849,0.0,0.0,4764.0,18.5,0.0,1.3820673900628213,0.0,0.0,0.0,0.0,0.0,1.0651749404753987,0.0,293.0,0.0
noise,0.0,adaptive_off,4200008,9.920000000002346,9.920000000002346,0.0,14.705,-4.784999999997654,9.673651106728322,0.24634889327402476,0.5220856588143366,0.10857550543422645,609.7266297555565,6.414999999999964,-0.5279999999992924,-1.0550000000002153,-3.274999999999636,-19.913763563677897,20.90603352500854,24.125071387778412,50.0,-50.0,19.0,22.0,283,283,0,970.0,951,792,0,0.26919032597266035,0.2087368194534108,0.832807570977918,6.159010600706714,0.35594138315489987,0.2,1.515979381443299,0.010226804123713759,0.0,nan,1.5495971782592424,0.0,0.0,4746.0,23.0,0.0,1.3689320388349515,0.0,0.0,0.0,0.0,0.0,1.0651749404753978,0.0,282.0,0.0
noise,0.0,adaptive_off,4200009,5.1799999999993815,5.1799999999993815,0.0,15.135,-9.955000000000618,4.87410651238928,0.3058934876101018,0.3978131456482698,0.07440679204243185,417.84564908553637,3.2800000000002,-0.5735000000005583,-0.7405555555556274,-0.8349999999995816,24.92575671045117,12.192074748685396,25.244431753283838,49.0,0.0,44.0,22.0,275,275,0,994.0,1014,851,0,0.2445759368836292,0.19706582077716098,0.8392504930966469,6.781818181818182,0.3430046279832015,0.2,1.522635814889336,0.00521126760563318,0.0,nan,1.533338300130679,0.0,0.0,4878.0,24.5,0.0,1.3889206167904056,0.0,0.0,0.0,0.0,0.0,1.0651749404753972,0.0,274.0,0.0
noise,0.0,adaptive_off,4200010,10.945000000000164,10.945000000000164,0.0,13.93,-2.984999999999836,10.745425045996651,0.19957495400351277,0.3822076933473223,0.16363578816301774,918.9282354708647,2.0650000000005093,-0.33899999999998726,-0.6566666666666757,-1.650000000000091,-1.3557966876070817,21.429993587605946,17.5214163335237,50.0,-33.0,41.0,35.0,245,245,0,909.0,1000,853,0,0.224,0.1818363672734547,0.853,7.563265306122449,0.3455362904238477,0.2,1.5324532453245325,0.012040704070407221,0.0,nan,1.7656795832623222,0.0,0.0,4671.0,19.5,0.0,1.3729297544260424,0.0,0.0,0.0,0.0,0.0,1.0651749404753945,0.0,243.0,0.0
noise,0.0,adaptive_off,4200011,20.579999999999472,20.579999999999472,0.0,19.88,0.6999999999994735,19.769924422762585,0.8100755772368871,0.332087545582541,0.35412348811126154,1988.6485451745084,2.740000000000691,-0.3830000000000382,-0.6633333333333932,-1.3800000000001091,-10.592233009708737,16.236945806397603,14.928041119360365,50.0,-43.0,14.0,-17.0,391,391,0,1311.0,1213,1013,0,0.2802967848309975,0.21719681908548708,0.8351195383347073,5.69309462915601,0.28774129630966144,0.155626869,1.5163996948893974,0.01569794050343209,0.0,nan,2.1003408731732196,0.0,0.0,4983.0,40.5,0.0,1.455949656750572,0.0,0.0,0.0,0.0,0.0,1.065174940475406,0.0,390.0,0.0
noise,0.0,adaptive_off,4200012,9.550000000002854,9.550000000002854,0.0,14.905000000000001,-5.354999999997148,9.47855211038943,0.07144788961342385,0.4383484735190344,0.12449325563597571,699.1158169851094,7.5450000000005275,-0.6770000000002255,-1.1566666666667769,-1.9549999999999272,19.70416904625928,20.67991573140201,24.280982295830952,50.0,-13.0,50.0,1.0,284,284,0,985.0,947,794,0,0.2703273495248152,0.20961906788678442,0.8384371700105596,6.130281690140845,0.3558434778042328,0.191872812,1.5131979695431472,0.009695431472084116,0.0,nan,1.5226529179075134,0.0,0.0,4753.0,28.5,0.0,1.3811428571428572,0.0,0.0,0.0,0.0,0.0,1.0651749404753976,0.0,284.0,0.0
noise,0.0,adaptive_off,4200013,11.220000000003438,11.220000000003438,0.0,15.22,-3.9999999999965627,10.780021602537124,0.43997839746631406,0.31040701602789994,0.206549086856151,1159.9161164778593,2.5599999999999454,-0.4059999999999263,-0.7033333333333,-1.8350000000000364,11.561393489434609,17.658010644463335,16.470588235294116,50.0,-15.0,43.0,8.0,296,296,0,1028.0,1025,869,0,0.2526829268292683,0.20168726701981557,0.8478048780487805,6.398648648648648,0.34070224686608014,0.195048639,1.4805447470817121,0.010914396887162878,0.0,nan,1.785743869497189,0.0,0.0,4822.0,14.5,0.0,1.364,0.0,0.0,0.0,0.0,0.0,1.0651749404753987,0.0,296.0,0.0
noise,0.0,adaptive_off,4200014,11.819999999999709,11.819999999999709,0.0,14.785,-2.965000000000291,11.062310048997134,0.7576899510025754,0.27661899009548674,0.24417288603193946,1371.1997957783462,1.955000000000382,-0.32150000000006,-0.5916666666666717,-1.2999999999997272,6.786407766990291,20.454265912180738,18.16619074814392,47.0,-24.5,40.0,22.0,278,278,0,998.0,993,836,0,0.2537764350453172,0.201250252066949,0.8418932527693856,6.579136690647482,0.3524520512270434,0.2,1.4814629258517034,0.011843687374749208,0.0,nan,1.4608505130372391,0.0,0.0,4662.0,9.0,0.0,1.3805714285714286,0.0,0.0,0.0,0.0,0.0,1.0651749404753974,0.0,276.0,0.0
noise,0.0,adaptive_off,4200015,2.1749999999988177,2.1749999999988177,0.0,15.585,-13.410000000001183,2.000878967547815,0.17412103245100274,0.4577810226475606,0.027149599510885056,152.46379690134748,6.620000000002165,-0.5834999999999126,-1.1838888888891637,-2.9549999999999272,-28.56082238720731,13.09852120678313,28.63849229011993,50.0,-47.0,-5.5,-37.0,288,288,0,1023.0,1071,905,0,0.23996265172735762,0.1934568835098336,0.8450046685340803,6.861111111111111,0.3225084023797942,0.2,1.5234604105571847,0.0021260997067437124,0.0,nan,1.5296029928154746,0.0,0.0,4907.0,34.0,0.0,1.4337142857142857,0.0,0.0,0.0,0.0,0.0,1.0651749404753983,0.0,288.0,0.0
noise,0.0,adaptive_off,4200016,-9.379999999993743,-9.379999999993743,0.0,15.51,-24.88999999999374,-6.108504137365739,-3.2714958626280035,0.866961041959659,-0.061825154079366736,-347.1910416642385,13.319999999999027,-0.8965000000001965,-2.0249999999998636,-9.6299999999992,33.18846373500857,14.246379943709943,33.23415191319246,50.0,2.0,50.0,48.0,296,296,0,1000.0,994,832,0,0.2665995975855131,0.20738282870178348,0.8370221327967807,6.168918918918919,0.3396823631764113,0.2,1.551,-0.009379999999993742,0.0,nan,2.0534053245249217,0.0,0.0,4903.0,49.5,0.0,1.4249000571102228,0.0,0.0,0.0,0.0,0.0,1.0651749404753992,0.0,296.0,0.0
noise,0.0,adaptive_off,4200017,8.090000000001055,8.090000000001055,0.0,15.8,-7.709999999998946,10.582961591139993,-2.492961591138938,0.36556884391147865,0.12645654080896335,710.141022412313,5.339999999998099,-0.5765000000001465,-0.8977777777778707,-1.6700000000000728,-17.39577384351799,17.155164637636055,20.388349514563107,50.0,-46.5,10.0,-50.0,306,306,0,1052.0,1038,876,0,0.26396917148362237,0.20356037151702785,0.8439306358381503,6.254901960784314,0.32927132158534234,0.19771122,1.5019011406844107,0.007690114068442068,0.0,nan,1.9385395755317958,0.0,0.0,4784.0,26.5,0.0,1.4033180778032037,0.0,0.0,0.0,0.0,0.0,1.0651749404753992,0.0,306.0,0.0
noise,0.0,adaptive_off,4200018,9.500000000005457,9.500000000005457,0.0,17.51,-8.009999999994545,10.133891487574713,-0.6338914875692563,0.34171336138127145,0.15886330597759513,892.1274440138178,4.039999999999509,-0.4674999999999726,-0.781666666666701,-1.3800000000001091,16.993146773272414,15.064754910921872,19.058252427184467,50.0,-9.0,45.0,34.0,322,322,0,1144.0,1082,902,0,0.2634011090573013,0.21263940520446098,0.833641404805915,6.161490683229814,0.3207434985879629,0.1830812415,1.5305944055944056,0.008304195804200575,0.0,nan,2.1382026014435485,0.0,0.0,4915.0,18.5,0.0,1.4151913192461452,0.0,0.0,0.0,0.0,0.0,1.065174940475401,0.0,315.0,0.0
noise,0.0,adaptive_off,4200019,13.175000000002001,13.175000000002001,0.0,12.865,0.3100000000020007,13.88818358749797,-0.7131835874959691,0.3004827123594964,0.2505492369080261,1407.007420290584,1.889999999999418,-0.2759999999997944,-0.6955555555556051,-1.449999999999818,4.197030268418047,19.030454785468084,16.340948029697316,49.0,-30.0,30.0,-49.0,260,260,0,857.0,963,837,0,0.23779854620976115,0.1784301478242765,0.8691588785046729,6.923076923076923,0.3637125818043705,0.2,1.5011668611435238,0.01537339556592999,0.0,nan,1.5938626844951833,0.0,0.0,4810.0,20.0,0.0,1.3729297544260424,0.0,0.0,0.0,0.0,0.0,1.0651749404753958,0.0,259.0,0.0
noise,0.0,adaptive_off,4200020,14.73999999999728,14.73999999999728,0.0,15.88,-1.1400000000027202,15.299721081707318,-0.5597210817100375,0.4053107992720839,0.20781230497639294,1167.0099607479913,3.9650000000006003,-0.49150000000045113,-0.7733333333333121,-1.1299999999991996,-23.387207310108508,12.478913646809893,23.459166190748142,50.0,-48.0,-1.0,-20.0,295,295,0,1006.0,1037,882,0,0.2459016393442623,0.19541569541569542,0.8505303760848602,6.505084745762712,0.3318238522956522,0.187070887,1.5785288270377733,0.014652087475146403,0.0,nan,1.714931999045345,0.0,0.0,4820.0,17.0,0.0,1.393489434608795,0.0,0.0,0.0,0.0,0.0,1.065174940475399,0.0,295.0,0.0
noise,0.0,adaptive_off,4200021,-2.969999999997526,-2.969999999997526,0.0,15.785,-18.754999999997526,3.8816535391009204,-6.8516535390984465,0.6438298878324176,-0.026360112961751673,-148.03028336700754,11.030000000000655,-0.8195000000001071,-1.9516666666665716,-4.375,-12.23015419760137,31.71255327669866,29.742432895488292,50.0,-50.0,47.0,-50.0,282,282,0,1006.0,1039,877,0,0.24446583253128007,0.1971003134796238,0.8440808469682387,6.794326241134752,0.3172045878930636,0.19714778,1.5690854870775348,-0.002952286282303704,0.0,nan,2.531620667791944,0.0,0.0,4701.0,23.0,0.0,1.4277555682467162,0.0,0.0,0.0,0.0,0.0,1.0651749404753978,0.0,282.0,0.0
noise,0.0,adaptive_off,4200022,9.730000000003884,9.730000000003884,0.0,15.565,-5.834999999996116,9.802438427211328,-0.07243842720744453,0.3633624263370157,0.1530152706225427,859.2866769046329,4.1599999999998545,-0.3594999999995479,-0.8361111111108939,-2.4649999999996908,6.145631067961165,20.505154790298754,17.19531696173615,50.0,-25.0,46.5,8.0,289,289,0,1026.0,1049,884,0,0.2440419447092469,0.19753561802079322,0.8427073403241182,6.688581314878893,0.33191713602674305,0.183580128,1.517056530214425,0.009483430799224058,0.0,nan,1.5771226422428608,0.0,0.0,4851.0,14.5,0.0,1.3820673900628213,0.0,0.0,0.0,0.0,0.0,1.0651749404753985,0.0,289.0,0.0
noise,0.0,adaptive_off,4200023,13.025000000002137,13.025000000002137,0.0,13.975,-0.9499999999978623,12.809966334279014,0.21503366572312288,0.9749588640221934,0.07634021718775756,428.7031697853431,8.554999999997108,-0.6789999999999736,-1.164444444444497,-2.5,26.335808109651627,17.543460675363697,27.03483723586522,50.0,-4.0,50.0,15.0,265,265,0,945.0,922,772,0,0.27006507592190887,0.20934869295525033,0.8373101952277657,6.392452830188679,0.35795777883152174,0.180825779,1.4788359788359788,0.013783068783071045,0.0,nan,1.6621513102395211,0.0,0.0,4691.0,36.5,0.0,1.3723586521987436,0.0,0.0,0.0,0.0,0.0,1.0651749404753963,0.0,265.0,0.0
noise,0.0,adaptive_inventory,4200000,5.884999999999707,5.884999999999707,0.0,15.74,-9.855000000000294,5.84000000000012,0.044999999999586926,0.08553653709954058,0.39314861892802033,2207.801671779906,0.7550000000000949,-0.05750000000004715,-0.18444444444443142,-0.5249999999999773,0.0005711022272986865,3.570854113897685,2.8092518560822386,13.0,-5.0,5.0,3.0,345,345,0,1237.0,1179,1005,0,0.2553011026293469,0.20994568906992533,0.8524173027989822,6.3304347826086955,0.2965165675446049,0.167096073,1.2724333063864188,0.004757477768795236,0.0,nan,1.5114067648505782,0.0,0.0,4785.0,20.5,0.0,1.3535122786978868,0.2908874045801558,0.0,0.0,0.0,0.0,1.0651749404754032,0.0,345.0,0.0
noise,0.0,adaptive_inventory,4200001,1.2549999999995407,1.2549999999995407,0.0,17.48,-16.22500000000046,1.2699999999998366,-0.015000000000295888,0.22194185913018374,0.032312194732132184,181.4553431295161,2.9900000000002365,-0.15450000000000727,-0.5838888888889294,-2.5450000000002433,0.8280982295830954,3.9136348489697577,3.2015990862364365,16.0,-5.0,7.0,3.0,411,411,0,1435.0,1205,996,0,0.2921161825726141,0.23841169629506562,0.8265560165975103,5.355231143552311,0.29044649997090605,0.170771949,1.2181184668989546,0.0008745644599299935,0.0,nan,3.8233044358936596,0.0,0.0,4945.0,57.0,0.0,1.336,0.33634677793231504,0.0,0.0,0.0,0.0,1.0651749404754078,0.0,409.0,0.0
noise,0.0,adaptive_inventory,4200002,7.364999999999327,7.364999999999327,0.0,16.355,-8.990000000000673,7.380000000000132,-0.015000000000805258,0.08595687619300442,0.4896142827621227,2749.523157316353,0.599999999999909,-0.04500000000003297,-0.1538888888889005,-0.43999999999988404,0.34037692747001713,3.4070118974305776,2.668189605939463,14.0,-5.0,5.0,3.0,368,368,0,1319.0,1185,995,0,0.2616033755274262,0.22325660121868654,0.8396624472573839,5.923913043478261,0.29366018596787824,0.179973904,1.2399545109931767,0.005583775587565828,0.0,nan,1.768616271267792,0.0,0.0,4818.0,25.0,0.0,1.3363792118789264,0.27791411042945025,0.0,0.0,0.0,0.0,1.065174940475405,0.0,368.0,0.0
noise,0.0,adaptive_inventory,4200003,3.424999999999727,3.424999999999727,0.0,13.27,-9.845000000000272,3.380000000000036,0.04499999999969129,0.14340768301176196,0.1364740588537492,766.3963213541434,2.520000000000209,-0.05000000000001137,-0.3540000000000362,-1.4300000000002626,0.13135351227869788,3.6100460036663016,2.793832095945174,16.0,-5.0,5.0,-3.0,319,319,0,1111.0,1029,873,0,0.2662779397473275,0.2160217771728563,0.8483965014577259,5.962382445141066,0.34060420427945476,0.2,1.1944194419441945,0.0030828082808278374,0.0,nan,1.4571422328889267,0.0,0.0,4661.0,29.5,0.0,1.3074285714285714,0.29105415860735245,0.0,0.0,0.0,0.0,1.065174940475401,0.0,319.0,0.0
noise,0.0,adaptive_inventory,4200004,6.135000000000673,6.135000000000673,0.0,17.35,-11.214999999999328,6.13555555555569,-0.0005555555550174063,0.0905189199938183,0.38729077699491793,2174.905833945884,0.7599999999998772,-0.05499999999992724,-0.18777777777775226,-0.4300000000000779,-0.7938320959451742,3.3265604185892053,2.627070245573958,11.0,-5.0,5.0,-3.0,398,398,0,1383.0,1260,1057,0,0.26825396825396824,0.2198029243483789,0.8388888888888889,5.821608040201005,0.27671472680127185,0.149691998,1.2545191612436732,0.0044360086767900745,0.0,nan,1.6518415276272305,0.0,0.0,4962.0,24.0,0.0,1.3820673900628213,0.2730107026523977,0.0,0.0,0.0,0.0,1.0651749404754074,0.0,398.0,0.0
noise,0.0,adaptive_inventory,4200005,6.364999999998943,6.364999999998943,0.0,18.345,-11.980000000001056,6.349999999999568,0.01499999999937529,0.10188512962525441,0.3569846620915237,2004.7160178623178,0.965000000000245,-0.07650000000003558,-0.20555555555560703,-0.8050000000002342,0.211307824100514,3.692168081605014,2.950314106225014,14.0,-5.0,5.0,-1.0,404,404,0,1435.0,1297,1099,0,0.2744795682343871,0.22162162162162163,0.8473400154202004,5.930693069306931,0.2697636807027027,0.157288225,1.278397212543554,0.004435540069685675,0.0,nan,1.729124636625206,0.0,0.0,4910.0,36.5,0.0,1.3735008566533409,0.3053878309335809,0.0,0.0,0.0,0.0,1.0651749404754076,0.0,402.0,0.0
noise,0.0,adaptive_inventory,4200006,4.210000000001088,4.210000000001088,0.0,16.65,-12.43999999999891,4.200000000001615,0.009999999999473097,0.089280953567659,0.2694543673183112,1513.1728155521816,0.7999999999999545,-0.09650000000004297,-0.24722222222221368,-0.4599999999999369,-0.34780125642490006,3.427572300620056,2.748715019988578,14.0,-6.0,5.0,2.0,371,371,0,1362.0,1217,1013,0,0.26047658175842237,0.22346185397867105,0.8323746918652424,6.010781671159029,0.2874299171102881,0.158729975,1.222466960352423,0.0030910425844354536,0.0,nan,2.3229798835851883,0.0,0.0,4914.0,31.0,0.0,1.3664951400800458,0.28597733711048356,0.0,0.0,0.0,0.0,1.065174940475405,0.0,369.0,0.0
noise,0.0,adaptive_inventory,4200007,4.409999999999741,4.409999999999741,0.0,16.19,-11.78000000000026,4.280000000000198,0.12999999999954248,0.09994159213801693,0.2521472738316789,1415.9815039366786,0.69500000000005,-0.0965000000000657,-0.25555555555556947,-0.5649999999999409,0.026841804683038265,3.910604309100178,3.138206739006282,13.0,-6.0,5.0,-9.0,355,355,0,1293.0,1159,967,0,0.2657463330457291,0.22335463810675418,0.8343399482312338,5.988732394366197,0.3022124274330164,0.153137585,1.2521268368136118,0.003410672853828106,0.0,nan,1.9814120769326862,0.0,0.0,4744.0,18.0,0.0,1.3300970873786409,0.32157794676806356,0.0,0.0,0.0,0.0,1.0651749404754038,0.0,353.0,0.0
noise,0.0,adaptive_inventory,4200008,5.290000000000305,5.290000000000305,0.0,16.135,-10.844999999999697,5.309999999999978,-0.019999999999673612,0.10575510794824114,0.2858355687497165,1605.164602283198,0.9800000000001319,-0.07699999999996687,-0.27000000000001023,-0.6499999999999204,0.2952598515134209,3.715799740033633,3.0388349514563107,14.0,-5.0,6.0,-4.0,372,372,0,1286.0,1156,976,0,0.2759515570934256,0.2227225493591964,0.8442906574394463,5.731182795698925,0.30268192833448876,0.1643266325,1.2546656298600312,0.004113530326594327,0.0,nan,1.6487922680450295,0.0,0.0,4703.0,26.0,0.0,1.3323814962878355,0.3114568599717133,0.0,0.0,0.0,0.0,1.0651749404754052,0.0,372.0,0.0
noise,0.0,adaptive_inventory,4200009,5.7800000000007685,5.7800000000007685,0.0,15.860000000000001,-10.079999999999233,5.759999999999942,0.020000000000826468,0.07224220345885983,0.45719219302861913,2567.4506776739076,0.3300000000000409,-0.061500000000063434,-0.12833333333330663,-0.1849999999999028,0.2552826956025129,3.578992631358746,2.7167332952598513,13.0,-5.0,6.0,-2.0,347,347,0,1280.0,1173,984,0,0.26001705029838024,0.21839276573963487,0.8388746803069054,6.216138328530259,0.29865130958070024,0.166105979,1.2390625,0.004515625000000601,0.0,nan,1.585451859272495,0.0,0.0,4849.0,25.5,0.0,1.3455168475157053,0.2865045302813567,0.0,0.0,0.0,0.0,1.0651749404754032,0.0,346.0,0.0
noise,0.0,adaptive_inventory,4200010,2.410000000000082,2.410000000000082,0.0,14.725,-12.314999999999918,2.3499999999999464,0.0600000000001355,0.16168492947817087,0.08517447245006421,478.3136290316008,2.299999999999727,-0.11050000000001314,-0.44166666666668974,-1.6000000000000227,0.20845231296402056,3.9122962817668534,3.2318675042832665,19.0,-5.0,5.0,4.0,319,319,0,1192.0,1115,939,0,0.25829596412556055,0.2135052838975461,0.842152466367713,6.438871473354232,0.31413286459838274,0.17837247,1.2353187919463087,0.0020218120805369816,0.0,nan,2.0022538564511807,0.0,0.0,4685.0,13.5,0.0,1.331239291833238,0.33325277912034745,0.0,0.0,0.0,0.0,1.065174940475401,0.0,317.0,0.0
noise,0.0,adaptive_inventory,4200011,8.059999999999619,8.059999999999619,0.0,21.015,-12.955000000000382,8.059999999999732,-1.1368683772161603e-13,0.09373873659762263,0.49133522094332094,2759.187416608015,0.6350000000000477,-0.054999999999958506,-0.17166666666670002,-0.4750000000002501,0.30611079383209594,3.5542563519002695,2.8498001142204457,15.0,-5.0,6.0,1.0,464,464,0,1637.0,1336,1104,0,0.29416167664670656,0.2452434456928839,0.8263473053892215,5.258620689655173,0.2612370040269865,0.1375104325,1.2837507635919365,0.004923640806352852,0.0,nan,2.044512210032685,0.0,0.0,4980.0,40.5,0.0,1.3915283342873497,0.29650635208711656,0.0,0.0,0.0,0.0,1.0651749404754114,0.0,462.0,0.0
noise,0.0,adaptive_inventory,4200012,4.349999999999824,4.349999999999824,0.0,16.285,-11.935000000000176,4.357500000000126,-0.007500000000302265,0.0985096246121029,0.2523321244499789,1417.0195681303799,0.735000000000241,-0.08399999999999747,-0.26611111111111857,-0.6000000000002501,-0.05311250713877784,3.705465466231867,2.7532838378069675,16.0,-5.0,6.0,-2.0,358,358,0,1284.0,1161,982,0,0.2695951765719208,0.22107438016528927,0.8458225667527993,5.9860335195530725,0.3015235684598792,0.145094901,1.2683021806853583,0.0033878504672895824,0.0,nan,1.8117750013085723,0.0,0.0,4729.0,35.5,0.0,1.3382857142857143,0.28834997622444114,0.0,0.0,0.0,0.0,1.0651749404754036,0.0,358.0,0.0
noise,0.0,adaptive_inventory,4200013,4.640000000000441,4.640000000000441,0.0,15.925,-11.28499999999956,4.660000000000032,-0.01999999999959101,0.0913602102292724,0.2902169954266686,1629.7693463327428,0.7450000000000045,-0.07950000000004132,-0.23499999999999785,-0.6200000000000045,0.23929183323814962,3.444819708245237,2.650485436893204,13.0,-5.0,5.0,-4.0,349,349,0,1278.0,1157,969,0,0.2636127917026793,0.2209161624891962,0.8375108038029386,6.091690544412607,0.302108545787013,0.1727025,1.2460876369327074,0.0036306729264479194,0.0,nan,1.9545600720964116,0.0,0.0,4799.0,17.5,0.0,1.3142857142857143,0.27962786259542416,0.0,0.0,0.0,0.0,1.0651749404754032,0.0,349.0,0.0
noise,0.0,adaptive_inventory,4200014,3.2449999999997203,3.2449999999997203,0.0,14.76,-11.51500000000028,3.2200000000000117,0.02499999999970859,0.212817760101879,0.08713021476205185,489.2964760723723,3.185000000000116,-0.05000000000001137,-0.33590909090909415,-2.6350000000001046,-0.2193032552826956,3.9247481376536344,3.1159337521416335,20.0,-5.0,6.0,5.0,331,331,0,1193.0,1110,933,0,0.25495495495495496,0.21507120966288085,0.8405405405405405,6.172205438066465,0.3153231526173285,0.187640272,1.237217099748533,0.002720033528918458,0.0,nan,2.042695280296245,0.0,0.0,4636.0,26.5,0.0,1.32,0.3255534167468718,0.0,0.0,0.0,0.0,1.0651749404754016,0.0,329.0,0.0
noise,0.0,adaptive_inventory,4200015,5.719999999999885,5.719999999999885,0.0,16.335,-10.615000000000116,5.729999999999978,-0.010000000000093046,0.08352808441894949,0.3913140653600148,2197.499383435472,0.5300000000000864,-0.06649999999997078,-0.14500000000000077,-0.27499999999997726,-0.7418617932609937,3.481969673925856,2.850371216447744,13.0,-5.0,5.0,-2.0,358,358,0,1324.0,1236,1045,0,0.24919093851132687,0.21378976263523333,0.8454692556634305,6.371508379888268,0.2833465155996759,0.1473617035,1.233761329305136,0.004320241691842814,0.0,nan,1.6438860271174873,0.0,0.0,4894.0,44.0,0.0,1.3554285714285714,0.2962031324157565,0.0,0.0,0.0,0.0,1.065174940475404,0.0,357.0,0.0
noise,0.0,adaptive_inventory,4200016,4.555000000000007,4.555000000000007,0.0,17.615000000000002,-13.059999999999995,4.529999999999541,0.02500000000046576,0.10575440147745953,0.2461228191444986,1382.1500201426222,1.2550000000001091,-0.09499999999998324,-0.23444444444444912,-0.9400000000000546,-0.1724728726442033,3.5685274117382786,2.817818389491719,12.0,-5.0,5.0,-5.0,395,395,0,1389.0,1165,958,0,0.28412017167381975,0.23861879402164576,0.8223175965665236,5.374683544303798,0.3007065469019776,0.154169526,1.2681785457163426,0.003279337652987766,0.0,nan,2.1030846267557686,0.0,0.0,4874.0,65.5,0.0,1.3523700742432896,0.29515377446412017,0.0,0.0,0.0,0.0,1.0651749404754072,0.0,393.0,0.0
noise,0.0,adaptive_inventory,4200017,3.680000000000973,3.680000000000973,0.0,18.06,-14.379999999999026,3.680000000000161,8.122391648157645e-13,0.14118270662600943,0.14894580172826205,836.4337917729315,2.144999999999527,-0.08799999999997112,-0.3883333333333386,-1.2649999999998727,-0.36150770988006853,4.238746354355889,3.2684180468303827,16.0,-7.0,6.0,0.0,416,416,0,1478.0,1228,1021,0,0.2915309446254072,0.24154273574113416,0.8314332247557004,5.40625,0.28441227869820557,0.1526249555,1.2219215155615697,0.0024898511502036355,0.0,nan,1.8957103828726551,0.0,0.0,4774.0,26.5,0.0,1.3371493989696623,0.3351576994434149,0.0,0.0,0.0,0.0,1.0651749404754078,0.0,416.0,0.0
noise,0.0,adaptive_inventory,4200018,6.900000000000887,6.900000000000887,0.0,18.36,-11.459999999999113,6.940000000000486,-0.03999999999959947,0.08982879172437123,0.43893022127647324,2464.8970635360265,0.5749999999999318,-0.07299999999995065,-0.1544444444444524,-0.46500000000003183,0.2724157624214734,3.584905349215722,2.8766419189034838,12.0,-5.0,5.0,-6.0,392,392,0,1462.0,1266,1046,0,0.27330173775671407,0.23103666245259166,0.8262243285939969,5.8979591836734695,0.27684752395094936,0.14145812600000002,1.255813953488372,0.004719562243502658,0.0,nan,2.070075852939137,0.0,0.0,4902.0,16.0,0.0,1.350085665334095,0.2957943925233665,0.0,0.0,0.0,0.0,1.0651749404754065,0.0,385.0,0.0
noise,0.0,adaptive_inventory,4200019,4.914999999999509,4.914999999999509,0.0,13.625,-8.710000000000491,4.910000000000338,0.004999999999171223,0.06867521906979822,0.40896432026181817,2296.6177839675556,0.37000000000000455,-0.07499999999985221,-0.12611111111110695,-0.20500000000006935,-0.4922901199314677,3.2289069425669927,2.5494003426613365,12.0,-5.0,5.0,-1.0,315,315,0,1109.0,1128,975,0,0.24468085106382978,0.19680567879325644,0.8643617021276596,6.6761904761904765,0.3104154450390764,0.167713844,1.2285843101893599,0.004431920649233101,0.0,nan,1.870521899118494,0.0,0.0,4774.0,15.0,0.0,1.3358081096516277,0.26600484261501095,0.0,0.0,0.0,0.0,1.0651749404754005,0.0,314.0,0.0
noise,0.0,adaptive_inventory,4200020,4.3350000000001785,4.3350000000001785,0.0,15.47,-11.134999999999822,4.349999999999761,-0.014999999999582236,0.08415369276845346,0.29435937695078324,1653.0316863583218,0.6699999999999591,-0.063000000000045,-0.18222222222221124,-0.5449999999998738,0.013706453455168474,3.5066772436779803,2.7515705311250716,11.0,-5.0,5.0,-1.0,336,336,0,1203.0,1157,986,0,0.24891961970613655,0.2083477658468999,0.8522039757994814,6.377976190476191,0.3016450216450216,0.164228059,1.28595178719867,0.003603491271820597,0.0,nan,1.7658542325179218,0.0,0.0,4799.0,25.0,0.0,1.3420902341519132,0.28514614278869505,0.0,0.0,0.0,0.0,1.0651749404754025,0.0,336.0,0.0
noise,0.0,adaptive_inventory,4200021,5.300000000000665,5.300000000000665,0.0,16.855,-11.554999999999335,5.283333333333441,0.016666666667224384,0.10868296491957197,0.2786610975154225,1564.8749794214905,1.0900000000000603,-0.08600000000003545,-0.2755555555555197,-0.6899999999999409,-0.502569960022844,3.5229311976539806,2.7458595088520847,16.0,-6.0,4.0,-2.0,354,354,0,1316.0,1234,1040,0,0.24716369529983792,0.2134977287475665,0.8427876823338736,6.423728813559322,0.28385248653896106,0.160507243,1.280775075987842,0.0040273556231008095,0.0,nan,1.6619531389658282,0.0,0.0,4661.0,23.5,0.0,1.3706453455168475,0.2856463878327016,0.0,0.0,0.0,0.0,1.0651749404754038,0.0,354.0,0.0
noise,0.0,adaptive_inventory,4200022,5.224999999999625,5.224999999999625,0.0,16.395,-11.170000000000375,5.209999999999798,0.014999999999826485,0.0897240798728665,0.33276621949700064,1868.7126962841155,0.9400000000002251,-0.06149999999995827,-0.20388888888890241,-0.5400000000001342,0.4551684751570531,3.6253935547447256,3.0319817247287264,13.0,-5.0,5.0,-3.0,367,367,0,1323.0,1189,1006,0,0.2691337258200168,0.22224088694775743,0.8460891505466779,5.9809264305177114,0.2946785125711879,0.150876024,1.2392290249433107,0.003949357520785808,0.0,nan,1.6591329259378216,0.0,0.0,4843.0,19.5,0.0,1.3557966876070817,0.313503305004723,0.0,0.0,0.0,0.0,1.065174940475405,0.0,366.0,0.0
noise,0.0,adaptive_inventory,4200023,0.48500000000029786,0.48500000000029786,0.0,15.99,-15.504999999999702,0.45666666666749745,0.028333333332800414,0.2577631548661746,0.01075184144479122,60.37903320440913,3.729999999999677,-0.11500000000000904,-0.674999999999983,-3.03999999999985,0.3158195316961736,3.8350000613523143,3.1050828098229584,18.0,-5.0,6.0,3.0,366,366,0,1307.0,1101,917,0,0.28610354223433243,0.23720508166969148,0.8328792007266121,5.5136612021857925,0.3169809364322111,0.159611398,1.2234123947972455,0.0003710788064271598,0.0,nan,1.7575030504842881,0.0,0.0,4687.0,40.5,0.0,1.311250713877784,0.31913988657844994,0.0,0.0,0.0,0.0,1.0651749404754047,0.0,366.0,0.0
noise,0.0,adaptive_full,4200000,6.705000000000268,6.705000000000268,0.0,11.49,-4.784999999999732,6.659999999999848,0.04500000000042004,0.117547440026623,0.3259474277415957,1830.420459933011,0.9750000000001364,-0.1320000000000277,-0.28888888888887876,-0.5249999999998636,1.1479154768703599,6.3400087508065015,4.71730439748715,19.0,-12.0,15.0,3.0,182,182,0,687.0,657,547,0,0.2450532724505327,0.21335403726708074,0.832572298325723,6.615384615384615,0.5309458742549618,0.250366324,1.6724890829694323,0.009759825327511308,0.0,nan,1.5266496117982853,0.0,0.0,4789.0,13.5,0.0,1.430039977155911,0.4677703052250429,0.19538385946561687,0.0,0.5885207550251845,0.0,1.065174940475389,1013.0,182.0,0.0
noise,0.0,adaptive_full,4200001,3.869999999999038,3.869999999999038,0.0,12.195,-8.325000000000962,3.7999999999996743,0.0699999999993639,0.1115581317016855,0.1982310511744264,1113.204587555005,0.7900000000004184,-0.12150000000008276,-0.2522222222222581,-0.4849999999999568,-0.49000571102227297,5.2535688612144344,4.234151913192462,20.0,-9.0,9.0,-2.0,181,181,0,652.0,687,581,0,0.22707423580786026,0.19347181008902078,0.8457059679767104,7.005524861878453,0.5106616984963503,0.26521648,1.8703987730061349,0.0059355828220844144,0.0,nan,2.1399831009861194,0.0,0.0,4928.0,44.0,0.0,1.4545973729297543,0.4308648368720818,0.1918806171556817,0.0,0.8438542942359784,0.0,1.0651749404753887,902.0,181.0,0.0
noise,0.0,adaptive_full,4200002,9.934999999999718,9.934999999999718,0.0,12.245000000000001,-2.310000000000283,9.939999999999719,-0.005000000000000782,0.10260264994961733,0.55331347289085,3107.238208791526,0.3800000000000523,-0.06000000000005912,-0.08050000000000068,-0.125,-0.6082238720731011,5.54444384528659,4.602512849800115,16.0,-10.0,7.0,1.0,208,208,0,741.0,626,518,0,0.28753993610223644,0.24287118977384464,0.8274760383386581,5.5,0.5550869528076924,0.24923613,1.6524966261808367,0.013407557354925395,0.0,nan,1.5346651271287912,0.0,0.0,4838.0,33.5,0.0,1.412,0.4592743995912115,0.197168741475192,0.0,0.4853703017061982,0.0,1.0651749404753912,1073.0,208.0,0.0
noise,0.0,adaptive_full,4200003,3.1899999999989745,3.1899999999989745,0.0,9.32,-6.130000000001026,3.1799999999997084,0.009999999999266151,0.1280826972697667,0.14231876605606378,799.2183985816275,1.9200000000005275,-0.11400000000000997,-0.33666666666663836,-1.0699999999999363,-1.9942889777270132,6.244675305300789,5.297544260422615,19.0,-13.0,7.0,-2.0,166,166,0,552.0,594,514,0,0.23737373737373738,0.18962555822741325,0.8653198653198653,6.674698795180723,0.5883224511148649,0.3,1.6884057971014492,0.005778985507244519,0.0,nan,1.4662129263677206,0.0,0.0,4672.0,19.5,0.0,1.3811428571428572,0.5262415054887636,0.1935364809385992,0.0,0.6278309634497719,0.0,1.065174940475388,1024.0,166.0,0.0
noise,0.0,adaptive_full,4200004,7.455000000000169,7.455000000000169,0.0,13.0,-5.544999999999831,7.44076923076911,0.014230769231058815,0.1445174690152648,0.2947740525091904,1655.3603766983617,1.2699999999999818,-0.11600000000012185,-0.3433333333333116,-0.9100000000000819,1.6784694460308396,6.4492916525901265,5.047972587093089,20.0,-7.0,13.0,1.0,210,210,0,763.0,717,595,0,0.25523012552301255,0.2159026598754952,0.8298465829846583,6.247619047619048,0.48363636363636364,0.286191394,1.7038007863695936,0.009770642201835083,0.0,nan,1.781795223387242,0.0,0.0,5011.0,28.5,0.0,1.500856653340948,0.5062723100458987,0.1930255404161958,0.0,0.5590717603216842,0.0,1.0651749404753914,949.0,210.0,0.0
noise,0.0,adaptive_full,4200005,7.894999999999925,7.894999999999925,0.0,13.265,-5.370000000000076,7.880000000000232,0.014999999999693259,0.1018351077112522,0.44301308977061565,2487.825196697485,0.41000000000008185,-0.08300000000002114,-0.1449999999999897,-0.24500000000000455,-1.0045688178183896,5.796568602785157,4.69160479725871,17.0,-11.0,7.0,3.0,206,206,0,735.0,696,588,0,0.257183908045977,0.2151009657594381,0.8448275862068966,6.233009708737864,0.5034078234466858,0.231809003,1.8047619047619048,0.010741496598639353,0.0,nan,1.7470704913430852,0.0,0.0,4930.0,37.5,0.0,1.46087949743004,0.4702453987730069,0.19702046795343264,0.0,0.5552245592175736,0.0,1.065174940475391,942.0,206.0,0.0
noise,0.0,adaptive_full,4200006,6.769999999999754,6.769999999999754,0.0,13.5,-6.730000000000246,6.569999999999893,0.19999999999986162,0.10845036245482743,0.3567135545704289,2003.1935614438337,0.6799999999997226,-0.08600000000007382,-0.24277777777776066,-0.4050000000000864,-0.3415191319246145,4.83371532675873,3.7224443175328386,13.0,-8.0,9.0,9.0,222,222,0,837.0,753,631,0,0.26162018592297476,0.22732210755024443,0.8379814077025233,6.2342342342342345,0.4634710460359521,0.246774868,1.6129032258064515,0.008088410991636505,0.0,nan,1.9946654853453698,0.0,0.0,4906.0,28.0,0.0,1.447112635791881,0.3789340101522872,0.1972499037120864,0.0,0.4775037676765698,0.0,1.0651749404753923,968.0,222.0,0.0
noise,0.0,adaptive_full,4200007,4.789999999999367,4.789999999999367,0.0,12.23,-7.440000000000634,4.789999999999856,-4.89386309254769e-13,0.16079348604963836,0.17022722278049965,955.9437040933524,1.1600000000003092,-0.20550000000012,-0.4266666666666702,-0.9550000000001546,-2.481439177612793,8.021784544814345,6.860651056539121,21.0,-14.0,12.0,0.0,185,185,0,688.0,659,550,0,0.24430955993930198,0.2130030959752322,0.834597875569044,6.535135135135135,0.5280752267305935,0.219522737,1.7776162790697674,0.006962209302324661,0.0,nan,1.759100051704624,0.0,0.0,4753.0,17.5,0.0,1.4203312392918332,0.6758656330749301,0.18563416701452057,0.0,0.7921151150576974,0.0,1.0651749404753892,965.0,185.0,0.0
noise,0.0,adaptive_full,4200008,4.320000000000164,4.320000000000164,0.0,12.185,-7.864999999999837,4.279999999999778,0.040000000000385505,0.15318473023234674,0.16114996741693868,904.9686310497607,2.449999999999818,-0.21449999999999816,-0.3844444444444548,-0.7300000000002456,-3.3506567675613934,8.777752650979652,6.80011422044546,25.0,-21.0,9.0,2.0,207,207,0,718.0,636,520,0,0.2688679245283019,0.23304122038299255,0.8176100628930818,5.584541062801932,0.5509383995236593,0.28094619649999997,1.697075208913649,0.006016713091922234,0.0,nan,1.6666432049108977,0.0,0.0,4752.0,26.0,0.0,1.4254711593375213,0.6630179028132991,0.19037173374132307,0.0,0.6757186005806229,0.0,1.065174940475391,1150.0,205.0,0.0
noise,0.0,adaptive_full,4200009,4.4900000000002365,4.4900000000002365,0.0,9.885,-5.394999999999763,4.499999999999654,-0.009999999999417142,0.1072661698704961,0.2391913768163851,1343.2251728378508,0.9150000000000205,-0.10050000000002224,-0.22055555555554443,-0.4500000000000455,-1.2392918332381497,4.613857947947025,3.6070816676185036,15.0,-9.0,5.0,-5.0,163,163,0,559.0,655,575,0,0.22442748091603054,0.17131474103585656,0.8778625954198473,7.54601226993865,0.5306383039418071,0.289521611,1.7683363148479427,0.008032200357782177,0.0,nan,1.7220736023462708,0.0,0.0,4897.0,19.5,0.0,1.4380354083380926,0.3691061160480936,0.19194840464214535,0.0,0.747413697538894,0.0,1.065174940475388,960.0,162.0,0.0
noise,0.0,adaptive_full,4200010,3.8699999999996635,3.8699999999996635,0.0,10.085,-6.215000000000337,3.8699999999998176,-1.5409895581797173e-13,0.14681420963608557,0.15062769311703128,845.8787762930393,0.9299999999998363,-0.14999999999997726,-0.33000000000000684,-0.7949999999999591,-0.8046830382638492,5.8150242398303975,4.387778412335808,18.0,-13.0,7.0,0.0,148,148,0,560.0,628,539,0,0.21656050955414013,0.18146467919637072,0.85828025477707,7.885135135135135,0.558551890198083,0.22991337550000002,1.800892857142857,0.006910714285713685,0.0,nan,1.6308205203335329,0.0,0.0,4702.0,23.5,0.0,1.4254711593375213,0.44199157007376716,0.19400347288905437,0.0,0.8839080887353086,0.0,1.0651749404753885,939.0,146.0,0.0
noise,0.0,adaptive_full,4200011,8.339999999999577,8.339999999999577,0.0,16.215,-7.875000000000423,7.5445714285718894,0.7954285714276876,0.1844031912571229,0.2584399029770023,1451.3189729701883,1.9500000000001023,-0.15000000000005115,-0.36333333333337553,-0.7100000000000364,-1.2741290691033695,6.1070975760539445,4.768132495716733,17.0,-12.0,9.0,-9.0,244,244,0,857.0,799,669,0,0.26032540675844806,0.21762315896394108,0.83729662077597,6.016393442622951,0.4364430842584692,0.2,1.8920653442240374,0.009731621936989005,0.0,nan,2.409095767775453,0.0,0.0,4982.0,43.5,0.0,1.5217391304347827,0.47551637279596887,0.1924671140431688,0.0,0.7665415526574912,0.0,1.0651749404753936,965.0,242.0,0.0
noise,0.0,adaptive_full,4200012,5.0900000000006,5.0900000000006,0.0,12.315,-7.224999999999399,5.547692307692319,-0.457692307691719,0.13313858725192446,0.2184619416959999,1226.8150436642347,0.9800000000000182,-0.1364999999999895,-0.2800000000000359,-0.6550000000001432,-2.531125071387778,6.239373773454443,5.635636778983438,18.0,-10.0,9.0,-7.0,195,195,0,685.0,630,522,0,0.2698412698412698,0.2216111290844387,0.8285714285714286,5.907692307692308,0.5485124456130573,0.240101214,1.7978102189781022,0.0074306569343074455,0.0,nan,1.7048323929064237,0.0,0.0,4750.0,32.5,0.0,1.417142857142857,0.560515463917525,0.1945281484126762,0.0,0.6160343085425983,0.0,1.0651749404753896,981.0,195.0,0.0
noise,0.0,adaptive_full,4200013,8.500000000000114,8.500000000000114,0.0,12.14,-3.639999999999887,8.257468750000463,0.2425312499996508,0.13134128696543698,0.36981081648918973,2076.743754342447,0.8049999999998363,-0.0799999999999443,-0.2688888888888654,-0.7249999999998522,2.0919474585950883,6.643839503343143,5.335808109651627,20.0,-8.0,16.0,6.0,200,200,0,746.0,657,544,0,0.2709284627092846,0.23060278207109738,0.8280060882800608,6.005,0.5337284587435114,0.262351258,1.6273458445040214,0.011394101876675755,0.0,nan,1.9376143888959099,0.0,0.0,4813.0,23.5,0.0,1.3885714285714286,0.5276322547509009,0.18891487293868578,0.0,0.7049278263562808,0.0,1.0651749404753903,987.0,200.0,0.0
noise,0.0,adaptive_full,4200014,4.055000000000064,4.055000000000064,0.0,10.93,-6.874999999999936,3.980000000000235,0.07499999999982876,0.1584899078904392,0.14620128738699795,821.0214437214782,2.0699999999999363,-0.05950000000002545,-0.367222222222204,-1.5900000000000318,-1.7407195888063964,5.437159131852012,4.531125071387779,17.0,-10.0,7.0,-11.0,186,186,0,651.0,672,576,0,0.2425595238095238,0.1954954954954955,0.8571428571428571,6.709677419354839,0.5210120195522389,0.2832666035,1.6789554531490016,0.006228878648233585,0.0,nan,1.9127758410057882,0.0,0.0,4661.0,24.0,0.0,1.4137142857142857,0.45338851526125595,0.19651488384581445,0.0,0.6864358347416291,0.0,1.065174940475389,899.0,185.0,0.0
noise,0.0,adaptive_full,4200015,5.830000000000041,5.830000000000041,0.0,11.605,-5.7749999999999595,5.8199999999998715,0.010000000000169429,0.11886381936217837,0.28027271791407976,1573.925343683565,1.5099999999998772,-0.0799999999999443,-0.23722222222220857,-0.6349999999998772,0.4523129640205597,5.578972931259864,4.437464306110794,20.0,-8.0,8.0,-2.0,189,189,0,674.0,700,597,0,0.23714285714285716,0.19541896201797623,0.8528571428571429,6.862433862433862,0.5010739258595988,0.266988346,1.7218100890207715,0.008649851632047538,0.0,nan,1.5689527332655293,0.0,0.0,4905.0,37.5,0.0,1.4765714285714286,0.44891640866872723,0.1934762846134047,0.0,0.617023493452052,0.0,1.0651749404753894,975.0,189.0,0.0
noise,0.0,adaptive_full,4200016,5.785000000001048,5.785000000001048,0.0,13.870000000000001,-8.084999999998953,5.740000000000141,0.04500000000090676,0.14698579625985275,0.22490025361843738,1262.9706223473192,2.305000000000348,-0.1815000000000964,-0.39277777777785006,-0.5950000000000273,-3.085665334094803,6.704889246345536,5.784694460308395,20.0,-17.0,7.0,-3.0,204,204,0,719.0,706,603,0,0.254957507082153,0.2081041968162084,0.8541076487252125,6.416666666666667,0.49602272727272734,0.205241779,1.929068150208623,0.008045897079278231,0.0,nan,2.1433021645123937,0.0,0.0,4886.0,54.5,0.0,1.4683038263849228,0.5765217391304382,0.18664207080754444,0.0,0.7936263547795829,0.0,1.065174940475391,993.0,203.0,0.0
noise,0.0,adaptive_full,4200017,5.970000000000027,5.970000000000027,0.0,11.855,-5.884999999999973,5.970000000000056,-2.842170943040401e-14,0.12306987348763761,0.2771944485480653,1556.6387301097807,1.050000000000182,-0.07999999999996135,-0.2655555555555493,-0.5700000000001637,0.6327812678469446,5.058926233928938,3.874357509994289,16.0,-8.0,8.0,0.0,175,175,0,658.0,654,559,0,0.24770642201834864,0.20352613671512526,0.8547400611620795,6.9314285714285715,0.5322724426717792,0.2597568635,1.8016717325227964,0.009072948328267518,0.0,nan,1.9394280704999913,0.0,0.0,4772.0,35.5,0.0,1.4527761877504293,0.39384133611691113,0.19720990229963092,0.0,0.713028697964098,0.0,1.065174940475388,1047.0,175.0,0.0
noise,0.0,adaptive_full,4200018,7.370000000000232,7.370000000000232,0.0,12.5,-5.129999999999768,7.415714285714493,-0.04571428571426139,0.14154763858908753,0.2975272928186723,1670.821727102339,1.3699999999996635,-0.13500000000000795,-0.23833333333331236,-0.4500000000000455,0.0211307824100514,7.080277953589544,5.748143917761279,15.0,-12.0,11.0,-6.0,196,196,0,710.0,688,585,0,0.25872093023255816,0.20863943579194827,0.8502906976744186,6.494897959183674,0.5100878691151602,0.22386566,1.7605633802816902,0.010380281690141172,0.0,nan,2.3028986937058598,0.0,0.0,4893.0,26.5,0.0,1.470017133066819,0.5687917737789239,0.1968045428406481,0.0,0.6711583904891318,0.0,1.06517494047539,1061.0,193.0,0.0
noise,0.0,adaptive_full,4200019,6.269999999999982,6.269999999999982,0.0,10.455,-4.185000000000018,6.380000000000019,-0.11000000000003762,0.0965721354216717,0.37100320161845624,2083.439822330625,0.9149999999997362,-0.0815000000000225,-0.17500000000001925,-0.4199999999999591,0.42432895488292405,4.657407748620016,3.615648201027984,15.0,-8.0,8.0,-8.0,198,198,0,676.0,618,521,0,0.2783171521035599,0.22354497354497355,0.843042071197411,5.752525252525253,0.5674152453149351,0.3,1.5465976331360947,0.009275147928994056,0.0,nan,1.6484991362040602,0.0,0.0,4809.0,23.5,0.0,1.3946316390633924,0.36201232032854375,0.1898315927624931,0.0,0.40253946919619943,0.0,1.0651749404753903,1069.0,198.0,0.0
noise,0.0,adaptive_full,4200020,8.689999999999088,8.689999999999088,0.0,12.73,-4.040000000000912,8.729999999999562,-0.040000000000473435,0.1275662872214472,0.3892654081162989,2185.9947547281076,1.559999999999718,-0.09000000000003183,-0.19850000000000706,-0.5199999999999818,0.32838378069674473,5.270966094290615,4.1433466590519705,17.0,-9.0,8.0,-4.0,226,226,0,774.0,677,559,0,0.2821270310192024,0.23433242506811988,0.8257016248153619,5.469026548672566,0.5166679458607408,0.25359169,1.644702842377261,0.011227390180877374,0.0,nan,2.043756102807739,0.0,0.0,4833.0,15.0,0.0,1.4328954882924043,0.42100202429149786,0.19447302216457418,0.0,0.4839335646192923,0.0,1.065174940475393,1068.0,226.0,0.0
noise,0.0,adaptive_full,4200021,4.7950000000001864,4.7950000000001864,0.0,12.36,-7.564999999999813,4.699999999999675,0.09500000000051134,0.12812287564819946,0.21385720435463956,1200.9562556362296,1.4600000000000364,-0.17049999999997564,-0.28222222222217397,-0.40000000000009095,1.5197030268418046,6.411238626254065,5.543689320388349,16.0,-8.0,14.0,5.0,177,177,0,647.0,663,556,0,0.23227752639517346,0.19588253103239478,0.8386123680241327,6.887005649717514,0.5272876486096824,0.297362838,1.910355486862442,0.0074111282843897786,0.0,nan,2.1456324459805756,0.0,0.0,4690.0,27.0,0.0,1.4694460308395203,0.5503115264797552,0.19159612072929094,0.0,0.8047026766416857,0.0,1.0651749404753883,931.0,177.0,0.0
noise,0.0,adaptive_full,4200022,7.404999999999632,7.404999999999632,0.0,12.9,-5.495000000000369,7.380769230769401,0.02423076923023082,0.11645599322474659,0.36335000494669206,2040.4618247162546,0.6150000000000659,-0.09450000000000783,-0.1966666666666836,-0.6150000000000659,1.606510565391205,5.079487296307498,4.330668189605939,14.0,-8.0,9.0,7.0,219,219,0,803.0,685,563,0,0.28905109489051095,0.2384912384912385,0.8218978102189781,5.698630136986301,0.5114202049780381,0.236958546,1.6064757160647571,0.009221668742216228,0.0,nan,1.7322112243043493,0.0,0.0,4860.0,16.5,0.0,1.433466590519703,0.4357868020304604,0.18900392090504947,0.0,0.5007358987299328,0.0,1.0651749404753923,1103.0,219.0,0.0
noise,0.0,adaptive_full,4200023,0.4449999999993537,0.4449999999993537,0.0,11.625,-11.180000000000646,0.43000000000019994,0.014999999999153746,0.4064843907634431,0.006255731340821118,35.130262316906375,5.930000000000291,-0.10000000000002274,-0.7260000000000403,-5.0900000000001455,0.5688178183894917,6.981801319071301,5.69160479725871,21.0,-9.0,13.0,1.0,197,197,0,663.0,632,530,0,0.25949367088607594,0.21345782356728912,0.8386075949367089,5.898477157360406,0.5528660264936508,0.225726395,1.753393665158371,0.0006711915535435199,0.0,nan,1.7820014831438147,0.0,0.0,4700.0,39.5,0.0,1.4003426613363792,0.5652285567539788,0.19257833914150874,0.0,0.8674360932354377,0.0,1.0651749404753903,1010.0,197.0,0.0
noise,5.0,as_gamma0.01,4200000,6.5199999999998965,6.5199999999998965,0.0,14.85,-8.330000000000103,6.489999999999287,0.03000000000060954,0.08307604287539977,0.44847036001728896,2518.4715471967247,0.47500000000006537,-0.061499999999989535,-0.14722222222218623,-0.3200000000000216,0.05768132495716733,4.38334252724159,3.38263849229012,14.0,-7.0,8.0,2.0,329,329,0,1150.0,1202,1029,1,0.240432612312812,0.1913477537437604,0.8560732113144759,6.78419452887538,0.28880128920416664,0.16599478,1.291304347826087,0.005669565217391214,0.0,nan,1.521754565359704,0.0,0.0,4798.0,15.5,0.0,1.3712164477441462,,,,,,,,,
noise,5.0,as_gamma0.01,4200001,3.2749999999994515,3.2749999999994515,0.0,15.675,-12.40000000000055,3.2500000000001257,0.024999999999325784,0.128341223394232,0.1458166380165864,818.8613712141417,1.1600000000000819,-0.12000000000003866,-0.37444444444445124,-0.8049999999997226,0.863506567675614,5.109781555416484,3.9703026841804685,19.0,-7.0,9.0,-1.0,377,377,0,1303.0,1248,1040,3,0.25400641025641024,0.20881410256410257,0.8333333333333334,6.076923076923077,0.2786605342182986,0.170609287,1.2029930928626247,0.0025134305448959718,0.0,nan,2.253017406020864,0.0,0.0,4942.0,50.0,0.0,1.3540833809251855,,,,,,,,,
noise,5.0,as_gamma0.01,4200002,6.765000000000555,6.765000000000555,0.0,14.375,-7.609999999999445,6.720000000000106,0.04500000000044846,0.08801480506897574,0.4392118215435581,2466.478443987365,0.37000000000000455,-0.0665000000000191,-0.15333333333332178,-0.29499999999980275,-0.2826956025128498,4.7868958808445905,3.5962307252998285,23.0,-8.0,8.0,-1.0,337,337,0,1153.0,1157,973,1,0.24373379429559205,0.1993085566119274,0.8409680207433017,6.3234421364985165,0.29990194010216453,0.192988966,1.2467476149176062,0.005867302688638816,0.0,nan,1.4544576700908012,0.0,0.0,4844.0,24.0,0.0,1.3548571428571428,,,,,,,,,
noise,5.0,as_gamma0.01,4200003,4.259999999999991,4.259999999999991,0.0,11.995000000000001,-7.73500000000001,4.199999999999835,0.06000000000015593,0.08627673427318865,0.2821485693440517,1584.4595481134195,0.9500000000000455,-0.07949999999996747,-0.21722222222221255,-0.4249999999998977,-0.7047401484865791,4.093590332978989,3.2107367218732152,18.0,-7.0,5.0,-6.0,283,283,0,978.0,1071,926,2,0.23062558356676005,0.1826330532212885,0.8646125116713352,7.063604240282685,0.32480696466417214,0.2,1.2264826175869121,0.004355828220858887,0.0,nan,1.3673213917758016,0.0,0.0,4687.0,26.0,0.0,1.327812678469446,,,,,,,,,
noise,5.0,as_gamma0.01,4200004,6.034999999999741,6.034999999999741,0.0,16.395,-10.360000000000259,6.036666666666349,-0.0016666666666083074,0.10178306077835564,0.3388158503192336,1902.6855615059123,0.8100000000000591,-0.09299999999993246,-0.21999999999998465,-0.37999999999988177,-0.49514563106796117,4.599289092749965,3.475157053112507,18.0,-8.0,6.0,-9.0,377,377,0,1289.0,1216,1010,0,0.26151315789473684,0.21200657894736843,0.8305921052631579,5.904509283819628,0.28429622788385506,0.166326264,1.2719162141194724,0.004681923972071172,0.0,nan,1.8319970378434771,0.0,0.0,4986.0,29.5,0.0,1.3946316390633924,,,,,,,,,
noise,5.0,as_gamma0.01,4200005,6.1349999999997635,6.1349999999997635,0.0,15.985000000000001,-9.850000000000238,6.109999999999249,0.02500000000051461,0.09295900185711978,0.3771247771251371,2117.8167067628483,0.9449999999998226,-0.09000000000003183,-0.17949999999999874,-0.45499999999992724,0.41119360365505425,4.436617568110881,3.3135351227869787,19.0,-6.0,8.0,9.0,353,353,0,1249.0,1275,1081,0,0.24313725490196078,0.19592156862745097,0.847843137254902,6.674220963172805,0.27298410361115477,0.174227136,1.27982385908727,0.004911929543634719,0.0,nan,1.668758705640547,0.0,0.0,4918.0,36.0,0.0,1.3849229011993147,,,,,,,,,
noise,5.0,as_gamma0.01,4200006,3.8850000000005593,3.8850000000005593,0.0,15.555,-11.66999999999944,3.8383333333334657,0.046666666667093626,0.10157885787808629,0.21854941533844932,1227.3062687245265,0.8400000000000318,-0.12549999999992562,-0.2850000000000029,-0.41000000000005343,-0.5396916047972588,4.7519265643311925,3.7766990291262137,17.0,-8.0,7.0,7.0,351,351,0,1251.0,1312,1117,1,0.23170731707317074,0.19070121951219512,0.8513719512195121,6.923076923076923,0.26526859608244274,0.15176454,1.2434052757793765,0.0031055155875304233,0.0,nan,2.020829993539558,0.0,0.0,4919.0,30.5,0.0,1.388793596340766,,,,,,,,,
noise,5.0,as_gamma0.01,4200007,3.640000000000441,3.640000000000441,0.0,15.41,-11.769999999999559,3.570000000000364,0.07000000000007711,0.1448232771663404,0.14362332082923496,806.5443767752914,2.0550000000000637,-0.13099999999995474,-0.4027777777778062,-1.2550000000001091,0.5619645916619075,4.5775896661049185,3.3249571673329528,20.0,-7.0,7.0,-6.0,350,350,0,1220.0,1223,1031,0,0.24611610793131644,0.19950940310711365,0.8430089942763695,6.44,0.284323627963964,0.140249632,1.2631147540983607,0.002983606557377411,0.0,nan,1.7418172132758245,0.0,0.0,4771.0,20.0,0.0,1.338663620788121,,,,,,,,,
noise,5.0,as_gamma0.01,4200008,4.07000000000059,4.07000000000059,0.0,15.235,-11.16499999999941,4.070000000000891,-3.0109248427834245e-13,0.13150747167646035,0.17685035352488818,993.137168411626,0.985000000000241,-0.10799999999978802,-0.36166666666669145,-0.869999999999834,0.3375214163335237,5.176139345906294,3.930896630496859,27.0,-8.0,10.0,0.0,355,355,0,1230.0,1188,993,2,0.25673400673400676,0.20707070707070707,0.8358585858585859,6.149295774647888,0.29292413655396293,0.161962576,1.2386178861788617,0.003308943089431374,0.0,nan,1.6936164254396038,0.0,0.0,4735.0,22.5,0.0,1.3369503141062251,,,,,,,,,
noise,5.0,as_gamma0.01,4200009,6.4300000000001205,6.4300000000001205,0.0,15.685,-9.25499999999988,6.399999999999976,0.030000000000144134,0.08998063101192781,0.40834184790265815,2293.1221707337168,0.45499999999992724,-0.0749999999999588,-0.1516666666665982,-0.334999999999809,0.36950314106225013,4.39315257308477,3.31296402055968,18.0,-6.0,7.0,-3.0,324,324,0,1173.0,1117,927,0,0.25425246195165624,0.21002685765443152,0.8299015219337511,6.308641975308642,0.30966745680807173,0.191114763,1.3371696504688833,0.0054816709292413645,0.0,nan,1.5056613766568296,0.0,0.0,4886.0,21.5,0.0,1.3683609366076528,,,,,,,,,
noise,5.0,as_gamma0.01,4200010,1.4499999999986812,1.4499999999986812,0.0,13.685,-12.23500000000132,1.409999999999582,0.0399999999990992,0.15709440960893695,0.052743533689918035,296.19145597838303,2.0450000000000728,-0.14599999999998087,-0.4111111111111588,-1.5800000000001546,0.08338092518560822,4.624558038983183,3.451741861793261,22.0,-7.0,8.0,4.0,303,303,0,1072.0,1183,1014,1,0.22485207100591717,0.1812341504649197,0.8571428571428571,7.254125412541254,0.29466124453090603,0.165423472,1.2765858208955223,0.0013526119402972772,0.0,nan,1.6500896506404985,0.0,0.0,4673.0,15.5,0.0,1.3443746430611079,,,,,,,,,
noise,5.0,as_gamma0.01,4200011,8.290000000000617,8.290000000000617,0.0,19.965,-11.674999999999383,8.290000000000058,5.595524044110789e-13,0.10653208618007445,0.44466817716644275,2497.1196582408384,1.2200000000000557,-0.05649999999996566,-0.21000000000001584,-0.6299999999998818,0.03769274700171331,4.1188450110938675,2.8863506567675614,18.0,-5.0,6.0,0.0,442,442,0,1544.0,1359,1121,3,0.2788815305371597,0.22722590139808682,0.8248712288447387,5.617647058823529,0.2553029359484156,0.138067695,1.2930699481865284,0.005369170984456358,0.0,nan,2.033808313627602,0.0,0.0,5004.0,46.5,0.0,1.4202401372212694,,,,,,,,,
noise,5.0,as_gamma0.01,4200012,1.7599999999995362,1.7599999999995362,0.0,14.73,-12.970000000000464,1.8999999999997657,-0.1400000000002295,0.12810958465878197,0.07850421874309609,440.85553665525043,1.4750000000001364,-0.21749999999995565,-0.38500000000001616,-0.6250000000001137,-0.2067390062821245,5.368710269689201,4.233009708737864,16.0,-9.0,9.0,-11.0,334,334,0,1151.0,1145,962,1,0.25065502183406113,0.20104803493449783,0.840174672489083,6.311377245508982,0.30375672584164476,0.170685956,1.2797567332754127,0.001529105125977008,0.0,nan,1.7251149934813457,0.0,0.0,4738.0,36.0,0.0,1.338663620788121,,,,,,,,,
noise,5.0,as_gamma0.01,4200013,5.899999999999068,5.899999999999068,0.0,15.450000000000001,-9.550000000000933,5.982222222222571,-0.0822222222235034,0.09144861361812524,0.3686691834943047,2070.3326947244873,1.2649999999998727,-0.0764999999999702,-0.16277777777779395,-0.6700000000001864,0.6956025128498001,4.4674568009155085,3.3238149628783553,23.0,-6.0,9.0,-8.0,374,374,0,1262.0,1170,974,3,0.2641025641025641,0.21572649572649572,0.8324786324786325,5.740641711229946,0.2971663898630137,0.17576483399999998,1.2242472266244058,0.004675118858953302,0.0,nan,1.9098026262116763,0.0,0.0,4825.0,19.5,0.0,1.336,,,,,,,,,
noise,5.0,as_gamma0.01,4200014,3.7050000000002683,3.7050000000002683,0.0,14.120000000000001,-10.414999999999733,3.6262500000000517,0.07875000000021659,0.2236200962678386,0.0946758762954482,531.67058943831,3.3049999999997226,-0.05499999999998266,-0.42055555555555046,-2.689999999999827,-0.22672758423757852,4.634621847997264,3.7447173043974873,19.0,-8.0,7.0,-3.0,330,330,0,1079.0,1131,965,2,0.2475685234305924,0.19080459770114944,0.8532272325375774,6.357575757575757,0.3080155990744021,0.177094415,1.3086190917516218,0.0034337349397592846,0.0,nan,2.0652817944677726,0.0,0.0,4659.0,18.5,0.0,1.3451428571428572,,,,,,,,,
noise,5.0,as_gamma0.01,4200015,6.184999999999263,6.184999999999263,0.0,15.48,-9.295000000000737,6.200000000000128,-0.015000000000864766,0.08391735906657662,0.4211626478237161,2365.1198381207914,0.43000000000017735,-0.08649999999995543,-0.15055555555554495,-0.26499999999998636,-0.5031410622501428,4.337275034556818,3.3255282695602513,15.0,-8.0,6.0,-3.0,330,330,0,1195.0,1184,979,0,0.23564189189189189,0.20185810810810811,0.8268581081081081,6.554545454545455,0.29396114312098137,0.15444853749999998,1.2953974895397489,0.0051757322175726055,0.0,nan,1.492636322449211,0.0,0.0,4916.0,40.5,0.0,1.3782857142857143,,,,,,,,,
noise,5.0,as_gamma0.01,4200016,5.3599999999999,5.3599999999999,0.0,16.19,-10.830000000000101,5.360000000000211,-3.1086244689504383e-13,0.08923786041083971,0.34322395547765067,1927.4401236983758,0.5399999999999068,-0.08750000000001702,-0.1716666666666258,-0.2500000000000142,0.42033123929183325,4.1744262478903025,3.041690462592804,16.0,-6.0,8.0,0.0,360,360,0,1230.0,1184,990,2,0.2533783783783784,0.20777027027027026,0.8361486486486487,6.044444444444444,0.2937939871615905,0.15801770799999998,1.316260162601626,0.004357723577235691,0.0,nan,2.0439792137220434,0.0,0.0,4896.0,54.5,0.0,1.3735008566533409,,,,,,,,,
noise,5.0,as_gamma0.01,4200017,3.8399999999998045,3.8399999999998045,0.0,16.98,-13.140000000000196,3.88000000000029,-0.040000000000485425,0.152804988570475,0.14360039778894906,806.4156480344823,3.810000000000173,-0.15300000000001715,-0.4583333333333365,-1.3250000000002728,-0.4774414620217019,4.86310947580873,3.7224443175328386,19.0,-9.0,7.0,-7.0,389,389,0,1351.0,1274,1058,1,0.260596546310832,0.21208791208791208,0.8304552590266876,5.997429305912596,0.27253656055267295,0.15719673750000002,1.2568467801628422,0.002842339008141972,0.0,nan,1.921188416616802,0.0,0.0,4785.0,29.5,0.0,1.352974828375286,,,,,,,,,
noise,5.0,as_gamma0.01,4200018,6.370000000000459,6.370000000000459,0.0,17.51,-11.139999999999542,6.410000000000355,-0.03999999999989612,0.12618705327328136,0.2884606546851657,1619.906277155803,0.9400000000002251,-0.10950000000005387,-0.2972222222222045,-0.7949999999999591,-0.48258138206739004,5.251809877157575,3.8886350656767563,19.0,-9.0,8.0,-6.0,367,367,0,1336.0,1306,1097,0,0.24885145482388973,0.20459418070444105,0.8399693721286371,6.547683923705722,0.26661544770935586,0.146928008,1.31062874251497,0.004767964071856631,0.0,nan,2.352526390173774,0.0,0.0,4896.0,14.5,0.0,1.3746430611079383,,,,,,,,,
noise,5.0,as_gamma0.01,4200019,8.139999999999986,8.139999999999986,0.0,13.725,-5.585000000000013,8.264999999999683,-0.12499999999969624,0.08556686282162533,0.5436016254475801,3052.6994618927397,0.4149999999999636,-0.06000000000003922,-0.10833333333331849,-0.2099999999999227,-1.2450028555111365,4.375956697224358,3.488292404340377,19.0,-8.0,5.0,-10.0,298,298,0,1028.0,1080,920,0,0.23981481481481481,0.19037037037037038,0.8518518518518519,6.7114093959731544,0.3228054900890538,0.1643344885,1.3351167315175096,0.007918287937743178,0.0,nan,1.6259131871545085,0.0,0.0,4808.0,23.0,0.0,1.346087949743004,,,,,,,,,
noise,5.0,as_gamma0.01,4200020,6.11500000000035,6.11500000000035,0.0,15.47,-9.35499999999965,6.200000000000577,-0.08500000000022645,0.08112709726923255,0.4307174583961261,2418.776714273189,0.5800000000000409,-0.05500000000002388,-0.1444444444444678,-0.42000000000018645,0.3706453455168475,4.1392420180011555,3.141633352370074,17.0,-7.0,7.0,-7.0,321,321,0,1125.0,1198,1011,0,0.23121869782971619,0.18781302170283806,0.843906510851419,6.881619937694704,0.29013324237876253,0.1740405635,1.3751111111111112,0.005435555555555867,0.0,nan,1.6413560825568432,0.0,0.0,4825.0,18.0,0.0,1.3632210165619645,,,,,,,,,
noise,5.0,as_gamma0.01,4200021,4.169999999999675,4.169999999999675,0.0,16.54,-12.370000000000324,4.149999999999409,0.020000000000266027,0.18879814765588165,0.12621189203615174,708.7671501828107,3.2150000000001455,-0.11999999999996476,-0.49055555555553254,-1.9500000000000455,-0.75214163335237,4.463982995659459,3.348372358652199,20.0,-9.0,6.0,-4.0,351,351,0,1262.0,1232,1026,1,0.2418831168831169,0.20487012987012987,0.8327922077922078,6.435897435897436,0.28262614693414634,0.157262647,1.3106180665610143,0.0033042789223452257,0.0,nan,2.8783896173302055,0.0,0.0,4671.0,27.5,0.0,1.3695031410622502,,,,,,,,,
noise,5.0,as_gamma0.01,4200022,4.56000000000023,4.56000000000023,0.0,15.795,-11.23499999999977,4.560000000000453,-2.2293278334473143e-13,0.13549461177246502,0.19231128467973113,1079.9610004373105,1.0399999999999636,-0.08499999999999659,-0.33944444444438837,-0.9099999999998545,-0.4140491147915477,4.986149542454945,3.6407766990291264,18.0,-9.0,7.0,0.0,360,360,0,1282.0,1238,1040,2,0.252827140549273,0.20710823909531503,0.840064620355412,6.333333333333333,0.28080022862055015,0.15000000000000002,1.2320592823712948,0.0035569422776912866,0.0,nan,1.5809712257014423,0.0,0.0,4873.0,27.5,0.0,1.3575099942889777,,,,,,,,,
noise,5.0,as_gamma0.01,4200023,-3.825000000000955,-3.825000000000955,0.0,14.925,-18.750000000000956,-4.010000000000334,0.18499999999937877,0.3595289177422898,-0.060793838210298025,-341.3994890802018,5.920000000000073,-0.13300000000005097,-0.9183333333333145,-4.330000000000098,1.3700742432895487,4.700401084405706,3.5585379782981152,20.0,-6.0,10.0,11.0,368,368,0,1265.0,1194,1005,3,0.26800670016750416,0.211892797319933,0.8417085427135679,5.983695652173913,0.29090455014345634,0.13910421950000001,1.1798418972332017,-0.0030237154150205177,0.0,nan,1.86238573549877,0.0,0.0,4699.0,35.5,0.0,1.3203883495145632,,,,,,,,,
noise,5.0,adaptive_off,4200000,5.404999999999291,5.404999999999291,0.0,14.695,-9.29000000000071,5.803123580250081,-0.39812358025079053,0.4554597759993334,0.06781216676696261,380.81226270955966,4.0600000000004,-0.6074999999993451,-1.0822222222222737,-2.4299999999993815,7.555111364934323,31.014710974507853,27.328954882924045,50.0,-45.0,48.0,-27.0,283,283,0,995.0,1009,848,0,0.24182358771060455,0.2019484473310331,0.8404360753221011,6.561837455830389,0.33558716689473683,0.2,1.4768844221105528,0.005432160804019388,0.0,nan,1.5842179607233335,0.0,0.0,4796.0,9.0,0.0,1.3837806967447173,0.0,0.0,0.0,0.0,0.0,1.065174940475398,0.0,283.0,10.0
noise,5.0,adaptive_off,4200001,-3.25999999999749,-3.25999999999749,0.0,13.825000000000001,-17.084999999997493,-1.9347975882894197,-1.32520241170807,0.6240996773152379,-0.02984871184150227,-167.62118123123994,15.949999999999363,-0.9049999999997453,-1.6150000000001454,-4.0649999999996,28.893203883495147,16.711155664962337,30.296973158195318,50.0,-5.0,50.0,40.0,266,266,0,940.0,992,826,0,0.2439516129032258,0.19437551695616212,0.8326612903225806,6.834586466165414,0.33552368174646463,0.2,1.4707446808510638,-0.0034680851063803083,0.0,nan,1.850708346066049,0.0,0.0,4942.0,36.0,0.0,1.4071958880639635,0.0,0.0,0.0,0.0,0.0,1.0651749404753963,0.0,266.0,10.0
noise,5.0,adaptive_off,4200002,11.60999999999774,11.60999999999774,0.0,13.98,-2.3700000000022605,11.343333333332536,0.2666666666652038,0.21013418576295592,0.3157166307898277,1772.9674522756457,1.8499999999996817,-0.17000000000007276,-0.3414999999999509,-0.8399999999999181,-5.555682467161622,12.737303640553938,11.709880068532268,35.0,-23.0,17.0,-6.0,271,271,0,980.0,1016,859,0,0.23818897637795275,0.19291338582677164,0.8454724409448819,6.918819188191882,0.34196242432544377,0.2,1.426530612244898,0.011846938775507897,0.0,nan,1.450021822893839,0.0,0.0,4819.0,21.0,0.0,1.3731428571428572,0.0,0.0,0.0,0.0,0.0,1.0651749404753967,0.0,271.0,10.0
noise,5.0,adaptive_off,4200003,9.805000000000135,9.805000000000135,0.0,12.49,-2.6849999999998655,9.790000000000779,0.014999999999355751,0.3656553309034229,0.15322782602442217,860.4803226381342,4.730000000000018,-0.28699999999976167,-0.9216666666668769,-2.019999999999982,-13.583666476299257,16.3291999644763,16.953169617361507,50.0,-41.0,8.0,-1.0,238,238,0,853.0,947,815,0,0.23125659978880675,0.1812194603781602,0.8606124604012672,7.4033613445378155,0.3673663069544974,0.2,1.4642438452520516,0.011494724501758657,0.0,nan,1.3676450643086562,0.0,0.0,4698.0,25.5,0.0,1.355225585379783,0.0,0.0,0.0,0.0,0.0,1.065174940475394,0.0,238.0,10.0
noise,5.0,adaptive_off,4200004,0.5599999999999454,0.5599999999999454,0.0,15.995000000000001,-15.435000000000056,0.9307877876090429,-0.3707877876090975,0.4851641385956837,0.0065957059589403,37.03945516182309,7.994999999998527,-0.7155000000005202,-1.3299999999998766,-3.5,-23.436893203883496,15.308604925041866,24.3917761279269,50.0,-47.0,4.0,-24.0,319,319,0,1076.0,1028,859,0,0.2616731517509728,0.2110217689743087,0.835603112840467,5.915360501567398,0.32899254484795326,0.2,1.4865241635687731,0.0005204460966542244,0.0,nan,1.700499924728459,0.0,0.0,4991.0,32.0,0.0,1.4563106796116505,0.0,0.0,0.0,0.0,0.0,1.065174940475401,0.0,319.0,10.0
noise,5.0,adaptive_off,4200005,-2.5950000000005957,-2.5950000000005957,0.0,15.745000000000001,-18.340000000000597,-2.5914420918353964,-0.003557908165199297,0.5206287360376428,-0.028482045653935414,-159.94640444605784,13.700000000000728,-0.8249999999996817,-1.6066666666666203,-3.619999999999891,19.497430039977157,18.625218536315668,20.928612221587663,50.0,-5.0,50.0,-3.0,304,304,0,1031.0,1089,925,0,0.24242424242424243,0.19307116104868913,0.8494031221303948,6.625,0.310038023324747,0.2,1.5271580989330746,-0.0025169738118337496,0.0,nan,1.632372998198951,0.0,0.0,4938.0,37.0,0.0,1.4203312392918332,0.0,0.0,0.0,0.0,0.0,1.0651749404753996,0.0,304.0,10.0
noise,5.0,adaptive_off,4200006,9.64000000000442,9.64000000000442,0.0,16.105,-6.46499999999558,10.000740599916478,-0.36074059991205765,0.535470432951143,0.10287349384007095,577.70588715595,5.2699999999979354,-0.594999999999959,-1.3994444444443717,-2.655000000000655,-14.220445459737293,26.936553286243356,27.424328954882924,50.0,-47.5,35.5,-31.0,310,310,0,1081.0,1085,910,0,0.2488479262672811,0.20100409074005207,0.8387096774193549,6.435483870967742,0.31299118437303786,0.191677812,1.4898242368177614,0.008917668825165976,0.0,nan,2.061457606425178,0.0,0.0,4913.0,22.0,0.0,1.4082332761578045,0.0,0.0,0.0,0.0,0.0,1.0651749404754,0.0,309.0,10.0
noise,5.0,adaptive_off,4200007,5.209999999996853,5.209999999996853,0.0,14.75,-9.540000000003147,5.487235302783338,-0.2772353027864849,0.3921363595311352,0.07592111225545962,426.3496054444545,4.020000000000437,-0.6480000000002292,-0.9883333333332808,-1.8299999999999272,17.302113078241007,17.90860071429474,19.757852655625356,50.0,-9.0,43.0,25.0,285,285,0,977.0,989,838,0,0.2568250758341759,0.19914390542193233,0.8473205257836198,6.410526315789474,0.3490478636828774,0.190705449,1.5097236438075743,0.00533265097236116,0.0,nan,1.6120437941374663,0.0,0.0,4765.0,20.0,0.0,1.3883495145631068,0.0,0.0,0.0,0.0,0.0,1.065174940475398,0.0,284.0,10.0
noise,5.0,adaptive_off,4200008,9.590000000004693,9.590000000004693,0.0,14.315,-4.7249999999953065,8.667527604875598,0.9224723951290947,0.513167244365449,0.10678779793864109,599.6874145392633,5.784999999996671,-0.5364999999998872,-1.0294444444443798,-3.274999999999636,-16.332381496287834,23.70835257260859,22.97886921758995,50.0,-50.0,26.0,44.0,282,282,0,960.0,943,783,0,0.26193001060445387,0.20765736534717716,0.8303287380699894,6.120567375886525,0.3523645224952178,0.191660631,1.4911458333333334,0.009989583333338221,0.0,nan,1.471908820977389,0.0,0.0,4741.0,22.0,0.0,1.3683609366076528,0.0,0.0,0.0,0.0,0.0,1.0651749404753976,0.0,281.0,10.0
noise,5.0,adaptive_off,4200009,6.009999999999081,6.009999999999081,0.0,14.41,-8.400000000000919,6.089723771963563,-0.07972377196448122,0.3241997169740294,0.10593117558336114,594.8768869753413,2.5399999999999636,-0.44099999999993994,-0.5777777777777575,-0.7799999999992906,20.436893203883496,11.402424840026583,20.99200456881782,43.0,-3.0,38.0,11.0,268,268,0,955.0,1005,854,0,0.23681592039800994,0.1900497512437811,0.8497512437810946,6.936567164179104,0.34461996560618147,0.2,1.5089005235602093,0.006293193717276525,0.0,nan,1.662375195829199,0.0,0.0,4879.0,21.5,0.0,1.3957738435179896,0.0,0.0,0.0,0.0,0.0,1.0651749404753965,0.0,266.0,10.0
noise,5.0,adaptive_off,4200010,10.034999999998035,10.034999999998035,0.0,13.69,-3.655000000001964,10.069969642234575,-0.034969642236539755,0.33413844804671,0.17161406440371635,963.7317799171475,2.0900000000006003,-0.2714999999998781,-0.6200000000000045,-1.4200000000000728,-0.061107938320959454,20.180743283085373,16.14677327241576,50.0,-30.0,41.0,31.0,247,247,0,895.0,997,856,0,0.22166499498495487,0.17961067629941802,0.8585757271815446,7.502024291497976,0.3443568516331658,0.197292495,1.529608938547486,0.011212290502791102,0.0,nan,1.5358995959876491,0.0,0.0,4654.0,16.5,0.0,1.3706453455168475,0.0,0.0,0.0,0.0,0.0,1.0651749404753947,0.0,245.0,10.0
noise,5.0,adaptive_off,4200011,5.290000000002692,5.290000000002692,0.0,19.11,-13.819999999997307,6.995432563317644,-1.705432563314952,0.48207490270978803,0.06270513411643956,352.1327387819334,4.530000000000882,-0.6334999999996398,-1.1933333333334606,-1.6749999999997272,10.688178183894918,25.603528825982046,25.679611650485437,50.0,-37.0,40.0,28.0,370,370,0,1258.0,1161,963,0,0.2747631352282515,0.21704623878536922,0.8294573643410853,5.7405405405405405,0.29945424843572044,0.159742612,1.5190779014308426,0.004205087440383698,0.0,nan,1.927341726084188,0.0,0.0,4990.0,32.5,0.0,1.4614065180102915,0.0,0.0,0.0,0.0,0.0,1.0651749404754047,0.0,370.0,10.0
noise,5.0,adaptive_off,4200012,9.530000000000086,9.530000000000086,0.0,14.955,-5.424999999999914,9.209537547438721,0.3204624525613653,0.39562494886471417,0.13764840416008553,772.9910832476119,6.335000000000491,-0.5145000000001344,-1.0511111111111404,-1.8699999999998909,21.497430039977157,15.278599465238218,22.182752712735578,50.0,-2.0,50.0,5.0,289,289,0,1009.0,943,781,0,0.2682926829268293,0.21445270988310308,0.8282078472958643,5.965397923875432,0.3564044699872477,0.196400834,1.4821605550049555,0.009444995044598697,0.0,nan,1.6135519893111083,0.0,0.0,4755.0,26.5,0.0,1.3788571428571428,0.0,0.0,0.0,0.0,0.0,1.065174940475398,0.0,289.0,10.0
noise,5.0,adaptive_off,4200013,8.665000000007183,8.665000000007183,0.0,14.13,-5.464999999992818,8.453423686959502,0.2115763130476811,0.3645201042521634,0.13583416973916573,762.802900980995,2.7700000000004366,-0.49349999999972166,-0.8766666666668042,-1.7550000000001091,14.84808680753855,20.101961556487634,20.455168475157052,50.0,-18.0,47.0,3.0,289,289,0,985.0,995,842,0,0.25125628140703515,0.20065186392340598,0.8462311557788945,6.356401384083045,0.3457767879959718,0.198321824,1.434517766497462,0.008796954314728104,0.0,nan,1.6778897026021664,0.0,0.0,4813.0,14.5,0.0,1.3554285714285714,0.0,0.0,0.0,0.0,0.0,1.065174940475398,0.0,289.0,10.0
noise,5.0,adaptive_off,4200014,11.5699999999988,11.5699999999988,0.0,14.395,-2.8250000000012,11.380791384922341,0.18920861507645803,0.2942012146130577,0.22472472046464645,1261.9848821673102,1.7899999999999636,-0.2999999999999545,-0.5210000000000263,-1.194999999999709,2.6693318103940604,19.630416484437987,16.53569388920617,41.0,-26.0,36.0,6.0,275,275,0,976.0,994,840,0,0.24748490945674045,0.19637826961770624,0.8450704225352113,6.669090909090909,0.35044121591129035,0.2,1.4748975409836065,0.011854508196720081,0.0,nan,1.4718554258387362,0.0,0.0,4658.0,11.0,0.0,1.3742857142857143,0.0,0.0,0.0,0.0,0.0,1.065174940475397,0.0,274.0,10.0
noise,5.0,adaptive_off,4200015,5.460000000007767,5.460000000007767,0.0,15.025,-9.564999999992233,5.341286402026709,0.11871359798105807,0.45310739383152926,0.06885784788505331,386.68448611190615,6.904999999997926,-0.5280000000001565,-1.1333333333331614,-2.074999999999818,-29.927470017133068,14.398778992989785,29.953740719588808,50.0,-49.5,-5.0,-26.0,281,281,0,994.0,1064,899,0,0.23308270676691728,0.1917808219178082,0.8449248120300752,6.98576512455516,0.3191534052363465,0.1992382125,1.511569416498994,0.005492957746486687,0.0,nan,1.4956931888789107,0.0,0.0,4907.0,29.5,0.0,1.4302857142857144,0.0,0.0,0.0,0.0,0.0,1.0651749404753976,0.0,281.0,10.0
noise,5.0,adaptive_off,4200016,-15.18999999999869,-15.18999999999869,0.0,15.41,-30.59999999999869,-12.577163644031256,-2.612836355967435,0.9437858100079949,-0.09197002018843368,-516.4753341352352,17.980000000000473,-0.9864999999999327,-2.6061111111110526,-9.400000000000546,32.86464877213021,12.624727165888869,32.879497430039976,50.0,4.0,48.0,40.0,299,299,0,1010.0,990,834,0,0.2676767676767677,0.20734962020119072,0.8424242424242424,6.1003344481605355,0.3451394534615385,0.2,1.5257425742574258,-0.015039603960394743,0.0,nan,2.1410003466251477,0.0,0.0,4895.0,58.5,0.0,1.4151913192461452,0.0,0.0,0.0,0.0,0.0,1.0651749404753994,0.0,297.0,10.0
noise,5.0,adaptive_off,4200017,14.120000000002165,14.120000000002165,0.0,16.47,-2.3499999999978343,14.509172619848245,-0.38917261984608054,0.23035601774146208,0.3502652766652856,1966.9820168684137,0.8649999999995543,-0.24300000000000635,-0.3727777777777419,-0.5199999999999818,-3.175328383780697,13.953974564976498,11.63449457452884,35.0,-25.0,20.0,-31.0,324,324,0,1135.0,1069,891,0,0.2656688493919551,0.21234798877455566,0.833489242282507,6.049382716049383,0.3257825604011247,0.176199597,1.451101321585903,0.012440528634363141,0.0,nan,1.8091453824853025,0.0,0.0,4783.0,20.5,0.0,1.3987414187643021,0.0,0.0,0.0,0.0,0.0,1.0651749404754007,0.0,320.0,10.0
noise,5.0,adaptive_off,4200018,10.880000000001473,10.880000000001473,0.0,16.765,-5.884999999998527,11.407720862523217,-0.5277208625217433,0.3095131963571115,0.20086842597723867,1128.0152729254276,3.4099999999993997,-0.3674999999998817,-0.7244444444443414,-0.9749999999994543,5.906910336950314,16.890682659370405,13.491147915476871,50.0,-23.0,36.0,31.0,315,315,0,1107.0,1086,910,0,0.2550644567219153,0.20413055504333394,0.8379373848987108,6.336507936507936,0.31901216880535055,0.1762503805,1.514453477868112,0.009828364950317501,0.0,nan,2.072392752226793,0.0,0.0,4924.0,19.5,0.0,1.4123358081096515,0.0,0.0,0.0,0.0,0.0,1.0651749404754005,0.0,308.0,10.0
noise,5.0,adaptive_off,4200019,13.690000000002328,13.690000000002328,0.0,12.535,1.1550000000023282,14.191908707550823,-0.5019087075484947,0.21536391090782103,0.3632389990450523,2039.8384497292436,1.1050000000000182,-0.26649999999998497,-0.4183333333332876,-0.7799999999997453,9.095374071958881,13.729271744859359,13.676756139348944,38.0,-15.0,32.0,-24.0,257,257,0,858.0,959,830,0,0.23566214807090718,0.1789363920750782,0.8654848800834203,6.961089494163424,0.36394481492371994,0.2,1.460955710955711,0.01595571095571367,0.0,nan,1.5746662080613953,0.0,0.0,4792.0,21.5,0.0,1.3689320388349515,0.0,0.0,0.0,0.0,0.0,1.0651749404753956,0.0,256.0,10.0
noise,5.0,adaptive_off,4200020,12.205000000000155,12.205000000000155,0.0,15.565,-3.359999999999845,11.823612863830181,0.3813871361699732,0.16865617321017518,0.41352092731255197,2322.206287093128,1.3899999999996453,-0.18300000000009503,-0.31277777777775856,-0.4650000000001455,-0.307824100513992,9.91324684728953,7.49571673329526,28.0,-20.0,14.0,9.0,300,300,0,1001.0,1046,893,0,0.248565965583174,0.19139579349904398,0.8537284894837476,6.463333333333333,0.33290251716379304,0.1979110985,1.554945054945055,0.012192807192807346,0.0,nan,1.704999923786419,0.0,0.0,4823.0,15.0,0.0,1.3946316390633924,0.0,0.0,0.0,0.0,0.0,1.0651749404753994,0.0,300.0,10.0
noise,5.0,adaptive_off,4200021,-2.25,-2.25,0.0,15.055,-17.305,2.4249004019680993,-4.674900401968099,0.6028270154107853,-0.02132808007680544,-119.77193504537757,9.490000000000691,-0.9300000000003819,-1.8088888888889616,-4.255000000000109,-9.576242147344376,30.883465601476527,27.986293546544832,50.0,-50.0,45.5,-50.0,275,275,0,968.0,1034,877,0,0.23887814313346228,0.18969233784048598,0.8481624758220503,6.949090909090909,0.3218876278867377,0.18714778,1.5552685950413223,-0.0023243801652892563,0.0,nan,2.5416039568834408,0.0,0.0,4718.0,18.0,0.0,1.4220445459737292,0.0,0.0,0.0,0.0,0.0,1.0651749404753972,0.0,275.0,10.0
noise,5.0,adaptive_off,4200022,6.470000000000255,6.470000000000255,0.0,15.285,-8.814999999999745,6.577935415702304,-0.10793541570204912,0.44376747080479706,0.08331261528561407,467.8580120908708,6.735000000001037,-0.4790000000001782,-1.0994444444444424,-3.599999999999909,16.723586521987436,17.356710690198,19.338092518560824,50.0,-8.0,48.0,10.0,289,289,0,1030.0,1032,866,0,0.24806201550387597,0.20105406988092914,0.8391472868217055,6.567474048442906,0.3294899175601942,0.167672422,1.4839805825242718,0.0062815533980585,0.0,nan,1.536395978564771,0.0,0.0,4863.0,13.5,0.0,1.3832095945174185,0.0,0.0,0.0,0.0,0.0,1.0651749404753985,0.0,289.0,10.0
noise,5.0,adaptive_off,4200023,9.120000000001141,9.120000000001141,0.0,13.58,-4.459999999998859,8.95999999999716,0.16000000000398096,0.871242730190371,0.05981603508233004,335.90844758427687,10.144999999998618,-0.7289999999998599,-1.5644444444442343,-3.849999999998545,29.329525985151342,16.469463002694596,29.503141062250144,50.0,1.0,50.0,10.0,264,264,0,938.0,893,740,0,0.2687569988801792,0.21469443808651864,0.8286674132138858,6.1856060606060606,0.35887853695510663,0.186720378,1.4477611940298507,0.009722814498935119,0.0,nan,1.5926947255919581,0.0,0.0,4690.0,35.0,0.0,1.3649343232438607,0.0,0.0,0.0,0.0,0.0,1.0651749404753963,0.0,264.0,10.0
noise,5.0,adaptive_inventory,4200000,5.530000000000626,5.530000000000626,0.0,15.36,-9.829999999999373,5.499999999999905,0.03000000000072145,0.07710278257274164,0.40984253674879967,2301.549577530583,0.6850000000001728,-0.0765000000000441,-0.13722222222220953,-0.4700000000000273,-0.2033123929183324,3.6514019266257804,2.9994288977727015,11.0,-5.0,5.0,2.0,352,352,0,1244.0,1150,971,2,0.26521739130434785,0.21597222222222223,0.8443478260869566,6.03125,0.3031165080060976,0.17671594000000002,1.234726688102894,0.004445337620579281,0.0,nan,1.5744474439541774,0.0,0.0,4802.0,16.5,0.0,1.3512278697886921,0.30808368996671437,0.0,0.0,0.0,0.0,1.0651749404754036,0.0,352.0,10.0
noise,5.0,adaptive_inventory,4200001,2.625000000000753,2.625000000000753,0.0,16.315,-13.689999999999248,2.6299999999999812,-0.004999999999228066,0.11461203924644002,0.13087630321061772,734.9610480958548,0.974999999999909,-0.11050000000004725,-0.34333333333331795,-0.7549999999998249,0.22729868646487722,4.034370828964634,3.2781267846944604,14.0,-5.0,6.0,1.0,384,384,0,1351.0,1208,1014,0,0.2723509933774834,0.22337962962962962,0.8394039735099338,5.786458333333333,0.28817743349419567,0.167118918,1.2076239822353811,0.0019430051813477077,0.0,nan,2.35722404043968,0.0,0.0,4913.0,49.0,0.0,1.3489434608794975,0.33893058161350975,0.0,0.0,0.0,0.0,1.065174940475406,0.0,383.0,10.0
noise,5.0,adaptive_inventory,4200002,7.105000000000459,7.105000000000459,0.0,15.705,-8.599999999999541,7.109999999999705,-0.00499999999924583,0.0743192090080825,0.5462921436043165,3067.8085839865516,0.48499999999989996,-0.05599999999996326,-0.09833333333334811,-0.18500000000000227,0.20959451741861793,3.591035129621318,2.7167332952598513,12.0,-6.0,5.0,1.0,365,365,0,1309.0,1160,963,0,0.2637931034482759,0.22596236837562575,0.8301724137931035,5.816438356164384,0.298355965619171,0.19023619949999998,1.1997708174178763,0.005427807486631366,0.0,nan,1.5165699797777168,0.0,0.0,4833.0,26.0,0.0,1.333523700742433,0.28558601134215666,0.0,0.0,0.0,0.0,1.0651749404754047,0.0,365.0,10.0
noise,5.0,adaptive_inventory,4200003,2.6549999999992338,2.6549999999992338,0.0,12.82,-10.165000000000767,2.609999999999746,0.044999999999487894,0.1330693116677185,0.11401147553320257,640.2533651793997,2.10000000000025,-0.08400000000000316,-0.39555555555558425,-1.1900000000000261,0.041119360365505425,3.7616781349106123,2.9366076527698457,17.0,-6.0,5.0,-5.0,309,309,0,1081.0,1049,896,2,0.25452812202097236,0.20610104861773118,0.8541468064823642,6.300970873786408,0.33145869186437443,0.2,1.1859389454209066,0.002456059204439624,0.0,nan,1.4464360567506038,0.0,0.0,4691.0,28.5,0.0,1.3102857142857143,0.3060738581146742,0.0,0.0,0.0,0.0,1.0651749404754,0.0,309.0,10.0
noise,5.0,adaptive_inventory,4200004,5.9150000000000205,5.9150000000000205,0.0,16.865000000000002,-10.949999999999982,5.915555555555961,-0.0005555555559402237,0.09016899841887298,0.37485167399758484,2105.051659034023,0.7750000000001478,-0.07950000000001436,-0.20500000000002513,-0.3349999999999227,-0.38720731010850945,3.608280457573419,2.8338092518560822,14.0,-5.0,5.0,-3.0,393,393,0,1385.0,1250,1045,1,0.2656,0.22149368303214456,0.836,5.842239185750636,0.27730188675721157,0.135060498,1.2176895306859206,0.0042707581227436975,0.0,nan,1.6955189960717836,0.0,0.0,4975.0,31.0,0.0,1.3774985722444317,0.29426305970149247,0.0,0.0,0.0,0.0,1.065174940475407,0.0,393.0,10.0
noise,5.0,adaptive_inventory,4200005,6.274999999999125,6.274999999999125,0.0,17.775000000000002,-11.500000000000878,6.269999999999848,0.004999999999276916,0.08975450004955098,0.39950245210370644,2243.4828438154073,0.9199999999999449,-0.06300000000001943,-0.20277777777776862,-0.5499999999998408,0.1353512278697887,3.7845248149287456,3.042261564820103,14.0,-5.0,6.0,5.0,401,401,0,1433.0,1268,1060,2,0.27208201892744477,0.2262036306235201,0.8359621451104101,5.8104738154613464,0.27433665476935226,0.163356399,1.2404047452896023,0.0043789253314718245,0.0,nan,1.770903063973322,0.0,0.0,4908.0,33.0,0.0,1.3729297544260424,0.31510925151092717,0.0,0.0,0.0,0.0,1.0651749404754074,0.0,401.0,10.0
noise,5.0,adaptive_inventory,4200006,4.3299999999998136,4.3299999999998136,0.0,15.805,-11.475000000000186,4.320000000000107,0.009999999999706688,0.09094217654393834,0.27207240999891474,1527.8749376727885,0.9300000000000637,-0.07999999999989597,-0.25666666666667953,-0.4900000000001796,-0.7093089663049685,3.6494789895822373,2.9091947458595087,15.0,-6.0,5.0,2.0,356,356,0,1296.0,1228,1043,3,0.247557003257329,0.21107491856677524,0.8493485342019544,6.387640449438202,0.28323173223491027,0.155304043,1.2195216049382716,0.0033410493827159054,0.0,nan,2.147247248428175,0.0,0.0,4894.0,31.5,0.0,1.3579188107489994,0.30432715168806473,0.0,0.0,0.0,0.0,1.0651749404754036,0.0,354.0,10.0
noise,5.0,adaptive_inventory,4200007,4.750000000000057,4.750000000000057,0.0,15.305,-10.554999999999943,4.700000000000217,0.04999999999983995,0.1020739372707307,0.265913688338155,1493.2894518691567,0.7400000000001228,-0.0649999999999494,-0.27166666666664224,-0.5949999999996862,0.579097658480868,3.7242774740571494,2.928612221587664,12.0,-5.0,7.0,-5.0,363,363,0,1301.0,1148,960,0,0.27264808362369336,0.22697138869504535,0.8362369337979094,5.807162534435261,0.3036098465671902,0.15016514250000002,1.176402767102229,0.0036510376633359393,0.0,nan,1.764760699303787,0.0,0.0,4738.0,24.0,0.0,1.3306681896059394,0.30302886890677205,0.0,0.0,0.0,0.0,1.0651749404754045,0.0,362.0,10.0
noise,5.0,adaptive_inventory,4200008,5.240000000000407,5.240000000000407,0.0,15.605,-10.364999999999593,5.289999999999959,-0.04999999999955218,0.11590968116248926,0.25832921670178477,1450.697392906815,0.9099999999998545,-0.06949999999998652,-0.2955555555555094,-0.849999999999909,0.6350656767561393,3.5899000849468354,2.8052541404911477,14.0,-5.0,6.0,-2.0,358,358,0,1272.0,1144,957,0,0.26486013986013984,0.22210581456259823,0.8365384615384616,5.868715083798882,0.3044538181908931,0.165066579,1.2268081761006289,0.004119496855346232,0.0,nan,1.6831422465598431,0.0,0.0,4734.0,23.0,0.0,1.3323814962878355,0.29264356905553157,0.0,0.0,0.0,0.0,1.065174940475404,0.0,358.0,10.0
noise,5.0,adaptive_inventory,4200009,6.130000000000393,6.130000000000393,0.0,15.72,-9.589999999999607,6.089999999999575,0.04000000000081805,0.07615112232827462,0.4599875925343743,2583.1487811517404,0.31999999999993634,-0.06150000000004638,-0.1211111111110878,-0.1750000000000682,0.31753283837806967,3.4706447623950263,2.799543118218161,12.0,-5.0,5.0,-4.0,345,345,0,1262.0,1130,935,0,0.25663716814159293,0.22399716009939652,0.827433628318584,5.9855072463768115,0.30836538251152484,0.1890105165,1.2456418383518224,0.004857369255150866,0.0,nan,1.510120820351106,0.0,0.0,4872.0,25.5,0.0,1.3489434608794975,0.2921241050119367,0.0,0.0,0.0,0.0,1.065174940475403,0.0,343.0,10.0
noise,5.0,adaptive_inventory,4200010,2.4850000000004258,2.4850000000004258,0.0,15.18,-12.694999999999574,2.4699999999994167,0.015000000001009095,0.11699636500885971,0.1213712921673004,681.5838307754896,1.3249999999995907,-0.12650000000002706,-0.34944444444440925,-0.7699999999999534,0.1776127926898915,3.954463997341101,3.233009708737864,17.0,-6.0,5.5,1.0,338,338,0,1217.0,1146,976,1,0.26352530541012215,0.21216875871687588,0.8516579406631762,6.281065088757397,0.30421730398164337,0.163046209,1.247329498767461,0.002041906327034039,0.0,nan,1.9381628055769742,0.0,0.0,4639.0,16.5,0.0,1.3363792118789264,0.33740421455938735,0.0,0.0,0.0,0.0,1.0651749404754025,0.0,334.0,10.0
noise,5.0,adaptive_inventory,4200011,7.18000000000049,7.18000000000049,0.0,19.85,-12.669999999999511,7.180000000000044,4.4586556668946287e-13,0.0911851992282415,0.4499477083542636,2526.767880876002,0.535000000000025,-0.08650000000001512,-0.19611111111110485,-0.359999999999971,-0.08966304968589378,3.657754481595168,2.9588806396344944,13.0,-5.0,5.0,1.0,451,451,0,1579.0,1298,1071,0,0.2935285053929122,0.24318496842753734,0.825115562403698,5.252771618625277,0.26736550817438276,0.130960307,1.2571247625079165,0.00454718176060829,0.0,nan,2.024649924796703,0.0,0.0,4975.0,35.5,0.0,1.402745995423341,0.30195899772209683,0.0,0.0,0.0,0.0,1.0651749404754107,0.0,450.0,10.0
noise,5.0,adaptive_inventory,4200012,4.439999999999486,4.439999999999486,0.0,15.36,-10.920000000000513,4.440000000000234,-7.478462293875054e-13,0.09322297017091126,0.2721585519632197,1528.3586844383792,0.8749999999998863,-0.1224999999999184,-0.24333333333331256,-0.43499999999994543,0.07824100513992005,3.685081984206477,2.766990291262136,13.0,-5.0,6.0,0.0,351,351,0,1246.0,1138,954,0,0.2609841827768014,0.21898066783831283,0.8383128295254832,5.9601139601139606,0.3056742364903169,0.1553063555,1.232744783306581,0.0035634028892451734,0.0,nan,1.6687228662895335,0.0,0.0,4736.0,35.5,0.0,1.34,0.2906011450381692,0.0,0.0,0.0,0.0,1.0651749404754032,0.0,351.0,10.0
noise,5.0,adaptive_inventory,4200013,5.325000000000159,5.325000000000159,0.0,15.585,-10.259999999999842,5.345714285714594,-0.02071428571443512,0.07899122813015938,0.38521456304531754,2163.2464552574907,0.4899999999998954,-0.10199999999996404,-0.17722222222222367,-0.28000000000002956,0.1564820102798401,3.6139462658327233,2.841804683038264,12.0,-6.0,5.0,-1.0,375,375,0,1317.0,1185,993,1,0.2683544303797468,0.22205361659079415,0.8379746835443038,5.810666666666667,0.2933605134539307,0.151304662,1.183371298405467,0.004043280182232467,0.0,nan,1.8495684461166904,0.0,0.0,4799.0,18.5,0.0,1.3194285714285714,0.2965127238454299,0.0,0.0,0.0,0.0,1.0651749404754052,0.0,375.0,10.0
noise,5.0,adaptive_inventory,4200014,3.2650000000006685,3.2650000000006685,0.0,15.555,-12.289999999999331,3.239999999999793,0.025000000000875655,0.23286705580963446,0.0801192886313581,449.9252721895348,3.4050000000004275,-0.0530000000000001,-0.4627777777777895,-2.875,0.32038834951456313,3.934737600685615,3.114220445459737,21.0,-5.0,6.0,5.0,353,353,0,1249.0,1125,942,0,0.26311111111111113,0.22212342166103505,0.8373333333333334,5.855524079320113,0.30963602090561,0.178550043,1.2453963170536428,0.00261409127301895,0.0,nan,2.0049632900485355,0.0,0.0,4637.0,27.0,0.0,1.3222857142857143,0.32452380952381055,0.0,0.0,0.0,0.0,1.0651749404754034,0.0,351.0,10.0
noise,5.0,adaptive_inventory,4200015,5.9249999999995,5.9249999999995,0.0,15.870000000000001,-9.945000000000501,5.939999999999646,-0.01500000000014623,0.08020345639108577,0.4221406954339571,2370.612252553934,0.5200000000000955,-0.0714999999999918,-0.13166666666668744,-0.22499999999990905,-0.7898343803540834,3.5891723593326246,3.0011422044545975,13.0,-5.0,5.0,-3.0,355,355,0,1289.0,1205,1005,0,0.24647302904564317,0.21362280411004309,0.8340248962655602,6.225352112676056,0.28872410033582707,0.144809508,1.2311869666408068,0.004596586501163305,0.0,nan,1.4611453656704914,0.0,0.0,4899.0,36.0,0.0,1.3588571428571428,0.3061787072243351,0.0,0.0,0.0,0.0,1.0651749404754038,0.0,355.0,10.0
noise,5.0,adaptive_inventory,4200016,6.960000000000491,6.960000000000491,0.0,17.465,-10.504999999999509,6.900000000000024,0.06000000000046679,0.07497474123103139,0.5304643659773024,2978.924655052084,0.36000000000001364,-0.0430000000000092,-0.08944444444441678,-0.209999999999809,0.2826956025128498,3.3502103786542716,2.592233009708738,13.0,-5.0,5.0,-6.0,402,402,0,1364.0,1157,959,0,0.28867761452031115,0.23647711511789182,0.8288677614520311,5.263681592039801,0.30126499774112553,0.154169526,1.280425219941349,0.005102639296188044,0.0,nan,2.050990611562822,0.0,0.0,4872.0,45.0,0.0,1.3649343232438607,0.27333952624245234,0.0,0.0,0.0,0.0,1.0651749404754076,0.0,400.0,10.0
noise,5.0,adaptive_inventory,4200017,4.180000000000163,4.180000000000163,0.0,17.295,-13.114999999999839,4.169999999999778,0.010000000000385256,0.11810543979718514,0.20224059388570598,1135.7209456823032,2.4850000000001273,-0.07649999999998726,-0.3216666666666804,-1.0299999999997453,0.13763563677898344,4.1013592634448415,3.1233580810965162,15.0,-7.0,6.0,1.0,409,409,0,1439.0,1226,1018,0,0.27895595432300163,0.23447938732279616,0.8303425774877651,5.486552567237164,0.2839460871151961,0.1509680365,1.2018763029881863,0.002904794996525478,0.0,nan,1.9246668358574521,0.0,0.0,4794.0,29.5,0.0,1.3369565217391304,0.32268712226871393,0.0,0.0,0.0,0.0,1.0651749404754074,0.0,407.0,10.0
noise,5.0,adaptive_inventory,4200018,5.855000000000359,5.855000000000359,0.0,18.37,-12.514999999999642,6.002500000000282,-0.1474999999999227,0.08829591796749005,0.37892060728632554,2127.9015363698186,0.7950000000000728,-0.08649999999996964,-0.18555555555554626,-0.3949999999999676,0.005139920045688178,3.9287597888422146,3.1507709880068533,13.0,-6.0,6.0,-9.0,405,405,0,1487.0,1296,1070,1,0.26697530864197533,0.22954615622105587,0.8256172839506173,5.844444444444444,0.26857813140726433,0.1398816195,1.2353732347007398,0.003937457969065474,0.0,nan,2.197084588030996,0.0,0.0,4923.0,16.5,0.0,1.3592233009708738,0.32359498374361456,0.0,0.0,0.0,0.0,1.0651749404754076,0.0,396.0,10.0
noise,5.0,adaptive_inventory,4200019,5.9700000000003115,5.9700000000003115,0.0,13.765,-7.794999999999689,6.074074074074133,-0.10407407407382152,0.06680464375273143,0.5106574004130164,2867.6948310609587,0.34499999999997044,-0.05650000000000545,-0.10722222222220996,-0.23499999999992838,-0.4391776127926899,3.444035095061473,2.712164477441462,11.0,-5.0,5.0,-4.0,323,323,0,1148.0,1131,966,0,0.2493368700265252,0.2033658104517272,0.8541114058355438,6.492260061919505,0.30818448469441984,0.15779414,1.19904181184669,0.005200348432056021,0.0,nan,1.779634275009094,0.0,0.0,4758.0,18.5,0.0,1.3255282695602513,0.2783888084901121,0.0,0.0,0.0,0.0,1.0651749404754012,0.0,322.0,10.0
noise,5.0,adaptive_inventory,4200020,5.335000000000051,5.335000000000051,0.0,15.675,-10.33999999999995,5.350000000000068,-0.015000000000017444,0.07972055051274163,0.38240722234904895,2147.481293728048,0.5149999999998727,-0.0659999999999968,-0.16611111111109267,-0.4799999999998761,0.7447173043974872,3.47388796081372,2.7801256424900056,10.0,-5.0,6.0,-1.0,359,359,0,1261.0,1162,976,0,0.25817555938037867,0.21722652885443583,0.8399311531841652,5.955431754874652,0.29879901936034486,0.1647650625,1.2430610626486915,0.0042307692307692706,0.0,nan,1.7074604212054338,0.0,0.0,4830.0,22.0,0.0,1.3369503141062251,0.28909952606635203,0.0,0.0,0.0,0.0,1.0651749404754043,0.0,359.0,10.0
noise,5.0,adaptive_inventory,4200021,4.050000000000978,4.050000000000978,0.0,17.315,-13.264999999999024,4.037500000000486,0.01250000000049134,0.1019654953068305,0.2269675351767004,1274.579839474465,1.365000000000066,-0.14999999999993746,-0.2994444444443947,-0.6199999999998909,-0.6242147344374643,3.4620182161055135,2.653912050256996,15.0,-6.0,5.0,-4.0,383,383,0,1378.0,1261,1058,2,0.26011102299762096,0.21855670103092784,0.8390166534496432,6.060052219321149,0.2761270213216839,0.13188188,1.2565312046444121,0.002939042089986196,0.0,nan,1.7641467945218798,0.0,0.0,4656.0,28.5,0.0,1.3672187321530553,0.28293483356774607,0.0,0.0,0.0,0.0,1.065174940475406,0.0,383.0,10.0
noise,5.0,adaptive_inventory,4200022,4.1599999999996555,4.1599999999996555,0.0,15.67,-11.510000000000344,4.133999999999448,0.026000000000207635,0.10241932224824038,0.23209906148187787,1303.3969122299147,1.1800000000005184,-0.09999999999998295,-0.2500000000000505,-0.7450000000001182,0.31010850942318674,3.8941308822420866,3.1656196459166193,14.0,-5.0,6.0,-2.0,365,365,0,1284.0,1163,975,0,0.26741186586414445,0.22084623323013416,0.8383490971625107,5.857534246575343,0.2991457466838932,0.164393771,1.220404984423676,0.003239875389407831,0.0,nan,1.6285781793656562,0.0,0.0,4867.0,22.5,0.0,1.3443746430611079,0.325850661625712,0.0,0.0,0.0,0.0,1.0651749404754047,0.0,364.0,10.0
noise,5.0,adaptive_inventory,4200023,0.6099999999997863,0.6099999999997863,0.0,14.575000000000001,-13.965000000000215,0.5880000000000493,0.021999999999737008,0.2155442685187772,0.01617168626039994,90.81521399862267,3.230000000000075,-0.10300000000001999,-0.5188888888888733,-2.564999999999941,0.1736150770988007,4.157742120569138,3.4757281553398056,16.0,-6.0,5.0,2.0,332,332,0,1200.0,1087,905,3,0.25666973321067155,0.22095378383354816,0.8325666973321068,6.009036144578313,0.3197374415281106,0.160942022,1.2145833333333333,0.0005083333333331553,0.0,nan,1.6154505258412328,0.0,0.0,4677.0,37.0,0.0,1.3283837806967447,0.35069611137782075,0.0,0.0,0.0,0.0,1.065174940475402,0.0,332.0,10.0
noise,5.0,adaptive_full,4200000,4.5300000000004275,4.5300000000004275,0.0,10.055,-5.524999999999572,4.47000000000031,0.06000000000011774,0.111837775430027,0.23145770010341915,1299.7952240758596,1.0949999999998,-0.16800000000002768,-0.2777777777778094,-0.5299999999999727,2.2826956025128498,6.19615886967853,5.047972587093089,17.0,-7.0,12.0,4.0,159,159,0,582.0,661,570,0,0.2087745839636914,0.17841814837522993,0.8623298033282905,7.7421383647798745,0.5267482202230652,0.220436552,1.72766323024055,0.00778350515463991,0.0,nan,1.5767556197522152,0.0,0.0,4792.0,13.0,0.0,1.4357509994288977,0.49905759162304086,0.19562509984853585,0.0,0.7033453162408774,0.17836632395856755,1.0651749404753883,937.0,159.0,10.0
noise,5.0,adaptive_full,4200001,5.754999999998915,5.754999999998915,0.0,11.945,-6.190000000001085,5.649999999999785,0.10499999999913001,0.12398247267405438,0.2652448654751667,1489.5335484679024,0.8750000000002274,-0.10950000000008797,-0.22611111111110127,-0.3750000000001137,-1.763563677898344,5.1401886470841465,4.170188463735008,21.0,-10.0,7.0,-3.0,180,180,0,617.0,697,601,1,0.22094691535150646,0.179100145137881,0.8622668579626973,7.216666666666667,0.5015116237928058,0.249775868,1.9359805510534847,0.009327390599674093,0.0,nan,1.8969508892391052,0.0,0.0,4944.0,45.0,0.0,1.4542857142857142,0.4214730290456449,0.19010137594138654,0.0,0.7045696304100881,0.18323955210868434,1.0651749404753885,907.0,180.0,10.0
noise,5.0,adaptive_full,4200002,9.210000000000605,9.210000000000605,0.0,12.045,-2.834999999999395,9.219999999999832,-0.009999999999227072,0.10372213258595445,0.5073996274128053,2849.4001803109268,0.4000000000000341,-0.0645000000000209,-0.09944444444445505,-0.14999999999997726,-1.1067961165048543,5.379542712717486,4.452312964020559,17.0,-10.0,6.0,2.0,209,209,0,732.0,619,506,0,0.27948303715670436,0.2395287958115183,0.8174474959612278,5.382775119617225,0.5594994072755268,0.279216475,1.6454918032786885,0.01258196721311558,0.0,nan,1.5004062831452896,0.0,0.0,4845.0,31.5,0.0,1.424,0.44479060265577386,0.19852303851975767,0.0,0.4238061951702476,0.17064736596683483,1.0651749404753912,1063.0,209.0,10.0
noise,5.0,adaptive_full,4200003,4.3149999999999835,4.3149999999999835,0.0,10.755,-6.440000000000017,4.300000000000674,0.014999999999309566,0.13197721478223198,0.18682878630093913,1049.1729765108073,1.980000000000473,-0.16049999999995063,-0.35444444444442524,-0.985000000000241,-0.6470588235294118,6.198408186848822,4.937178754997144,20.0,-11.0,10.0,-1.0,174,174,0,629.0,602,503,0,0.24750830564784054,0.2135823429541596,0.8355481727574751,6.350574712643678,0.5792889224516666,0.3,1.7098569157392687,0.006860095389507128,0.0,nan,1.4032147654205054,0.0,0.0,4676.0,20.5,0.0,1.3794285714285714,0.49729025534132254,0.1937461881376583,0.0,0.5612461743100455,0.16700198202746716,1.065174940475388,962.0,173.0,10.0
noise,5.0,adaptive_full,4200004,7.030000000000541,7.030000000000541,0.0,12.485,-5.454999999999458,7.030000000000124,4.1744385725905886e-13,0.1492643812194348,0.2691293679258638,1511.3477189667497,1.2699999999999818,-0.10250000000002613,-0.35222222222220506,-0.9099999999999682,1.342661336379212,5.97177844103526,4.657338663620788,20.0,-7.0,13.0,0.0,208,208,0,704.0,690,581,0,0.2492753623188406,0.20816085156712005,0.8420289855072464,6.110576923076923,0.5013898261802325,0.274200147,1.7734375,0.009985795454546224,0.0,nan,1.73062783393116,0.0,0.0,4994.0,27.0,0.0,1.50428326670474,0.46830015313935963,0.1933466959283061,0.0,0.5542564898120266,0.17905591112965233,1.0651749404753914,995.0,208.0,10.0
noise,5.0,adaptive_full,4200005,7.710000000000235,7.710000000000235,0.0,11.85,-4.139999999999764,7.709999999999815,4.2010839251815923e-13,0.10714474656243775,0.41119274878745693,2309.131952878443,0.5,-0.07300000000003024,-0.14277777777779477,-0.25,-1.2832667047401485,5.1838555621390405,4.303255282695602,15.0,-10.0,7.0,0.0,182,182,0,644.0,687,585,0,0.22416302765647744,0.19053254437869824,0.851528384279476,6.989010989010989,0.5087451631226276,0.226366925,1.8400621118012421,0.011972049689441358,0.0,nan,1.758885330075345,0.0,0.0,4919.0,36.5,0.0,1.4528840662478584,0.4344720496894432,0.19671154670715696,0.0,0.4975172334549144,0.18469338988484188,1.0651749404753887,1010.0,182.0,10.0
noise,5.0,adaptive_full,4200006,3.875000000000682,3.875000000000682,0.0,11.385,-7.509999999999318,3.8200000000000554,0.05500000000062677,0.1226438031987555,0.1805460737953186,1013.8911962745117,1.7299999999997908,-0.1499999999998977,-0.2894444444444528,-0.8099999999999454,0.9000571102227298,6.511664620100249,4.71273557966876,18.0,-9.0,14.0,15.0,194,194,0,693.0,713,610,0,0.24123422159887797,0.1961505802434192,0.8555399719495091,6.819587628865979,0.487152030554149,0.235163491,1.6428571428571428,0.0055916305916315755,0.0,nan,2.120827085075261,0.0,0.0,4898.0,29.0,0.0,1.4625500285877644,0.4647785787847596,0.197879804790227,0.0,0.549407844348519,0.18592453564687383,1.0651749404753899,923.0,194.0,10.0
noise,5.0,adaptive_full,4200007,6.05000000000058,6.05000000000058,0.0,12.530000000000001,-6.479999999999421,5.969999999999199,0.08000000000138119,0.11889198365189321,0.2907801477402751,1632.9318364435749,0.7199999999999136,-0.11949999999997088,-0.2794444444444303,-0.5099999999999909,-0.816105082809823,6.326577059601083,4.934894346087949,18.0,-13.0,9.0,-4.0,184,184,0,724.0,686,573,0,0.25072886297376096,0.2136323399232812,0.8352769679300291,6.842391304347826,0.5076843105248539,0.2289263885,1.7306629834254144,0.008356353591161022,0.0,nan,1.6987070368328125,0.0,0.0,4744.0,20.0,0.0,1.4271844660194175,0.4933815925542913,0.18507946345991028,0.0,0.5019023021616286,0.1766858371964751,1.065174940475389,1014.0,184.0,10.0
noise,5.0,adaptive_full,4200008,3.664999999999253,3.664999999999253,0.0,11.525,-7.860000000000747,3.6833333333333376,-0.01833333333408449,0.1647615732696025,0.12711008232838175,713.8111104901594,2.7300000000002456,-0.2060000000000741,-0.4427777777778551,-0.9249999999999545,-3.345516847515705,8.775581428937167,6.816676185037122,24.0,-20.0,8.0,-1.0,194,194,0,647.0,653,553,0,0.24655436447166923,0.20080695220360026,0.8468606431852986,6.216494845360825,0.5347923842288786,0.3,1.7812982998454405,0.005664605873260051,0.0,nan,1.7691709076190583,0.0,0.0,4738.0,23.0,0.0,1.4266133637921188,0.6711637487126728,0.19206541032565408,0.0,0.7506715416220846,0.18361106576584865,1.0651749404753899,1057.0,192.0,10.0
noise,5.0,adaptive_full,4200009,6.379999999999882,6.379999999999882,0.0,10.97,-4.590000000000119,6.340000000000017,0.03999999999986503,0.10476309970955827,0.34799603064642753,1954.2386294751796,0.5099999999999909,-0.08150000000002677,-0.1522222222222559,-0.3000000000000682,0.7761279268989149,4.520038646988642,3.584808680753855,16.0,-7.0,7.0,-6.0,176,176,0,612.0,640,544,0,0.240625,0.1934260429835651,0.85,6.7272727272727275,0.5460846163573667,0.26600716950000003,1.792483660130719,0.010424836601306997,0.0,nan,1.8758648225758572,0.0,0.0,4875.0,20.5,0.0,1.4266133637921188,0.3633956386292829,0.19326724350330815,0.0,0.64571854395333,0.1712391174252445,1.0651749404753883,1074.0,174.0,10.0
noise,5.0,adaptive_full,4200010,1.5099999999987972,1.5099999999987972,0.0,8.655,-7.145000000001202,1.4699999999998743,0.0399999999989229,0.128801300618629,0.06699133772036285,376.2027393535581,1.4200000000001864,-0.21299999999999386,-0.34000000000000974,-0.8099999999999454,-0.08052541404911479,7.344957357380342,5.842946887492861,20.0,-12.0,11.0,4.0,118,118,0,438.0,623,550,0,0.17656500802568217,0.1407002891101831,0.8828250401284109,9.940677966101696,0.5620181427278583,0.216627608,1.976027397260274,0.00344748858447214,0.0,nan,2.1504848809925634,0.0,0.0,4697.0,26.5,0.0,1.4231867504283267,0.5855995717344783,0.19500773923499595,0.0,1.1486572370001975,0.19158085032868044,1.0651749404753892,1064.0,117.0,10.0
noise,5.0,adaptive_full,4200011,7.460000000000207,7.460000000000207,0.0,14.755,-7.294999999999794,7.186515151515213,0.2734848484849941,0.16933678706897717,0.25173839758285016,1413.6853807347795,1.8749999999998295,-0.13600000000006102,-0.355000000000015,-0.8150000000000546,-1.5294117647058822,5.934644785874269,4.826956025128498,19.0,-11.0,10.0,-5.0,224,224,0,811.0,788,659,0,0.24238578680203046,0.2101036269430052,0.8362944162436549,6.459821428571429,0.4420224807340967,0.2,1.8193588162762022,0.00919852034525303,0.0,nan,2.2706594850926742,0.0,0.0,5000.0,41.5,0.0,1.522883295194508,0.4828585961342864,0.1921965627594481,0.0,0.7056502372744407,0.19319958903487736,1.065174940475392,954.0,222.0,10.0
noise,5.0,adaptive_full,4200012,6.300000000000466,6.300000000000466,0.0,11.9,-5.599999999999534,6.39999999999969,-0.09999999999922426,0.11918545386830755,0.30205028240929804,1696.2214449160622,0.7300000000001319,-0.10149999999998727,-0.19777777777778896,-0.47000000000025466,-2.6002284408909193,5.69930711613361,5.066247858366648,19.0,-10.0,7.0,-5.0,189,189,0,663.0,624,523,0,0.2548076923076923,0.2167374959136973,0.8381410256410257,6.068783068783069,0.5542201141511254,0.2,1.794871794871795,0.009502262443439618,0.0,nan,1.760446235431529,0.0,0.0,4750.0,32.5,0.0,1.4268571428571428,0.5058428128231641,0.1968589150378,0.0,0.5992179653699808,0.18104474513529972,1.065174940475389,1067.0,189.0,10.0
noise,5.0,adaptive_full,4200013,7.7849999999998545,7.7849999999998545,0.0,11.61,-3.825000000000145,6.659764705882151,1.1252352941177035,0.1378520303296732,0.3227062683032368,1812.2191058343358,0.8199999999999648,-0.07500000000004547,-0.25850000000006335,-0.6900000000001114,3.3398058252427183,5.650935824308351,4.977727013135351,17.0,-6.0,15.0,11.0,200,200,0,695.0,680,576,0,0.2529411764705882,0.20715350223546944,0.8470588235294118,6.28,0.5132840961460178,0.289740643,1.6705035971223021,0.011201438848920654,0.0,nan,1.8604461690794585,0.0,0.0,4811.0,22.0,0.0,1.4017142857142857,0.5007190549563464,0.18873371714232962,0.0,0.5792477049747776,0.1758405401281217,1.0651749404753903,954.0,200.0,10.0
noise,5.0,adaptive_full,4200014,3.1799999999998363,3.1799999999998363,0.0,10.715,-7.535000000000164,3.130000000000092,0.04999999999974447,0.15205611594859228,0.11950475295298942,671.1019208834113,1.9699999999998,-0.10000000000002274,-0.3265000000000214,-1.4299999999998363,-2.1210736721873213,5.367389549647742,4.684180468303826,17.0,-10.0,6.0,-14.0,168,168,0,602.0,611,518,0,0.23567921440261866,0.1988767756854972,0.8477905073649754,6.720238095238095,0.572427409044335,0.220923586,1.7799003322259137,0.005282392026577801,0.0,nan,2.142988526696958,0.0,0.0,4663.0,27.0,0.0,1.42,0.4698172323759778,0.195380075443761,0.0,0.7550674765604354,0.17524605558848178,1.065174940475388,1013.0,167.0,10.0
noise,5.0,adaptive_full,4200015,5.66000000000011,5.66000000000011,0.0,11.86,-6.199999999999889,5.650000000000001,0.010000000000109033,0.1280487835506624,0.2525823068835429,1418.424515695956,1.7150000000002024,-0.1304999999999779,-0.2711111111111393,-0.7200000000000273,-0.4882924043403769,5.273096376832638,4.0862364363221015,19.0,-9.0,8.0,-2.0,183,183,0,646.0,682,580,0,0.2316715542521994,0.19289340101522842,0.8504398826979472,6.896174863387978,0.5115751414647058,0.22545994400000002,1.8359133126934986,0.008761609907120913,0.0,nan,1.5720457338666938,0.0,0.0,4916.0,37.5,0.0,1.4794285714285715,0.4156832298136669,0.19469123788110193,0.0,0.6164571736229848,0.174141071473107,1.0651749404753887,968.0,183.0,10.0
noise,5.0,adaptive_full,4200016,4.645000000000792,4.645000000000792,0.0,11.78,-7.1349999999992075,4.630000000000672,0.015000000000119584,0.14881685551725304,0.17835921240644967,1001.6104556134852,1.9350000000001728,-0.12299999999998476,-0.3805555555555568,-0.8149999999998272,-4.054825813820674,6.7737667430414055,6.352941176470588,21.0,-18.0,7.0,-1.0,159,159,0,575.0,642,556,0,0.21651090342679127,0.1812736443883985,0.8660436137071651,7.534591194968553,0.54511317499375,0.25590913449999997,2.048695652173913,0.008078260869566594,0.0,nan,2.363404313175274,0.0,0.0,4898.0,51.5,0.0,1.4905768132495716,0.6225130890052335,0.1892988453706991,0.0,0.8981389643419572,0.19928936371467293,1.0651749404753883,1075.0,157.0,10.0
noise,5.0,adaptive_full,4200017,4.3600000000003405,4.3600000000003405,0.0,11.345,-6.98499999999966,4.359999999999546,7.949196856316121e-13,0.1605016151722623,0.15522763236711226,871.710619716796,2.2149999999998045,-0.1260000000000957,-0.437777777777757,-1.224999999999909,0.26956025128498,5.579945302947978,4.233009708737864,20.0,-9.0,8.0,-1.0,179,179,0,649.0,629,526,0,0.24483306836248012,0.2092873266688165,0.8362480127186009,6.4525139664804465,0.5516632755454545,0.216971997,1.7480739599383668,0.006718027734977412,0.0,nan,2.0306774047571334,0.0,0.0,4794.0,27.5,0.0,1.4444444444444444,0.42879499217527556,0.19480389088384106,0.0,0.6939403341727046,0.18560262314626755,1.065174940475388,1020.0,179.0,10.0
noise,5.0,adaptive_full,4200018,6.879999999999427,6.879999999999427,0.0,12.615,-5.735000000000573,6.799999999999765,0.07999999999966168,0.11953496372763577,0.32889360977145815,1846.9653116703362,0.7999999999999545,-0.10000000000002274,-0.18700000000002603,-0.595000000000141,0.845231296402056,5.348241579826762,4.243289548829241,17.0,-7.0,10.0,-12.0,196,196,0,688.0,707,603,0,0.24186704384724186,0.19645916619074813,0.8528995756718529,6.683673469387755,0.49466490384397166,0.229720278,1.833575581395349,0.009999999999999168,0.0,nan,2.6479469289069733,0.0,0.0,4934.0,24.5,0.0,1.475157053112507,0.4275578406169679,0.19758600085704828,0.0,0.6766549015971766,0.18473751785935028,1.06517494047539,1058.0,194.0,10.0
noise,5.0,adaptive_full,4200019,4.230000000000132,4.230000000000132,0.0,9.22,-4.989999999999869,4.289999999999891,-0.05999999999975891,0.0995638435833851,0.24277315641381061,1363.33934494077,1.084999999999809,-0.0715000000000316,-0.23333333333333586,-0.5549999999998931,0.020559680182752713,4.576980358415492,3.5945174186179325,13.0,-7.0,9.0,-8.0,162,162,0,562.0,630,542,0,0.2126984126984127,0.18117343649258544,0.8603174603174604,7.234567901234568,0.5547505499044586,0.283583065,1.6405693950177935,0.007526690391459309,0.0,nan,1.6201044939877474,0.0,0.0,4805.0,21.0,0.0,1.4026270702455739,0.35988493723848997,0.1940432244848942,0.0,0.47997412072478685,0.15883113766840343,1.0651749404753883,925.0,162.0,10.0
noise,5.0,adaptive_full,4200020,8.485000000000014,8.485000000000014,0.0,11.72,-3.234999999999987,8.510000000000513,-0.02500000000049951,0.13280838574231946,0.36508021699614984,2050.1781631984863,0.9900000000001796,-0.12000000000003866,-0.20999999999999217,-0.36000000000001364,1.2484294688749287,6.1469225064133655,5.264420331239291,14.0,-10.0,10.0,-3.0,183,183,0,631.0,673,579,0,0.23328380386329867,0.18971737823211066,0.8603268945022289,6.841530054644808,0.5187960307317436,0.2,1.8573692551505547,0.01344690966719495,0.0,nan,2.239388549420234,0.0,0.0,4830.0,16.0,0.0,1.4466019417475728,0.5256980351602918,0.19256962485223444,0.0,0.6306977753618578,0.17650226026595142,1.065174940475389,1049.0,183.0,10.0
noise,5.0,adaptive_full,4200021,5.090000000001027,5.090000000001027,0.0,12.755,-7.664999999998974,5.019999999999818,0.0700000000012082,0.1429784509582693,0.20342725837902184,1142.3848883392257,1.5549999999998931,-0.14599999999998087,-0.324444444444402,-0.6849999999999454,0.8783552255853798,5.809614594608876,4.837235865219874,15.0,-9.0,11.0,2.0,187,187,0,688.0,658,546,0,0.24924012158054712,0.2120838471023428,0.8297872340425532,6.438502673796791,0.5307703625853658,0.235931114,1.853924418604651,0.00739825581395498,0.0,nan,2.160368244163412,0.0,0.0,4686.0,25.0,0.0,1.4563106796116505,0.4857364341085271,0.19472431606152746,0.0,0.6620804940292921,0.1789096272076541,1.0651749404753892,1097.0,186.0,10.0
noise,5.0,adaptive_full,4200022,7.405000000000314,7.405000000000314,0.0,12.385,-4.979999999999686,7.548181818181544,-0.14318181818123055,0.1320274639290161,0.3204960881247978,1799.8074140262927,0.9750000000002501,-0.09450000000001067,-0.2366666666666788,-0.6149999999999523,0.5151342090234152,5.336177024169356,4.262707024557396,15.0,-9.0,11.0,9.0,205,205,0,687.0,669,563,0,0.25112107623318386,0.2094512195121951,0.8415545590433483,6.009756097560976,0.5215972037946026,0.2,1.8027656477438136,0.010778748180495363,0.0,nan,1.7156465446712807,0.0,0.0,4854.0,16.5,0.0,1.4448886350656767,0.42770961145194386,0.19028835229492036,0.0,0.5086389752354806,0.18296183433645866,1.065174940475391,1116.0,205.0,10.0
noise,5.0,adaptive_full,4200023,-0.22000000000019782,-0.22000000000019782,0.0,11.11,-11.330000000000197,-0.31999999999961776,0.09999999999941994,0.3758016215836499,-0.0033452299962046846,-18.78578232894972,5.485000000000127,-0.14300000000001772,-0.8205555555555956,-4.610000000000127,1.8366647629925756,6.589076249862966,5.59565962307253,20.0,-7.0,12.0,-4.0,166,166,0,596.0,572,477,0,0.25524475524475526,0.2118734447209385,0.833916083916084,6.319277108433735,0.6086130808403508,0.2208330845,1.8640939597315436,-0.0003691275167788554,0.0,nan,1.7732410745030032,0.0,0.0,4672.0,39.5,0.0,1.4003426613363792,0.5607198748043839,0.19248275523977465,0.0,0.9298664828443816,0.23623629514565817,1.065174940475388,1055.0,166.0,10.0
informed,0.0,as_gamma0.01,4200000,5.830000000000609,5.830000000000609,0.0,33.74,-27.909999999999393,6.255714285714943,-0.42571428571433323,0.14194822016686676,0.23469322598850975,1317.9649418728284,0.8249999999999886,-0.1895000000000209,-0.3299999999999699,-0.6800000000002342,-0.052541404911479156,3.6197918880538125,2.5836664762992574,16.0,-6.0,5.0,12.0,571,571,0,1916.0,2377,2110,0,0.22044594026083297,0.16121161127471603,0.8876735380732015,7.858143607705779,0.14717001197473684,0.1,1.7609603340292275,0.0030427974947811113,0.0,nan,3.5012475483068863,0.0,0.0,7171.0,64.0,0.0,1.8672768878718535,,,,,,,,,
informed,0.0,as_gamma0.01,4200001,-0.8499999999988006,-0.8499999999988006,0.0,40.58,-41.4299999999988,-0.8599999999998171,0.010000000001016529,0.20963530769686767,-0.02316948852985884,-130.11271831498706,2.9199999999998028,-0.354999999999923,-0.7177777777776745,-1.0950000000000273,-0.43746430611079384,3.0039857723648766,2.0948029697315818,19.0,-5.0,4.0,1.0,679,679,0,2433.0,2620,2271,0,0.23969465648854962,0.18572519083969466,0.866793893129771,7.203240058910162,0.13314669593926665,0.1,1.6678997122893546,-0.0003493629264277849,0.0,nan,3.566358683396099,0.0,0.0,7400.0,89.5,0.0,1.8365825688073394,,,,,,,,,
informed,0.0,as_gamma0.01,4200002,7.070000000000505,7.070000000000505,0.0,38.595,-31.524999999999494,7.039999999999917,0.030000000000587335,0.17300043186445968,0.23352542860502798,1311.4069510993106,1.3350000000000364,-0.18750000000011083,-0.44944444444447146,-0.9850000000000136,-0.3632210165619646,3.171744132413592,2.3575099942889777,18.0,-5.0,5.0,-1.0,625,625,0,2231.0,2425,2100,0,0.23587628865979382,0.184,0.865979381443299,7.24,0.1437133454593479,0.1,1.7299417301658448,0.0031689825190499795,0.0,nan,3.219775659048768,0.0,0.0,7330.0,34.0,0.0,1.8663990825688073,,,,,,,,,
informed,0.0,as_gamma0.01,4200003,4.900000000000119,4.900000000000119,0.0,30.2,-25.29999999999988,4.849999999999761,0.050000000000358646,0.14630997640420604,0.1913745097097545,1074.7003604522706,0.9299999999996658,-0.19650000000005433,-0.34611111111106635,-0.6599999999998545,0.1776127926898915,3.705596614790113,2.6447744146202172,14.0,-5.0,7.0,-2.0,486,486,0,1718.0,2040,1788,0,0.21715686274509804,0.1684313725490196,0.8764705882352941,7.8765432098765435,0.17128233134838078,0.1,1.7578579743888243,0.0028521536670547843,0.0,nan,2.8643892978493244,0.0,0.0,6917.0,41.0,0.0,1.745277618775043,,,,,,,,,
informed,0.0,as_gamma0.01,4200004,-4.065000000000666,-4.065000000000666,0.0,43.295,-47.36000000000067,-4.0399999999993295,-0.025000000001336176,0.29625391851662564,-0.07840764282505737,-440.3131960160262,10.065000000000907,-0.5060000000000497,-1.0888888888888966,-1.8199999999999932,-0.3626499143346659,3.0140274852018125,2.001713306681896,28.0,-5.0,4.0,-1.0,716,716,0,2557.0,2649,2282,0,0.25066062665156663,0.1930539826349566,0.8614571536428841,6.886871508379889,0.1317726027340385,0.093707814,1.6931951505670708,-0.0015897536175207923,0.0,nan,6.330119460201575,0.0,9.0,7428.0,72.5,0.0,1.8555045871559632,,,,,,,,,
informed,0.0,as_gamma0.01,4200005,-9.449999999999363,-9.449999999999363,0.0,43.38,-52.829999999999366,-9.094285714284984,-0.35571428571437913,0.3614386960944862,-0.1494029294137334,-839.0008801960128,14.12999999999954,-0.6859999999997513,-1.2849999999999981,-2.5600000000000023,-0.2752712735579669,3.470633861147139,2.0925185608223873,20.0,-6.0,5.0,6.0,683,683,0,2516.0,2617,2230,0,0.2353840275124188,0.192281238058846,0.8521207489491784,7.096632503660322,0.1332870951418738,0.1,1.7241653418124006,-0.003755961844196885,0.0,nan,5.108554239526118,0.0,21.0,7304.0,58.5,0.0,1.8418338108882522,,,,,,,,,
informed,0.0,as_gamma0.01,4200006,-4.979999999999947,-4.979999999999947,0.0,38.045,-43.02499999999995,-4.966931818181942,-0.013068181818004732,0.33928451957270916,-0.08387397955256296,-471.010461081857,9.339999999999833,-0.42000000000005855,-1.083333333333387,-2.875,-0.009137635636778984,3.2393438885059784,2.2341519131924614,18.0,-5.0,5.0,-1.0,649,649,0,2287.0,2437,2102,0,0.23922855970455478,0.18768978251949117,0.8625359048009849,6.993836671802773,0.1430441590911704,0.1,1.6635330126803674,-0.0021775251421075415,0.0,nan,5.458670319359317,0.0,11.0,7161.0,77.5,0.0,1.8204245553643144,,,,,,,,,
informed,0.0,as_gamma0.01,4200007,2.1849999999990786,2.1849999999990786,0.0,37.745,-35.56000000000092,2.183333333332649,0.0016666666664297836,0.18717107108797607,0.06670750032648132,374.60879588649476,2.540000000000049,-0.4124999999999261,-0.5416666666666762,-0.9200000000000159,0.021701884637350087,3.7132494131289744,2.431753283837807,17.0,-6.0,6.0,1.0,621,621,0,2207.0,2403,2083,0,0.23928422804827298,0.1836870578443612,0.8668331252600916,7.223832528180354,0.14532571447147022,0.1,1.7102401449932034,0.0009900317172628359,0.0,nan,3.8760462866997076,0.0,0.0,6986.0,22.0,0.0,1.7979393245563824,,,,,,,,,
informed,0.0,as_gamma0.01,4200008,2.6099999999997863,2.6099999999997863,0.0,36.11,-33.50000000000021,2.600000000000131,0.009999999999655174,0.1931487978944691,0.07721655985885673,433.6244405749501,2.049999999999841,-0.33150000000001967,-0.5383333333333064,-1.1100000000000705,0.029697315819531698,3.783433163001824,2.414620217018846,24.0,-6.0,5.0,-6.0,574,574,0,2078.0,2314,1997,0,0.226447709593777,0.17960242005185825,0.8630077787381158,7.510452961672474,0.15106889879368512,0.1,1.7377285851780557,0.0012560153994224188,0.0,nan,2.6472493284481873,0.0,0.0,7171.0,30.5,0.0,1.7854691075514875,,,,,,,,,
informed,0.0,as_gamma0.01,4200009,2.1200000000014825,2.1200000000014825,0.0,41.63,-39.50999999999852,2.4900000000003377,-0.36999999999885524,0.28958965929701413,0.04183259078967773,234.91895795580697,5.129999999999427,-0.31000000000009315,-0.8077777777777853,-2.759999999999991,-0.11593375214163336,3.1481109842068205,2.1364934323243863,21.0,-5.0,5.0,-12.0,664,664,0,2428.0,2537,2175,0,0.2408356326369728,0.19140717382735514,0.8573117855735121,7.096385542168675,0.13761184587810651,0.1,1.7145799011532126,0.0008731466227353717,0.0,nan,3.1646051788463363,0.0,0.0,7260.0,29.5,0.0,1.840870062965083,,,,,,,,,
informed,0.0,as_gamma0.01,4200010,-3.8500000000007617,-3.8500000000007617,0.0,31.560000000000002,-35.410000000000764,-3.902857142857263,0.05285714285650123,0.2352523712121165,-0.09351659193338349,-525.1604051736074,7.115000000000407,-0.25150000000006534,-0.816111111111141,-1.4600000000001927,-0.13135351227869788,3.200673534572817,2.251284980011422,17.0,-6.0,5.0,2.0,502,502,0,1802.0,2208,1944,0,0.20969202898550723,0.1632246376811594,0.8804347826086957,8.270916334661354,0.15810312481822306,0.1,1.751387347391787,-0.002136514983352254,0.0,nan,2.4923139864712787,0.0,6.0,7006.0,47.0,0.0,1.7268041237113403,,,,,,,,,
informed,0.0,as_gamma0.01,4200011,0.9799999999988813,0.9799999999988813,0.0,39.645,-38.66500000000112,0.8600000000005602,0.11999999999832112,0.4312949093724316,0.0129841551066347,72.91501984476281,8.514999999999631,-0.18449999999997999,-1.152222222222248,-3.765000000000029,-0.251284980011422,3.3133889481033556,2.3415191319246147,14.0,-6.0,5.0,-6.0,654,654,0,2370.0,2546,2204,0,0.23527101335428122,0.1861743912018853,0.8656716417910447,7.2629969418960245,0.1365226536383648,0.1,1.6727848101265823,0.00041350210970416936,0.0,nan,3.6023087354176626,2.0,15.0,7210.0,40.5,0.0,1.8272884283246977,,,,,,,,,
informed,0.0,as_gamma0.01,4200012,-2.060000000000059,-2.060000000000059,0.0,38.64,-40.70000000000006,-2.0600000000008527,7.935874180020619e-13,0.21454376689760604,-0.05486725968155013,-308.1176476753358,6.130000000000223,-0.39650000000001445,-0.703888888888885,-1.1600000000000676,0.07881210736721873,3.4824454874298074,2.4089091947458594,17.0,-6.0,5.0,0.0,659,659,0,2290.0,2459,2125,0,0.24278161854412364,0.1862545750305002,0.8641724278161854,6.955993930197269,0.14156076994871794,0.1,1.6873362445414848,-0.0008995633187773184,0.0,nan,5.231203611346729,0.0,6.0,7082.0,37.5,0.0,1.8151549942594718,,,,,,,,,
informed,0.0,as_gamma0.01,4200013,-4.040000000000262,-4.040000000000262,0.0,45.935,-49.975000000000264,-4.040000000000329,6.661338147750939e-14,0.42035243638137,-0.05491990122491162,-308.41326638501215,7.620000000000346,-0.30649999999985766,-1.303888888888862,-4.044999999999931,0.2107367218732153,3.7164826617384024,2.5910908052541406,30.0,-5.0,5.0,1.0,754,754,0,2673.0,2679,2278,0,0.2553191489361702,0.19955207166853303,0.8503172825681224,6.574270557029178,0.12993281202241314,0.092578357,1.7184811073699962,-0.0015114104002993873,0.0,nan,7.753327522110657,0.0,7.0,7402.0,117.5,0.0,1.8581275129236072,,,,,,,,,
informed,0.0,as_gamma0.01,4200014,8.250000000000227,8.250000000000227,0.0,37.34,-29.089999999999776,8.307500000000418,-0.057500000000191065,0.2108558290016731,0.22357862889569144,1255.5487845692794,1.7550000000002228,-0.16249999999995735,-0.5088888888888997,-1.5200000000003797,0.6402055968018275,3.5826960171862265,2.562535693889206,22.0,-5.0,6.0,-3.0,596,596,0,2087.0,2287,1979,0,0.23393091386095322,0.1825098382160035,0.8653257542632269,7.157718120805369,0.15268577824201313,0.1,1.7891710589362722,0.003953042644945006,0.0,nan,3.787051683985383,0.0,0.0,7088.0,88.5,0.0,1.8322839152833428,,,,,,,,,
informed,0.0,as_gamma0.01,4200015,0.9399999999997419,0.9399999999997419,0.0,39.15,-38.21000000000026,0.859999999999741,0.08000000000000096,0.2735116553563401,0.019638755666295173,110.28520896231834,4.309999999999945,-0.2460000000000832,-0.8344444444444592,-2.3799999999999955,-0.327812678469446,3.4724859241977217,2.141633352370074,28.0,-5.0,4.5,2.0,657,657,0,2330.0,2531,2185,0,0.2342947451600158,0.18411694982220467,0.8632951402607665,7.178082191780822,0.13817813460814554,0.1,1.6802575107296138,0.000403433476394739,0.0,nan,2.8443886587164613,0.0,0.0,7469.0,42.0,0.0,1.8524871355060035,,,,,,,,,
informed,0.0,as_gamma0.01,4200016,2.2799999999996317,2.2799999999996317,0.0,42.31,-40.03000000000037,2.1900000000002193,0.08999999999941233,0.29181255652302357,0.04464705557501049,250.7241261773466,5.959999999999923,-0.2509999999999266,-0.8972222222222115,-2.015000000000029,-0.14563106796116504,4.248281412706511,2.749857224443175,27.0,-6.0,6.0,-10.0,701,701,0,2514.0,2513,2141,0,0.2502984480700358,0.20007958615200955,0.8519697572622363,6.639087018544936,0.13900908282835525,0.1,1.682975338106603,0.0009069212410499728,0.0,nan,4.536306656398974,0.0,0.0,7314.0,45.5,0.0,1.84954233409611,,,,,,,,,
informed,0.0,as_gamma0.01,4200017,4.910000000000764,4.910000000000764,0.0,40.785000000000004,-35.87499999999924,5.045384615385261,-0.1353846153844973,0.24411097707747717,0.11493601473006396,645.4452928275809,2.9599999999995816,-0.18150000000008498,-0.6672222222222027,-2.0099999999999056,0.40605368360936606,3.464950212050611,2.5077098800685325,13.0,-5.0,6.0,-12.0,669,669,0,2366.0,2457,2120,0,0.24786324786324787,0.1925925925925926,0.8628408628408628,6.841554559043348,0.1416729884403259,0.1,1.723795435333897,0.0020752324598481676,0.0,nan,3.074350543170398,0.0,0.0,7194.0,75.0,0.0,1.865097588978186,,,,,,,,,
informed,0.0,as_gamma0.01,4200018,-5.720000000000482,-5.720000000000482,0.0,40.155,-45.87500000000048,-5.700000000000239,-0.020000000000242935,0.4058090238957273,-0.0805445723506524,-452.3135346969776,10.95000000000033,-0.5085000000000419,-1.3627777777777794,-2.589999999999989,-0.29697315819531694,3.045774329551577,2.129069103369503,15.0,-5.0,4.0,-5.0,674,674,0,2411.0,2620,2270,0,0.23435114503816795,0.18404580152671757,0.8664122137404581,7.255192878338279,0.13328842459587473,0.1,1.6654914973040231,-0.002372459560348603,0.0,nan,5.214844317195349,1.0,16.0,7312.0,66.5,0.0,1.8578796561604585,,,,,,,,,
informed,0.0,as_gamma0.01,4200019,1.8050000000000068,1.8050000000000068,0.0,33.410000000000004,-31.604999999999997,1.796666666666536,0.00833333333347075,0.2284405870379274,0.045150845775813464,253.55325692843994,2.669999999999959,-0.22050000000017458,-0.6427777777777521,-2.109999999999843,-0.14848657909765847,3.6989350875741462,2.639634494574529,24.0,-6.0,5.0,5.0,567,567,0,1933.0,2183,1902,0,0.22812643151626202,0.1770957398076042,0.8712780577187357,7.204585537918871,0.16018174797065568,0.1,1.7284014485256078,0.0009337816864976755,0.0,nan,4.006329721941566,0.0,0.0,7053.0,39.0,0.0,1.812,,,,,,,,,
informed,0.0,as_gamma0.01,4200020,-1.075000000000415,-1.075000000000415,0.0,39.035000000000004,-40.11000000000042,-0.9780000000008765,-0.09699999999953846,0.3378253768171809,-0.018183527835399442,-102.1130972386842,8.455000000000382,-0.35150000000000425,-1.1672222222222137,-2.670000000000016,0.1387778412335808,4.2176153523268205,2.7589948600799543,21.0,-6.0,7.0,-1.0,619,619,0,2201.0,2362,2031,0,0.23581710414902624,0.1863674851820491,0.8598645215918713,7.096930533117932,0.14778517574194916,0.1,1.7735120399818265,-0.0004884143571105929,0.0,nan,6.546587552275098,0.0,31.0,7226.0,38.5,0.0,1.8002289639381797,,,,,,,,,
informed,0.0,as_gamma0.01,4200021,8.43500000000023,8.43500000000023,0.0,36.72,-28.28499999999977,8.389999999999898,0.04500000000033211,0.15164629141903752,0.3178448978142985,1784.9191450157414,1.1799999999998931,-0.16599999999996268,-0.3616666666666409,-0.7699999999999818,0.173043974871502,3.3535755934186473,2.4197601370645345,14.0,-6.0,6.0,1.0,615,615,0,2175.0,2431,2121,0,0.2332373508844097,0.17893870835047307,0.8724804607157548,7.401626016260162,0.14359131864965008,0.1,1.6882758620689655,0.0038781609195403357,0.0,nan,3.022920755976991,0.0,0.0,7191.0,38.0,0.0,1.847254004576659,,,,,,,,,
informed,0.0,as_gamma0.01,4200022,6.440000000000623,6.440000000000623,0.0,40.15,-33.709999999999376,6.485833333333393,-0.04583333333277029,0.16056845856226157,0.22918573379549567,1287.036560376269,1.8299999999996146,-0.2505000000000137,-0.3677777777777749,-0.720000000000141,-0.3586521987435751,3.6522734460187976,2.5128498001142203,17.0,-7.0,6.0,-10.0,639,639,0,2290.0,2475,2142,0,0.23797979797979799,0.18505050505050505,0.8654545454545455,7.225352112676056,0.14119729714759402,0.1,1.7532751091703056,0.00281222707423608,0.0,nan,4.373337468102528,0.0,0.0,7233.0,51.0,0.0,1.7916428162564395,,,,,,,,,
informed,0.0,as_gamma0.01,4200023,8.97500000000025,8.97500000000025,0.0,36.67,-27.69499999999975,8.969999999999935,0.005000000000315197,0.18095509245224445,0.28341680574284167,1591.5815734917492,1.440000000000225,-0.1869999999999663,-0.4066666666666394,-0.810000000000116,0.336950314106225,3.936184212335878,2.778983438035408,17.0,-5.0,7.0,7.0,578,578,0,2027.0,2209,1912,0,0.23585332729741965,0.1835219556360344,0.8655500226346763,7.129757785467128,0.15809055431898505,0.1,1.8090774543660582,0.0044277257030094965,0.0,nan,2.8566330699579803,0.0,0.0,7110.0,47.5,0.0,1.7813394390383515,,,,,,,,,
informed,0.0,adaptive_off,4200000,13.714999999997872,13.714999999997872,0.0,41.46,-27.74500000000213,15.071316636179578,-1.356316636181706,0.7408945775487579,0.10577946032579626,594.0249007717536,16.17000000000189,-1.1415000000000872,-1.882222222222582,-3.2700000000004366,-0.047972587093089665,28.12850874416522,23.184466019417474,50.0,-47.0,42.0,25.0,595,595,0,2017.0,2059,1743,0,0.25012141816415734,0.19803632793323514,0.8465274405050995,6.389915966386555,0.16660763031307735,0.1,2.0555280118988595,0.0067997025285066294,0.0,nan,3.2516418387199857,0.0,0.0,7282.0,65.5,0.0,1.9451114922813035,0.0,0.0,0.0,0.0,0.0,1.7691513966192356,0.0,594.0,0.0
informed,0.0,adaptive_off,4200001,-10.000000000001364,-10.000000000001364,0.0,38.58,-48.58000000000136,-10.278788947677631,0.27878894767626683,1.0625856866829317,-0.05377717567535424,-301.9960713161919,27.1299999999992,-2.066499999999735,-3.127222222222321,-5.280000000001564,-14.625356938892061,26.009599709940524,25.180468303826384,50.0,-50.0,43.0,-10.0,531,531,0,1820.0,1968,1666,0,0.23373983739837398,0.18778373916632274,0.8465447154471545,6.8436911487758945,0.17138531566174975,0.1,2.11978021978022,-0.005494505494506244,0.0,nan,3.0861418259963513,0.0,0.0,7299.0,80.0,0.0,1.9439679817038307,0.0,0.0,0.0,0.0,0.0,1.7691513966192358,0.0,530.0,0.0
informed,0.0,adaptive_off,4200002,10.319999999998345,10.319999999998345,0.0,40.58,-30.260000000001654,10.063706983807329,0.25629301619101597,0.8576324496655078,0.0687607244740087,386.1390709204248,10.870000000000346,-1.523999999999978,-2.377222222222132,-3.800000000000182,2.0171330668189604,26.14146252270158,22.185037121644775,50.0,-45.0,40.0,-23.0,572,572,0,1995.0,2006,1682,0,0.24675972083748754,0.1999599077879122,0.8384845463609173,6.4475524475524475,0.1712034616227545,0.1,2.0340852130325815,0.005172932330826238,0.0,nan,3.055265013078451,0.0,0.0,7307.0,30.5,0.0,1.921264367816092,0.0,0.0,0.0,0.0,0.0,1.7691513966192358,0.0,568.0,0.0
informed,0.0,adaptive_off,4200003,5.609999999999673,5.609999999999673,0.0,28.87,-23.26000000000033,8.114114691707414,-2.5041146917077413,0.6817474986300637,0.04702201756743979,264.06118194927376,10.979999999999563,-1.0490000000002055,-1.732222222222188,-3.555000000000291,-3.162193032552827,26.712783075835205,23.333523700742433,50.0,-39.0,45.0,-46.0,428,428,0,1430.0,1789,1569,0,0.20905533817775293,0.1611267605633803,0.8770262716601454,7.845794392523365,0.19417145623391163,0.1,2.018881118881119,0.003923076923076694,0.0,nan,2.6473606636809905,0.0,0.0,6985.0,38.5,0.0,1.859437751004016,0.0,0.0,0.0,0.0,0.0,1.7691513966192358,0.0,425.0,0.0
informed,0.0,adaptive_off,4200004,-5.540000000000873,-5.540000000000873,0.0,39.575,-45.115000000000876,-4.934782846386898,-0.6052171536139754,1.034690440209397,-0.030595762391253157,-171.81638725063607,20.57999999999811,-1.8084999999999125,-2.763888888888889,-4.490000000000691,5.366076527698458,34.59370397375075,32.07538549400343,50.0,-50.0,50.0,-38.0,566,566,0,1900.0,1881,1569,0,0.25465178096757046,0.20578360229611178,0.8341307814992025,6.095406360424028,0.1706707425332624,0.1,2.082894736842105,-0.0029157894736846703,0.0,nan,3.017799472340875,0.0,0.0,7307.0,59.5,0.0,1.9890992541594952,0.0,0.0,0.0,0.0,0.0,1.7691513966192358,0.0,565.0,0.0
informed,0.0,adaptive_off,4200005,11.549999999998136,11.549999999998136,0.0,39.505,-27.955000000001867,11.4106078226914,0.13939217730673548,0.9753480074475716,0.06766815484937265,380.0035360929476,14.4300000000012,-1.639999999999145,-2.366666666666333,-3.909999999998945,24.283837806967448,23.777427069409413,30.489434608794973,50.0,-29.0,50.0,20.0,530,530,0,1870.0,1966,1654,0,0.23652085452695829,0.19342159702110054,0.8413021363173957,6.830188679245283,0.16794779753105907,0.1,2.1125668449197863,0.006176470588234297,0.0,nan,2.7510594373759716,0.0,0.0,7268.0,51.5,0.0,1.9415472779369627,0.0,0.0,0.0,0.0,0.0,1.7691513966192358,0.0,526.0,0.0
informed,0.0,adaptive_off,4200006,9.339999999996564,9.339999999996564,0.0,38.405,-29.065000000003437,9.083135327371439,0.2568646726251256,0.6728980079209985,0.07931577734388984,445.41300004012845,9.290000000001669,-1.0354999999996608,-1.823333333333494,-2.5650000000005093,-18.98286693318104,13.676391385505292,19.439748715019988,50.0,-45.0,0.0,-5.0,552,552,0,1867.0,1950,1662,0,0.24307692307692308,0.1928121449963854,0.8523076923076923,6.543478260869565,0.17812595369455853,0.1,2.057043385109802,0.0050026780931958035,0.0,nan,2.7738432916430313,0.0,0.0,7307.0,73.5,0.0,1.9358166189111747,0.0,0.0,0.0,0.0,0.0,1.7691513966192358,0.0,550.0,0.0
informed,0.0,adaptive_off,4200007,12.510000000001128,12.510000000001128,0.0,38.13,-25.619999999998875,13.169146478811662,-0.6591464788105341,1.16583208337815,0.06131733317767477,344.3392757372023,11.729999999999563,-1.716999999999325,-3.095000000000002,-6.119999999999436,10.726442033123929,29.08162134440481,26.181610508280983,50.0,-50.0,49.0,30.0,542,542,0,1872.0,1890,1582,0,0.24656084656084656,0.20103092783505155,0.837037037037037,6.405904059040591,0.17514559807627117,0.1,2.0368589743589745,0.00668269230769291,0.0,nan,2.919391044277329,0.0,0.0,7057.0,24.0,0.0,1.8880597014925373,0.0,0.0,0.0,0.0,0.0,1.7691513966192358,0.0,540.0,0.0
informed,0.0,adaptive_off,4200008,20.949999999998,20.949999999998,0.0,37.305,-16.355000000002,21.228324514991556,-0.2783245149935567,0.7921258887609289,0.1511303789117858,848.7017050395912,8.125,-1.1414999999996325,-1.6772222222221242,-3.25,13.801827527127356,21.60956482486392,22.401484865790977,50.0,-30.0,43.0,-27.0,528,528,0,1799.0,1908,1625,0,0.2389937106918239,0.18926880589163597,0.8516771488469602,6.691287878787879,0.17954032295487934,0.1,2.0736520289049474,0.011645358532516954,0.0,nan,2.3685567331071598,0.0,0.0,7045.0,29.0,0.0,1.852637614678899,0.0,0.0,0.0,0.0,0.0,1.7691513966192358,0.0,525.0,0.0
informed,0.0,adaptive_off,4200009,23.100000000003547,23.100000000003547,0.0,36.480000000000004,-13.379999999996457,26.85735042735142,-3.7573504273478733,0.7208932438062985,0.18310616881781766,1028.2679021777408,4.1150000000002365,-0.908000000000129,-1.2894444444447497,-2.1400000000003274,13.324957167332952,20.34996634944728,19.728155339805824,50.0,-20.0,48.0,-37.0,517,517,0,1727.0,1939,1680,0,0.23104693140794225,0.18098931041710334,0.8664259927797834,7.0,0.17814933476406816,0.1,2.1123335263462653,0.013375796178346003,0.0,nan,2.6934172564036936,0.0,0.0,7121.0,27.5,0.0,1.9268153230417382,0.0,0.0,0.0,0.0,0.0,1.7691513966192358,0.0,516.0,0.0
informed,0.0,adaptive_off,4200010,13.660000000002867,13.660000000002867,0.0,36.25,-22.589999999997133,13.619999999996487,0.04000000000637982,0.7421587780847961,0.10517579952175779,590.6349274431478,9.550000000000637,-0.8190000000000052,-2.1305555555554494,-3.7049999999999272,-1.9600228440890919,19.977388725953983,15.607081667618504,50.0,-38.0,34.0,2.0,502,502,0,1738.0,1900,1631,0,0.2336842105263158,0.18352692713833157,0.858421052631579,7.03386454183267,0.18359079164699682,0.1,2.0857307249712314,0.007859608745686345,0.0,nan,2.43555027633325,0.0,0.0,6947.0,46.5,0.0,1.835812356979405,0.0,0.0,0.0,0.0,0.0,1.7691513966192358,0.0,499.0,0.0
informed,0.0,adaptive_off,4200011,17.94999999999891,17.94999999999891,0.0,44.415,-26.46500000000109,20.671207599248074,-2.7212075992491656,0.9002762757854904,0.11393327951681148,639.8142404123192,8.019999999998618,-1.6405000000000654,-2.157222222222016,-3.3699999999989814,-22.4346087949743,20.7000037619221,26.790976584808682,50.0,-50.0,17.0,-50.0,645,645,0,2108.0,2023,1696,0,0.26940187839841817,0.21139189731247493,0.8383588729609491,5.765891472868217,0.16785473815578633,0.1,2.1069734345351043,0.008515180265654131,0.0,nan,3.5408992441325,0.0,0.0,7256.0,28.5,0.0,1.9982768523836876,0.0,0.0,0.0,0.0,0.0,1.7691513966192356,0.0,642.0,0.0
informed,0.0,adaptive_off,4200012,0.5599999999940337,0.5599999999940337,0.0,43.87,-43.310000000005964,4.300800000001911,-3.7408000000078774,0.9104808253517926,0.003514626459848275,19.73706074535539,11.195000000001528,-1.540499999999701,-2.8255555555554364,-4.110000000000127,-2.0445459737292975,30.69896321256955,26.25699600228441,50.0,-48.0,49.0,-42.0,612,612,0,2108.0,1980,1649,0,0.2681818181818182,0.2160943106099436,0.8328282828282828,5.9297385620915035,0.16922022604651163,0.1,2.0811195445920303,0.00026565464895352643,0.0,nan,3.4159378340905695,0.0,0.0,7188.0,37.5,0.0,1.9649626651349799,0.0,0.0,0.0,0.0,0.0,1.7691513966192356,0.0,609.0,0.0
informed,0.0,adaptive_off,4200013,4.9800000000071805,4.9800000000071805,0.0,45.84,-40.85999999999282,4.923333333333402,0.05666666667377829,0.9933065743962919,0.02864890215236868,160.8834191993915,16.699999999995043,-1.8739999999994323,-2.6388888888887374,-4.864999999999782,2.621359223300971,33.00942150578833,29.45631067961165,50.0,-48.0,46.0,-2.0,651,651,0,2206.0,2123,1767,0,0.2675459255770137,0.21124198027386767,0.832312764955252,5.975422427035331,0.15825789929467232,0.1,2.0779691749773344,0.002257479601091197,0.0,nan,3.8740525858666075,0.0,0.0,7434.0,86.5,0.0,1.978711162255466,0.0,0.0,0.0,0.0,0.0,1.7691513966192356,0.0,649.0,0.0
informed,0.0,adaptive_off,4200014,-2.0150000000035106,-2.0150000000035106,0.0,40.18,-42.19500000000351,-2.1479543864424726,0.13295438643896196,0.789926061265281,-0.014576409462757213,-81.85663037090772,21.515000000003965,-1.504500000000098,-1.9411111111114425,-2.910000000000764,4.857795545402627,29.080321534774185,25.632210165619647,50.0,-32.0,50.0,-17.0,565,565,0,1925.0,1888,1573,0,0.2552966101694915,0.20685579196217493,0.833156779661017,6.125663716814159,0.17878471715482502,0.1,2.0872727272727274,-0.0010467532467550705,0.0,nan,2.95500329806142,0.0,0.0,7144.0,79.0,0.0,1.8998282770463653,0.0,0.0,0.0,0.0,0.0,1.7691513966192358,0.0,555.0,0.0
informed,0.0,adaptive_off,4200015,31.43499999999858,31.43499999999858,0.0,46.14,-14.70500000000142,32.21757062259852,-0.7825706225999411,0.632661550206717,0.2839252225299153,1594.4366857277346,5.1200000000008,-0.88400000000006,-1.3577777777776987,-1.889999999999418,-1.4945745288406624,25.371142252553952,21.999428897772702,50.0,-44.0,34.0,-39.0,619,619,0,2217.0,2108,1747,0,0.2528462998102467,0.21144492131616596,0.8287476280834914,6.22778675282714,0.16433193996153847,0.1,2.081190798376184,0.014179070816417944,0.0,nan,2.5260551884752633,0.0,0.0,7589.0,42.0,0.0,1.9799311926605505,0.0,0.0,0.0,0.0,0.0,1.7691513966192356,0.0,618.0,0.0
informed,0.0,adaptive_off,4200016,18.80000000000166,18.80000000000166,0.0,41.12,-22.319999999998338,18.537258338253046,0.26274166174861335,0.7412871023729902,0.1449216789077851,813.8355562386912,11.030000000000655,-0.9195000000000162,-2.010000000000117,-5.960000000000036,10.024557395773844,17.880368108519555,17.01713306681896,50.0,-21.0,45.0,8.0,584,584,0,2000.0,1972,1659,0,0.25760649087221094,0.20456172650097168,0.8412778904665315,6.217465753424658,0.17614371921472083,0.1,2.056,0.00940000000000083,0.0,nan,3.2830020553235206,0.0,0.0,7248.0,35.5,0.0,1.972461273666093,0.0,0.0,0.0,0.0,0.0,1.7691513966192358,0.0,580.0,0.0
informed,0.0,adaptive_off,4200017,19.37499999999794,19.37499999999794,0.0,39.04,-19.66500000000206,19.36333333333255,0.011666666665387737,0.9393143308558496,0.11786713145683342,661.9055424583406,12.270000000001346,-1.1165000000002692,-2.4683333333335518,-4.1800000000012005,13.691033695031411,24.54855500753039,24.937178754997145,50.0,-36.0,50.0,-1.0,550,550,0,1885.0,1993,1696,0,0.24234821876567988,0.19021190716448033,0.8509784244856999,6.707272727272727,0.16973029388397792,0.1,2.071087533156499,0.010278514588858324,0.0,nan,3.297153911452707,0.0,0.0,7228.0,74.0,0.0,1.9971280873061459,0.0,0.0,0.0,0.0,0.0,1.7691513966192358,0.0,547.0,0.0
informed,0.0,adaptive_off,4200018,20.709999999999695,20.709999999999695,0.0,40.885,-20.175000000000303,20.43368421052731,0.27631578947238467,0.8259150948144341,0.14328695272174988,804.6554369843699,8.574999999998909,-0.9280000000004519,-2.1533333333330926,-5.765000000000327,16.11707595659623,21.408498654429756,23.24328954882924,50.0,-24.0,47.0,9.0,556,556,0,1947.0,1951,1636,0,0.2450025627883137,0.20113636363636364,0.8385443362378268,6.451438848920863,0.17488203478193948,0.1,2.0998972778633798,0.010636877247046582,0.0,nan,3.0222082087064175,0.0,0.0,7319.0,41.0,0.0,1.9346330275229358,0.0,0.0,0.0,0.0,0.0,1.7691513966192358,0.0,550.0,0.0
informed,0.0,adaptive_off,4200019,11.72000000000071,11.72000000000071,0.0,35.86,-24.13999999999929,12.10827876216764,-0.38827876216693014,0.9646360306315866,0.06942662978033662,389.87859022120875,12.089999999999236,-1.1975000000001272,-2.647777777777618,-4.589999999999236,6.974871501998858,26.50343872117127,23.547115933752142,50.0,-43.0,46.0,-24.0,528,528,0,1748.0,1941,1669,0,0.23802163833075735,0.1820454072068319,0.859866048428645,6.837121212121212,0.17506095303249097,0.1,2.051487414187643,0.006704805491991253,0.0,nan,3.1923246645773844,0.0,0.0,7230.0,37.5,0.0,1.934021801491681,0.0,0.0,0.0,0.0,0.0,1.7691513966192358,0.0,523.0,0.0
informed,0.0,adaptive_off,4200020,19.9299999999962,19.9299999999962,0.0,38.300000000000004,-18.370000000003806,20.61865670015562,-0.6886567001594202,0.7068117167645098,0.1611259570045245,904.8337959616642,5.960000000000491,-0.6540000000003602,-1.553888888888802,-2.7649999999998727,16.81781838949172,21.446743625669647,23.524842946887492,50.0,-23.0,46.0,-20.0,527,527,0,1792.0,1920,1640,0,0.23333333333333334,0.1883342091434577,0.8541666666666666,6.755218216318785,0.1797620392570386,0.1,2.1372767857142856,0.011121651785712163,0.0,nan,2.7484583318567113,0.0,0.0,7182.0,14.5,0.0,1.8606510565391206,0.0,0.0,0.0,0.0,0.0,1.7691513966192358,0.0,527.0,0.0
informed,0.0,adaptive_off,4200021,4.129999999999654,4.129999999999654,0.0,41.61,-37.480000000000345,5.593217122393059,-1.463217122393405,0.8720906707052121,0.027061406333946898,151.96853115676834,15.879999999998745,-1.541999999999598,-2.5033333333334564,-5.025000000000546,10.155910908052542,26.990770217614994,25.070816676185036,50.0,-34.0,49.0,-34.0,575,575,0,1974.0,2036,1725,0,0.24901768172888017,0.19583333333333333,0.8472495088408645,6.540869565217391,0.16776691921927236,0.1,2.10790273556231,0.0020921985815601086,0.0,nan,2.9166185933138373,0.0,0.0,7193.0,37.0,0.0,1.972,0.0,0.0,0.0,0.0,0.0,1.7691513966192356,0.0,575.0,0.0
informed,0.0,adaptive_off,4200022,19.249999999999773,19.249999999999773,0.0,42.93,-23.680000000000227,19.288095238097945,-0.0380952380981725,0.9409765042811705,0.11689983703050029,656.4735145972619,12.820000000001698,-1.1729999999999108,-2.5100000000000855,-4.360000000000127,-12.897772701313535,26.375367743298895,25.93489434608795,50.0,-46.0,39.0,-16.0,588,588,0,2030.0,2024,1708,0,0.25296442687747034,0.2029188324670132,0.8438735177865613,6.346938775510204,0.16986908411078142,0.1,2.1147783251231527,0.009482758620689544,0.0,nan,2.964927043458081,0.0,0.0,7250.0,49.0,0.0,1.941614195764167,0.0,0.0,0.0,0.0,0.0,1.7691513966192356,0.0,584.0,0.0
informed,0.0,adaptive_off,4200023,1.9299999999939246,1.9299999999939246,0.0,36.59,-34.66000000000608,1.8499999999941377,0.07999999999978691,0.9708587703948379,0.011359604264636256,63.79204219159118,24.0550000000012,-1.8154999999999744,-2.6738888888888948,-3.730000000000473,-15.229011993146774,29.861924458685053,29.498572244431752,50.0,-50.0,45.0,18.0,537,537,0,1774.0,1931,1637,0,0.24029000517866392,0.1890250399573788,0.84774728120145,6.644320297951583,0.17374673391498185,0.1,2.0625704622322436,0.001087936865836485,0.0,nan,2.4567633202563584,0.0,0.0,7065.0,47.5,0.0,1.8846153846153846,0.0,0.0,0.0,0.0,0.0,1.7691513966192358,0.0,533.0,0.0
informed,0.0,adaptive_inventory,4200000,10.14499999999964,10.14499999999964,0.0,39.26,-29.115000000000357,10.050000000000532,0.09499999999910891,0.1843379713589459,0.31448446646157135,1766.0479965460302,1.1300000000002228,-0.20150000000008106,-0.4238888888889123,-1.0050000000000523,-0.31867504283266707,4.3513705493091965,3.2552826956025127,16.0,-8.0,7.0,9.0,584,584,0,2055.0,2264,1966,0,0.22747349823321555,0.1817940552016985,0.8683745583038869,7.243150684931507,0.15447171706498675,0.1,1.9104622871046228,0.004936739659367222,0.0,nan,3.268640288935887,0.0,0.0,7157.0,64.0,0.0,1.8702115494568325,0.3444158075601408,0.0,0.0,0.0,0.0,1.7691513966192356,0.0,580.0,0.0
informed,0.0,adaptive_inventory,4200001,6.809999999999377,6.809999999999377,0.0,44.555,-37.74500000000062,6.809999999999593,-2.1582735598713043e-13,0.30743977743416123,0.12657531188401838,710.8080042238747,3.615000000000009,-0.3314999999999939,-0.9583333333333697,-1.9550000000000551,-0.4368932038834951,4.6394120658741205,3.563106796116505,21.0,-8.0,7.0,0.0,630,630,0,2312.0,2257,1925,0,0.25387682764731945,0.20516461087940369,0.8529020824102791,6.6380952380952385,0.1547089097135255,0.1,1.9271193771626298,0.0029455017301035368,0.0,nan,3.2068551549845474,0.0,0.0,7292.0,83.0,0.0,1.8825887743413516,0.37730346576500473,0.0,0.0,0.0,0.0,1.7691513966192356,0.0,627.0,0.0
informed,0.0,adaptive_inventory,4200002,9.849999999999625,9.849999999999625,0.0,40.835,-30.985000000000376,9.819999999999817,0.029999999999807514,0.22180341967303083,0.2537639607571657,1425.0603202544537,2.400000000000091,-0.16699999999997592,-0.6044444444444316,-1.6849999999999454,-0.6070816676185037,4.623313416672552,3.6110793832095944,21.0,-9.0,7.5,-2.0,619,619,0,2180.0,2214,1911,0,0.24887082204155375,0.19699981926622084,0.8631436314363143,6.663974151857835,0.1569686188539783,0.1,1.873165137614679,0.004518348623853039,0.0,nan,2.7289059916624057,0.0,0.0,7343.0,31.5,0.0,1.890552995391705,0.380718255664815,0.0,0.0,0.0,0.0,1.7691513966192356,0.0,617.0,0.0
informed,0.0,adaptive_inventory,4200003,8.669999999999561,8.669999999999561,0.0,32.195,-23.52500000000044,8.609999999999598,0.059999999999963194,0.15404625795354426,0.321610260456929,1806.0642630118934,1.0800000000003251,-0.13650000000010606,-0.30388888888888094,-0.8000000000000682,0.4220445459737293,4.279038537516834,3.422615648201028,14.0,-7.0,6.0,-4.0,482,482,0,1690.0,1924,1688,0,0.22245322245322247,0.17635396013774393,0.8773388773388774,7.4937759336099585,0.18154460162122793,0.1,1.9050295857988166,0.00513017751479264,0.0,nan,3.3933468657409467,0.0,0.0,7010.0,37.0,0.0,1.8111047510017173,0.35247747747747865,0.0,0.0,0.0,0.0,1.7691513966192358,0.0,482.0,0.0
informed,0.0,adaptive_inventory,4200004,12.419999999998936,12.419999999998936,0.0,44.25,-31.830000000001064,12.419999999999698,-7.620570841027074e-13,0.1888689087600882,0.37577084040642367,2110.2134147578804,1.6899999999999409,-0.14000000000005458,-0.41222222222226573,-0.8550000000004161,-0.3300970873786408,4.481907526834404,3.481439177612793,18.0,-7.0,7.0,0.0,647,647,0,2356.0,2248,1926,0,0.2606761565836299,0.21015074480421014,0.8567615658362989,6.451313755795981,0.15499271363045414,0.1,1.878183361629881,0.00527164685908274,0.0,nan,3.5713611640194127,0.0,0.0,7387.0,60.5,0.0,1.9565217391304348,0.3634993721222306,0.0,0.0,0.0,0.0,1.7691513966192356,0.0,647.0,0.0
informed,0.0,adaptive_inventory,4200005,9.569999999998913,9.569999999998913,0.0,44.410000000000004,-34.84000000000109,10.094937343357918,-0.5249373433590048,0.2301499725227463,0.2376090411234064,1334.3392624719415,2.2500000000002274,-0.2865000000000236,-0.6788888888889031,-1.205000000000041,0.42718446601941745,4.451558292052021,3.4985722444317533,19.0,-8.0,7.0,6.0,617,617,0,2348.0,2316,1969,0,0.24309153713298792,0.20346620450606587,0.8501727115716753,6.944894651539708,0.15055711168755403,0.1,1.891396933560477,0.004075809199318106,0.0,nan,3.6466563898561275,0.0,0.0,7292.0,53.5,0.0,1.8866628506010303,0.3723404255319168,0.0,0.0,0.0,0.0,1.7691513966192356,0.0,609.0,0.0
informed,0.0,adaptive_inventory,4200006,12.989999999999128,12.989999999999128,0.0,41.44,-28.45000000000087,12.989999999999476,-3.481659405224491e-13,0.2054350703859985,0.3613237568887143,2029.0830391006727,1.5100000000002183,-0.10600000000001726,-0.44222222222224633,-1.1400000000001569,-0.4814391776127927,4.0453699640189456,3.15648201027984,16.0,-7.0,6.0,2.0,633,633,0,2176.0,2290,2000,0,0.2519650655021834,0.19045951859956237,0.8733624454148472,6.777251184834123,0.1523011049431818,0.1,1.9044117647058822,0.005969669117646658,0.0,nan,3.968048794574927,0.0,0.0,7223.0,77.0,0.0,1.9099770642201834,0.33437764606266035,0.0,0.0,0.0,0.0,1.7691513966192356,0.0,628.0,0.0
informed,0.0,adaptive_inventory,4200007,10.820000000000562,10.820000000000562,0.0,39.88,-29.05999999999944,10.810000000000183,0.01000000000037815,0.26234809350840904,0.23567379736492292,1323.4715290002293,2.2800000000002,-0.13600000000000703,-0.6616666666667123,-2.225000000000364,-0.2764134780125643,4.352029130619952,3.3009708737864076,18.0,-7.0,7.0,-1.0,582,582,0,2139.0,2126,1802,0,0.24694261523988711,0.20122295390404515,0.8476011288805269,6.74914089347079,0.16409102639124296,0.1,1.8644226273959794,0.005058438522674409,0.0,nan,2.8262937705931046,0.0,0.0,6976.0,23.5,0.0,1.824742268041237,0.35010799136069387,0.0,0.0,0.0,0.0,1.7691513966192358,0.0,579.0,0.0
informed,0.0,adaptive_inventory,4200008,10.319999999998856,10.319999999998856,0.0,36.51,-26.19000000000114,10.311428571428179,0.008571428570677497,0.19790736915333154,0.2979749001955207,1673.3353524016,1.4699999999999704,-0.17799999999997732,-0.4800000000001019,-1.1650000000002478,0.04911479154768703,3.959372208508486,2.821245002855511,17.0,-7.0,7.0,-2.0,555,555,0,1918.0,2093,1825,0,0.23793597706641184,0.18357580398162326,0.871954132823698,7.059459459459459,0.16675257831468196,0.1,1.9035453597497394,0.005380604796662594,0.0,nan,2.886036094464599,0.0,0.0,7176.0,29.0,0.0,1.8161512027491409,0.31017023134002913,0.0,0.0,0.0,0.0,1.7691513966192358,0.0,553.0,0.0
informed,0.0,adaptive_inventory,4200009,10.850000000000492,10.850000000000492,0.0,39.845,-28.994999999999507,10.809999999999565,0.040000000000926406,0.2126312981795291,0.2915845434365683,1637.4490751608087,1.2699999999998681,-0.2224999999999454,-0.4927777777777133,-0.834999999999809,-0.15248429468874927,4.375329746458488,3.3575099942889777,17.0,-8.0,6.0,1.0,610,610,0,2133.0,2218,1919,0,0.2430117222723174,0.19285714285714287,0.8651938683498648,6.781967213114754,0.15728347760379063,0.1,1.8680262541022035,0.0050867323019224055,0.0,nan,3.0213955448894017,0.0,0.0,7258.0,28.0,0.0,1.8631156930126003,0.35038395904437036,0.0,0.0,0.0,0.0,1.7691513966192356,0.0,608.0,0.0
informed,0.0,adaptive_inventory,4200010,5.190000000001817,5.190000000001817,0.0,39.27,-34.079999999998186,5.176666666666243,0.013333333335573627,0.23983566486493335,0.12365609957908076,694.4146061631232,2.809999999998581,-0.24449999999982877,-0.70722222222213,-1.2400000000000944,0.4523129640205597,4.8116890874869105,3.739577384351799,16.0,-7.5,8.0,4.0,564,564,0,2058.0,2097,1805,0,0.24558893657606104,0.19644902634593356,0.8607534573199809,6.918439716312057,0.166421577975179,0.1,1.9081632653061225,0.0025218658892137108,0.0,nan,2.2799832913376648,0.0,0.0,6938.0,47.0,0.0,1.7930045871559632,0.39812554489974306,0.0,0.0,0.0,0.0,1.7691513966192358,0.0,556.0,0.0
informed,0.0,adaptive_inventory,4200011,17.209999999999525,17.209999999999525,0.0,48.300000000000004,-31.09000000000048,17.18666666666807,0.023333333331454043,0.23327588901146412,0.42157317483429013,2367.425231492711,2.4299999999998363,-0.1675000000000409,-0.38000000000000494,-1.2699999999999818,-0.41633352370074245,4.756641505624928,3.7618503712164477,22.0,-9.0,7.0,-2.0,703,703,0,2490.0,2395,2046,0,0.26430062630480167,0.20822880080280984,0.8542797494780794,6.317211948790896,0.1449770826280819,0.1,1.9397590361445782,0.006911646586345191,0.0,nan,3.485512543864134,0.0,0.0,7323.0,30.5,0.0,1.980448533640023,0.3857083849648923,0.0,0.0,0.0,0.0,1.7691513966192356,0.0,700.0,0.0
informed,0.0,adaptive_inventory,4200012,8.770000000001588,8.770000000001588,0.0,43.735,-34.96499999999841,8.74999999999974,0.020000000001846985,0.20988225645905859,0.23877333205663578,1340.8775620997794,1.7899999999997362,-0.29499999999991927,-0.498888888888792,-1.0299999999996317,-0.9377498572244432,5.157165244648977,4.164477441462021,16.0,-10.0,7.0,-1.0,619,619,0,2235.0,2171,1844,0,0.25794564716720403,0.20642837351066778,0.8493781667434362,6.48626817447496,0.160295609483633,0.1,1.9568232662192393,0.003923937360179681,0.0,nan,4.162386286890963,0.0,0.0,7071.0,38.0,0.0,1.9270952927669345,0.4187687045746059,0.0,0.0,0.0,0.0,1.7691513966192356,0.0,615.0,0.0
informed,0.0,adaptive_inventory,4200013,10.125000000000966,10.125000000000966,0.0,43.575,-33.44999999999904,10.153571428572821,-0.028571428571854796,0.19691108076342642,0.29382370272325764,1650.0235047238928,1.1899999999997135,-0.2780000000000484,-0.43111111111103795,-0.5250000000000341,0.2775556824671616,4.6835378820001825,3.625356938892062,17.0,-9.0,8.0,5.0,657,657,0,2333.0,2295,1975,0,0.25925925925925924,0.2034888791975578,0.8605664488017429,6.49923896499239,0.15195016881334494,0.1,1.867766823831976,0.004339905700814817,0.0,nan,4.089041467455725,0.0,0.0,7249.0,86.5,0.0,1.8640275387263339,0.3781223805532294,0.0,0.0,0.0,0.0,1.7691513966192356,0.0,650.0,0.0
informed,0.0,adaptive_inventory,4200014,7.950000000000358,7.950000000000358,0.0,39.86,-31.90999999999964,7.889999999999012,0.06000000000134609,0.2508845599023043,0.18107360391673202,1016.8536431149622,2.029999999999916,-0.25750000000003864,-0.6722222222221776,-1.3250000000000455,0.8309537407195888,4.853535118365216,3.531125071387778,18.0,-8.0,11.0,-2.0,584,584,0,2066.0,2086,1793,0,0.2516778523489933,0.1986347466589751,0.8595397890699904,6.642123287671233,0.16698285082533587,0.1,1.9293320425943852,0.00384801548886755,0.0,nan,3.025574017950982,0.0,0.0,7127.0,92.0,0.0,1.861397479954181,0.3722630895716167,0.0,0.0,0.0,0.0,1.7691513966192358,0.0,579.0,0.0
informed,0.0,adaptive_inventory,4200015,10.199999999999903,10.199999999999903,0.0,42.17,-31.9700000000001,10.199999999999893,1.0658141036401503e-14,0.2390538788195067,0.2438183164964301,1369.208642368233,1.7700000000000955,-0.32450000000005014,-0.6283333333333524,-1.6300000000001091,-0.1353512278697887,4.665811946358996,3.5197030268418046,19.0,-8.0,8.0,0.0,611,611,0,2278.0,2234,1905,0,0.2466427931960609,0.20435991746658294,0.8527305282005372,6.774140752864157,0.15641911658154123,0.1,1.8511852502194908,0.004477611940298465,0.0,nan,3.2024029736404844,0.0,0.0,7465.0,41.5,0.0,1.9078947368421053,0.36948936170213154,0.0,0.0,0.0,0.0,1.7691513966192356,0.0,605.0,0.0
informed,0.0,adaptive_inventory,4200016,11.500000000000625,11.500000000000625,0.0,44.725,-33.224999999999376,11.446666666666115,0.05333333333451051,0.21656322527584362,0.30344157291981066,1704.0345043219852,2.1099999999999,-0.2664999999998996,-0.5527777777777961,-0.9500000000001023,-0.3066818960593946,4.710967059422158,3.609937178754997,17.0,-9.0,7.0,-4.0,657,657,0,2368.0,2237,1894,0,0.2637460885113992,0.21205337154114803,0.8466696468484578,6.287671232876712,0.15603322661252797,0.1,1.888724662162162,0.004856418918919183,0.0,nan,4.056910325761659,0.0,0.0,7222.0,40.5,0.0,1.9227688787185355,0.37382045929018914,0.0,0.0,0.0,0.0,1.7691513966192356,0.0,655.0,0.0
informed,0.0,adaptive_inventory,4200017,11.400000000000915,11.400000000000915,0.0,41.31,-29.909999999999087,11.389999999999592,0.010000000001323173,0.1943427093305732,0.3351957856677588,1882.3563923197917,1.194999999999709,-0.22949999999989926,-0.4216666666666463,-1.0599999999996896,0.7766990291262136,4.370197164374221,3.4323243860651056,17.0,-7.0,8.0,2.0,584,584,0,2162.0,2169,1859,0,0.24573536191793452,0.1997966916181499,0.8570769940064545,6.897260273972603,0.1608723494526996,0.1,1.9107308048103608,0.00527289546716046,0.0,nan,3.084803928837257,0.0,0.0,7238.0,83.5,0.0,1.9461626575028637,0.36195417207090924,0.0,0.0,0.0,0.0,1.7691513966192358,0.0,577.0,0.0
informed,0.0,adaptive_inventory,4200018,11.210000000000264,11.210000000000264,0.0,39.325,-28.11499999999974,11.240000000000776,-0.030000000000512728,0.1630954066136005,0.3927587182691548,2205.6121096524375,0.9200000000001864,-0.2074999999998951,-0.3455555555555365,-0.5150000000000432,0.0713877784123358,4.373749411058645,3.3986293546544832,16.0,-7.0,7.0,-3.0,578,578,0,2075.0,2212,1921,0,0.2364376130198915,0.18791885527984062,0.8684448462929476,7.150519031141869,0.15794217553755657,0.1,1.8951807228915662,0.005402409638554344,0.0,nan,3.439513027849989,0.0,0.0,7207.0,45.5,0.0,1.9266895761741123,0.3539325842696629,0.0,0.0,0.0,0.0,1.7691513966192358,0.0,575.0,0.0
informed,0.0,adaptive_inventory,4200019,10.22000000000088,10.22000000000088,0.0,37.135,-26.914999999999118,10.23666666666745,-0.016666666666569796,0.1699898915182576,0.3435498398075784,1929.2701898204016,1.4050000000000864,-0.1920000000000527,-0.39555555555553057,-0.9449999999997942,0.2815533980582524,4.0780642163377125,3.187321530553969,22.0,-6.5,7.0,3.0,543,543,0,1929.0,2112,1847,0,0.2324810606060606,0.1829302987197724,0.8745265151515151,7.29097605893186,0.1654251190056872,0.1,1.9250907205806118,0.005298081907724666,0.0,nan,3.028056072859611,0.0,0.0,7039.0,40.0,0.0,1.8765008576329332,0.3399211218229649,0.0,0.0,0.0,0.0,1.7691513966192358,0.0,540.0,0.0
informed,0.0,adaptive_inventory,4200020,11.29499999999878,11.29499999999878,0.0,37.92,-26.625000000001222,11.310000000000297,-0.015000000001517577,0.17641241890385836,0.3658634553275123,2054.5765886644062,1.900000000000091,-0.1394999999999868,-0.38444444444445164,-0.8400000000001455,-0.30953740719588807,4.343623481469363,3.29982866933181,16.0,-9.0,7.0,-1.0,518,518,0,1915.0,2134,1854,0,0.2225866916588566,0.18016746636560355,0.8687910028116214,7.698841698841699,0.16368050950984991,0.1,1.9801566579634464,0.005898172323759154,0.0,nan,3.9740324412930668,0.0,0.0,7099.0,14.5,0.0,1.8214081282198054,0.3515070921985828,0.0,0.0,0.0,0.0,1.7691513966192358,0.0,518.0,0.0
informed,0.0,adaptive_inventory,4200021,13.9249999999995,13.9249999999995,0.0,41.29,-27.3650000000005,13.890000000000393,0.034999999999106635,0.19721834065732624,0.40346870532535234,2265.7561014891303,1.2099999999997806,-0.22599999999994222,-0.3916666666667289,-0.7649999999998727,0.2918332381496288,4.463947413207774,3.3449457452884066,14.0,-7.0,8.0,1.0,601,601,0,2135.0,2176,1867,0,0.25045955882352944,0.19671980097668848,0.8579963235294118,6.72712146422629,0.16064943888040478,0.1,1.9339578454332553,0.006522248243559485,0.0,nan,3.0898945421352018,0.0,0.0,7125.0,35.5,0.0,1.921142857142857,0.3498720136518784,0.0,0.0,0.0,0.0,1.7691513966192356,0.0,600.0,0.0
informed,0.0,adaptive_inventory,4200022,13.819999999999254,13.819999999999254,0.0,40.605000000000004,-26.78500000000075,13.828571428570864,-0.008571428571610085,0.15962806729593237,0.49472144785804,2778.20342501656,1.0550000000000068,-0.14900000000005773,-0.277777777777732,-0.3749999999997726,0.22101656196459166,4.525419454546576,3.508280982295831,18.0,-7.0,7.0,-6.0,602,602,0,2140.0,2194,1904,0,0.24567000911577028,0.1945631421038276,0.8678213309024613,6.807308970099668,0.15915458810082117,0.1,1.8974299065420561,0.006457943925233296,0.0,nan,2.6688856366015976,0.0,0.0,7237.0,52.0,0.0,1.8693409742120344,0.36073567151411934,0.0,0.0,0.0,0.0,1.7691513966192356,0.0,598.0,0.0
informed,0.0,adaptive_inventory,4200023,8.22000000000071,8.22000000000071,0.0,38.12,-29.899999999999288,8.266666666667009,-0.04666666666629915,0.20515125982763716,0.22895998109344695,1285.7688026658363,1.9650000000002592,-0.27500000000005115,-0.5272222222221864,-1.0599999999999454,-0.39120502569960025,4.696926863716784,3.6510565391205025,20.0,-9.0,7.0,4.0,566,566,0,1988.0,2061,1777,0,0.24163027656477437,0.19280380176510523,0.8622028141678797,6.780918727915195,0.16897735553181156,0.1,1.9175050301810865,0.0041348088531190695,0.0,nan,2.672311195889843,0.0,0.0,6925.0,43.5,0.0,1.8235967926689576,0.3761739130434811,0.0,0.0,0.0,0.0,1.7691513966192358,0.0,564.0,0.0
informed,0.0,adaptive_full,4200000,12.814999999999259,12.814999999999259,0.0,28.165,-15.35000000000074,12.470000000000121,0.34499999999913733,0.2064825958703876,0.35464766955242044,1991.592186857041,3.1450000000000955,-0.28300000000012915,-0.4433333333333217,-0.900000000000091,0.4922901199314677,6.775322487709417,5.495145631067961,24.0,-12.0,11.0,9.0,271,271,0,1001.0,1035,879,0,0.23478260869565218,0.19782608695652174,0.8492753623188406,7.062730627306273,0.3370982460096805,0.175277573,2.8136863136863135,0.012802197802197062,0.0,nan,3.7940908166832346,0.0,0.0,7215.0,64.0,0.0,2.078600114744693,0.562287712287715,0.28529603892511257,0.0,1.112826420257348,0.0,1.7691513966192358,1530.0,270.0,0.0
informed,0.0,adaptive_full,4200001,8.44999999999959,8.44999999999959,0.0,33.9,-25.450000000000408,8.449999999998383,1.2079226507921703e-12,0.4570987701955702,0.10563518747830551,593.214708853107,4.3650000000002365,-0.608999999999969,-1.2016666666667737,-2.1749999999999545,3.307824100513992,11.412195096547284,9.42661336379212,27.0,-20.0,26.0,-20.0,285,285,0,1070.0,1052,887,0,0.24809885931558937,0.20849571317225254,0.8431558935361216,6.803508771929825,0.3297320843266667,0.184734929,3.1682242990654204,0.00789719626168186,0.0,nan,3.0382824750128883,0.0,0.0,7337.0,83.5,0.0,2.1495112133410004,0.9185849526656811,0.2805509745129856,0.0,1.30648074152828,0.0,1.7691513966192358,1545.0,285.0,0.0
informed,0.0,adaptive_full,4200002,11.234999999999388,11.234999999999388,0.0,33.51,-22.27500000000061,11.040000000000328,0.1949999999990606,0.3740081749675194,0.17165400196284997,963.9560569604256,3.0950000000000273,-0.41500000000001475,-0.9100000000001008,-1.5000000000001137,-1.5294117647058822,8.71026870221097,7.274700171330668,24.0,-14.0,13.0,-3.0,319,319,0,1147.0,1080,904,0,0.25925925925925924,0.21806083650190114,0.837037037037037,6.219435736677116,0.3205202172439703,0.158701516,2.9215344376634698,0.009795117698342971,0.0,nan,2.9498210575608326,0.0,0.0,7529.0,29.5,0.0,2.1835443037974684,0.7263725490196118,0.2893445309578454,0.0,1.08520522485212,0.0,1.7691513966192358,1608.0,318.0,0.0
informed,0.0,adaptive_full,4200003,9.424999999999727,9.424999999999727,0.0,24.415,-14.990000000000272,9.605000000000746,-0.18000000000101934,0.30239771167499596,0.17810036510800267,1000.1568488329114,2.700000000000273,-0.4019999999999298,-0.6838888888888859,-0.9900000000000091,2.3089663049685893,9.52102033550075,7.407766990291262,25.0,-13.0,17.0,-15.0,260,260,0,831.0,827,697,0,0.25634824667472794,0.21198979591836734,0.8428053204353083,5.861538461538461,0.4192740911466667,0.2,2.938026474127557,0.011341756919373919,0.0,nan,3.219256937257632,0.0,0.0,7042.0,40.0,0.0,2.0028818443804033,0.7255696202531668,0.28385260495627296,0.0,1.0119527838059,0.0,1.7691513966192358,1704.0,259.0,0.0
informed,0.0,adaptive_full,4200004,11.594999999998493,11.594999999998493,0.0,36.15,-24.555000000001506,11.669999999999643,-0.07500000000115037,0.29049426200212003,0.22808417075257306,1280.850521278976,1.7900000000004184,-0.4639999999999645,-0.643333333333342,-0.9750000000003638,1.866933181039406,7.994572524668756,6.3043974871502,23.0,-13.0,14.0,-3.0,354,354,0,1209.0,985,802,0,0.31573604060913707,0.2553865652724968,0.8142131979695432,5.048022598870056,0.3529524264191251,0.186131827,2.990074441687345,0.00959057071960173,0.0,nan,3.3989557529947856,0.0,0.0,7329.0,61.5,0.0,2.1718390804597703,0.6418951418951383,0.285755717355952,0.0,0.9095757076331812,0.0,1.7691513966192358,1737.0,353.0,0.0
informed,0.0,adaptive_full,4200005,19.534999999999854,19.534999999999854,0.0,39.13,-19.595000000000148,20.110000000001076,-0.5750000000012214,0.3146847615932119,0.3547314171280753,1992.062487472728,1.7299999999997908,-0.28949999999988446,-0.5938888888888793,-1.0750000000000455,0.1901770416904626,7.508444552845204,6.120502569960023,25.0,-11.0,13.0,19.0,348,348,0,1239.0,1091,895,0,0.27497708524289644,0.2345258375922771,0.8203483043079743,5.706896551724138,0.3197132031854913,0.159604471,3.15819209039548,0.015766747376916752,0.0,nan,3.510568116952429,0.0,0.0,7277.0,54.5,0.0,2.157110091743119,0.6102070293692841,0.283520553350553,0.0,1.05417048148197,0.0,1.7691513966192358,1612.0,345.0,0.0
informed,0.0,adaptive_full,4200006,9.279999999998893,9.279999999998893,0.0,30.775000000000002,-21.49500000000111,9.220000000000594,0.05999999999829875,0.45976252526575573,0.11533904682186329,647.7085970418542,4.485000000000127,-0.4640000000000782,-1.1494444444444918,-3.3299999999999272,-0.13363792118789264,8.025684380845611,6.33466590519703,25.0,-12.0,13.0,3.0,296,296,0,1071.0,1032,863,0,0.250968992248062,0.2144573488185823,0.8362403100775194,6.402027027027027,0.3380178367300971,0.1856675625,2.873482726423903,0.008664799253033513,0.0,nan,4.593531483325479,0.0,0.0,7339.0,76.0,0.0,2.150057273768614,0.638060068931562,0.285638035005947,0.0,1.1927906820247574,0.0,1.7691513966192358,1586.0,295.0,0.0
informed,0.0,adaptive_full,4200007,12.4099999999994,12.4099999999994,0.0,35.775,-23.3650000000006,12.001176470589348,0.40882352941005173,0.4381183886758372,0.16186101187994553,908.9616379651018,2.925000000000182,-0.541000000000099,-1.1000000000000842,-2.4149999999999636,-0.7190177041690463,9.675304209286326,8.103369503141062,23.0,-14.0,19.0,-10.0,339,339,0,1162.0,1073,894,0,0.2739981360671016,0.22558726460881381,0.8331780055917987,5.8023598820058995,0.32439504491783383,0.174783544,3.0787435456110157,0.010679862306367813,0.0,nan,2.626701126701239,0.0,0.0,7118.0,25.0,0.0,2.177382319173364,0.8062015503875989,0.27759352861957937,0.0,1.3364804051588965,0.0,1.7691513966192358,1561.0,339.0,0.0
informed,0.0,adaptive_full,4200008,15.72000000000088,15.72000000000088,0.0,28.915,-13.19499999999912,15.43999999999967,0.28000000000120906,0.2717413499045584,0.33056644290655895,1856.3594278250735,1.6799999999998363,-0.33249999999987945,-0.551666666666708,-0.8999999999998636,-0.14505996573386637,7.794078598800843,6.375785265562536,28.0,-10.0,15.0,4.0,307,307,0,1028.0,924,773,0,0.2824675324675325,0.23008057296329454,0.8365800865800865,5.527687296416938,0.3763914561496746,0.19733375050000002,2.812743190661479,0.015291828793775174,0.0,nan,2.599633434130476,0.0,0.0,7102.0,32.0,0.0,2.0194730813287514,0.6408912830558268,0.2769093261438204,0.0,0.8733278336637115,0.0,1.7691513966192358,1698.0,306.0,0.0
informed,0.0,adaptive_full,4200009,15.019999999999527,15.019999999999527,0.0,33.225,-18.205000000000474,16.140000000000235,-1.120000000000708,0.3405586591593374,0.2520228721842954,1415.2829025634517,2.625,-0.32300000000001317,-0.6316666666666038,-1.3950000000002092,-3.020559680182753,8.131179628683634,7.0125642490005715,27.0,-16.0,9.0,-12.0,304,304,0,1042.0,1040,876,0,0.2548076923076923,0.2044740973312402,0.8423076923076923,6.302631578947368,0.33515974166763,0.189259778,3.1885796545105567,0.014414587332053289,0.0,nan,3.642085848384712,0.0,0.0,7089.0,28.5,0.0,2.10849598163031,0.6998024691357972,0.27600047389802546,0.0,1.1452495618719951,0.0,1.7691513966192358,1603.0,301.0,0.0
informed,0.0,adaptive_full,4200010,9.204999999997938,9.204999999997938,0.0,28.79,-19.58500000000206,8.572857142857279,0.6321428571406589,0.38801322705264774,0.1355623889410635,761.2766636460047,3.9500000000011823,-0.34150000000014413,-0.9544444444445048,-2.3649999999998954,-0.9371787549971445,9.202869020500112,6.832095945174186,28.0,-17.5,12.0,-5.0,247,247,0,883.0,903,755,0,0.24363233665559247,0.20350311131597143,0.8361018826135105,6.712550607287449,0.3844725131553829,0.2,3.260475651189128,0.010424688561719068,0.0,nan,2.6959875515534155,0.0,0.0,6990.0,52.0,0.0,2.010338885697875,0.6730279898218869,0.29120761473250373,0.0,1.1639747977454018,0.0,1.7691513966192358,1521.0,244.0,0.0
informed,0.0,adaptive_full,4200011,16.990000000000236,16.990000000000236,0.0,42.29,-25.299999999999763,16.930000000000813,0.05999999999942318,0.3807597042505214,0.25497896232695344,1431.883395213503,4.565000000000055,-0.5220000000001178,-0.8866666666666687,-1.4149999999999636,2.309537407195888,9.377794066037213,7.302113078241005,31.0,-12.0,21.0,8.0,411,411,0,1422.0,1091,863,0,0.3290559120073327,0.2694202349374763,0.7910174152153987,4.754257907542579,0.31665740261891645,0.153166489,2.9739803094233475,0.011947960618846861,0.0,nan,3.760509045438076,0.0,0.0,7386.0,35.5,0.0,2.2508630609896434,0.7174363807728554,0.28317464557952593,0.0,1.050251261498898,0.0,1.7691513966192358,1770.0,407.0,0.0
informed,0.0,adaptive_full,4200012,11.669999999999163,11.669999999999163,0.0,36.89,-25.220000000000837,11.853529411764358,-0.18352941176519444,0.3182375830688571,0.20954694804629884,1176.7511824776316,3.6649999999999636,-0.42999999999998406,-0.582777777777772,-0.9500000000001592,-0.8035408338092519,9.335378751223804,7.573386636207881,25.0,-14.0,16.0,-6.0,369,369,0,1322.0,1061,848,0,0.3072573044297832,0.25896180215475023,0.7992459943449576,5.173441734417344,0.3270307673569405,0.161332616,2.7904689863842664,0.00882753403933371,0.0,nan,3.733837837161169,0.0,0.0,7230.0,37.5,0.0,2.1029919447640966,0.7490847784200391,0.2840926493431958,0.0,0.809611711046433,0.0,1.7691513966192358,1636.0,365.0,0.0
informed,0.0,adaptive_full,4200013,9.04999999999967,9.04999999999967,0.0,35.405,-26.35500000000033,9.080000000000643,-0.030000000000972804,0.4034929083559812,0.12816652943168697,719.7437923527691,5.039999999999623,-0.7135000000000331,-1.0899999999998802,-1.5299999999997453,3.5653912050256995,9.737510494295407,8.173043974871502,28.0,-11.0,19.0,-3.0,352,352,0,1191.0,1090,900,0,0.27706422018348625,0.22690036197370927,0.8256880733944955,5.653409090909091,0.31890170573805143,0.1687250365,2.9727120067170447,0.007598656591099639,0.0,nan,4.160463826795196,0.0,0.0,7189.0,91.0,0.0,2.080784766301212,0.8142787761049015,0.2835517501259148,0.0,1.0251021789434902,0.0,1.7691513966192358,1566.0,351.0,0.0
informed,0.0,adaptive_full,4200014,0.15999999999985448,0.15999999999985448,0.0,34.705,-34.545000000000144,1.940000000000752,-1.7800000000008975,0.49346420123268336,0.0018527903584514924,10.40470054810449,10.675000000000637,-0.5609999999999955,-1.458888888888983,-3.349999999999909,1.8006853226727584,10.402396134195788,8.2175899486008,30.0,-13.0,20.0,24.0,312,312,0,1044.0,1027,869,0,0.2629016553067186,0.21112234580384226,0.8461538461538461,6.076923076923077,0.3392003068546341,0.168763454,3.3242337164750957,0.00015325670498070353,0.0,nan,4.13170934330029,0.0,0.0,7191.0,89.5,0.0,2.1619758759333716,0.8066995073891554,0.28052247764107985,0.0,1.3676561768168842,0.0,1.7691513966192358,1641.0,309.0,0.0
informed,0.0,adaptive_full,4200015,11.88999999999983,11.88999999999983,0.0,33.3,-21.410000000000167,11.844358974358745,0.04564102564108552,0.34301787283426644,0.1980738105028237,1112.3215723263547,2.500000000000341,-0.4320000000000618,-0.7599999999999972,-1.5449999999998454,1.2758423757852655,9.060800028863193,7.16961736150771,28.0,-10.0,20.0,1.0,298,298,0,1089.0,1016,836,0,0.2637795275590551,0.21955645161290321,0.8228346456692913,6.214765100671141,0.3436179891913215,0.2,3.0578512396694215,0.010918273645546216,0.0,nan,3.3298330209400673,0.0,0.0,7566.0,44.5,0.0,2.1291618828932264,0.7189723320158069,0.28705868247222893,0.0,1.1713159411330336,0.0,1.7691513966192358,1514.0,293.0,0.0
informed,0.0,adaptive_full,4200016,10.345000000000937,10.345000000000937,0.0,33.57,-23.224999999999064,10.574125000000544,-0.22912499999960723,0.3077517445750715,0.1920843236678095,1078.6864572304294,1.8199999999998226,-0.4490000000000122,-0.7005555555555342,-0.9549999999999272,-0.7390062821245003,8.625785982807917,6.758423757852656,24.0,-17.0,12.0,19.0,335,335,0,1159.0,1017,839,0,0.28416912487708945,0.2360488798370672,0.8249754178957719,5.540298507462687,0.3420820373379311,0.154275062,2.896462467644521,0.008925798101812715,0.0,nan,3.867884856575692,0.0,0.0,7346.0,42.5,0.0,2.1801491681009755,0.6735509011203078,0.2824037839210328,0.0,0.9538516891627923,0.0,1.7691513966192358,1667.0,332.0,0.0
informed,0.0,adaptive_full,4200017,16.539999999999196,16.539999999999196,0.0,37.050000000000004,-20.510000000000808,16.54000000000002,-8.242295734817162e-13,0.3733425726044122,0.2531570001646368,1421.6518163290334,4.500000000000455,-0.3885000000000218,-0.8377777777777674,-1.290000000000191,2.6299257567104513,8.712168501923616,7.050256996002284,29.0,-12.0,16.0,0.0,360,360,0,1222.0,977,788,0,0.31525076765609006,0.2645021645021645,0.8065506653019447,4.902777777777778,0.3564010883969231,0.162109847,3.0319148936170213,0.013535188216038623,0.0,nan,3.162100056866424,0.0,0.0,7164.0,73.0,0.0,2.1477011494252873,0.7003855421686782,0.29364818577183305,0.0,0.9227334868052756,0.0,1.7691513966192358,1798.0,356.0,0.0
informed,0.0,adaptive_full,4200018,8.74000000000163,8.74000000000163,0.0,33.495,-24.75499999999837,8.730000000001704,0.00999999999992518,0.5141657087226387,0.09713377670973311,545.4734018671647,5.7199999999998,-0.6649999999999977,-1.4099999999998292,-2.809999999999718,0.5088520845231297,12.002988700556307,9.446601941747574,34.0,-18.5,22.0,-2.0,321,321,0,1084.0,1066,889,0,0.26172607879924953,0.2093068159876424,0.8339587242026266,6.090342679127726,0.32693395254229324,0.1545111735,3.0899446494464944,0.008062730627307776,0.0,nan,3.689287083638502,0.0,0.0,7284.0,46.5,0.0,2.1135972461273664,0.9279195289499516,0.29287167000136277,0.0,1.4164775975531627,0.0,1.7691513966192358,1603.0,315.0,0.0
informed,0.0,adaptive_full,4200019,7.2400000000002365,7.2400000000002365,0.0,27.715,-20.474999999999763,7.295000000000511,-0.05500000000027416,0.32457948796337366,0.1274616237489979,715.7852589387854,6.580000000000268,-0.5920000000000527,-0.9105555555555485,-1.2400000000002365,4.262707024557396,10.772268974145797,7.77384351798972,31.0,-9.0,31.0,-6.0,285,285,0,938.0,929,778,0,0.26264800861141013,0.21240942028985507,0.83745963401507,5.989473684210527,0.37531724128263216,0.2,2.954690831556503,0.00771855010661006,0.0,nan,3.2674778391006463,0.0,0.0,7116.0,36.5,0.0,2.0601374570446733,0.760755091902623,0.28537112835200507,0.0,1.0579459815493684,0.0,1.7691513966192358,1613.0,284.0,0.0
informed,0.0,adaptive_full,4200020,17.89500000000021,17.89500000000021,0.0,31.89,-13.994999999999791,17.85916305916275,0.03583694083745925,0.30561445011358485,0.33459524842211846,1878.9839599340287,2.7950000000003,-0.30000000000002275,-0.6344444444444832,-1.1300000000003365,2.6116504854368934,7.378017046588266,6.1433466590519705,25.0,-9.0,15.5,1.0,316,316,0,1123.0,976,807,0,0.2838114754098361,0.23959889054832514,0.826844262295082,5.6424050632911396,0.3573296133521561,0.2,2.839715048975957,0.015934995547640437,0.0,nan,3.8321913070422022,0.0,0.0,7192.0,17.0,0.0,2.0457404230989136,0.6254368932038842,0.2830953302149179,0.0,0.889745526949486,0.0,1.7691513966192358,1656.0,316.0,0.0
informed,0.0,adaptive_full,4200021,13.045000000000186,13.045000000000186,0.0,30.955000000000002,-17.909999999999815,13.170000000000721,-0.12500000000053468,0.3722158210038825,0.20026783639076068,1124.6425466096257,3.415000000000191,-0.3854999999999904,-0.8888888888889395,-2.5550000000000637,-1.566533409480297,8.392975185928627,6.507709880068532,23.0,-17.0,11.0,-5.0,326,326,0,1119.0,1036,868,0,0.27413127413127414,0.22371051579368254,0.8378378378378378,5.840490797546012,0.33642504618278535,0.176884623,2.766309204647006,0.011657730116175323,0.0,nan,3.1428885988165898,0.0,0.0,7260.0,35.5,0.0,2.187033849684452,0.6452949780594854,0.28080063877668454,0.0,0.9630409831038468,0.0,1.7691513966192358,1654.0,323.0,0.0
informed,0.0,adaptive_full,4200022,11.440000000000637,11.440000000000637,0.0,30.705000000000002,-19.264999999999365,11.439999999999603,1.0338396805309458e-12,0.36350505425143664,0.17983636762919605,1009.905704822678,3.479999999999791,-0.3895000000000209,-0.7677777777777995,-2.3049999999998363,2.2158766419189035,8.756506877473115,7.160479725870931,28.0,-16.0,15.0,-1.0,307,307,0,1045.0,1027,868,0,0.2590068159688413,0.21055813016320774,0.8451801363193768,6.172638436482084,0.3388655887843902,0.169140587,2.9382775119617226,0.010947368421053242,0.0,nan,3.2325223006205577,0.0,0.0,7301.0,51.5,0.0,2.116800920598389,0.7224419179436482,0.28982196947777367,0.0,1.2831911700652656,0.0,1.7691513966192358,1524.0,304.0,0.0
informed,0.0,adaptive_full,4200023,11.914999999999509,11.914999999999509,0.0,26.82,-14.905000000000491,11.85000000000193,0.06499999999757833,0.3244131192186396,0.2098734923226851,1178.5849546559023,4.065000000000282,-0.33650000000006913,-0.684999999999977,-1.9649999999999181,-1.1473443746430612,8.093965049207052,6.619645916619075,27.0,-15.0,11.0,9.0,292,292,0,1021.0,898,736,0,0.28396436525612473,0.23623322535863026,0.8195991091314031,5.595890410958904,0.38709464265513394,0.2,2.626836434867777,0.011669931439764455,0.0,nan,2.823948787984212,0.0,0.0,6949.0,51.5,0.0,1.9490263459335624,0.6630510153541395,0.2896163419545722,0.0,0.9448700995368621,0.0,1.7691513966192358,1647.0,289.0,0.0
informed,5.0,as_gamma0.01,4200000,1.170000000000016,1.170000000000016,0.0,37.685,-36.514999999999986,1.1699999999994724,5.435651928564766e-13,0.25745301674134513,0.025968677199192818,145.83210056954968,3.0450000000000728,-0.21099999999994729,-0.7355555555555119,-2.404999999999859,-0.25471159337521415,4.164959388767508,2.874928612221588,25.0,-7.5,6.0,0.0,615,615,0,2168.0,2368,2040,8,0.23395270270270271,0.1831081081081081,0.8614864864864865,7.180487804878049,0.1455267414463229,0.1,1.7382380073800738,0.0005396678966789741,0.0,nan,3.9886416781875815,0.0,0.0,7239.0,66.0,0.0,1.8782161234991424,,,,,,,,,
informed,5.0,as_gamma0.01,4200001,-0.5400000000000773,-0.5400000000000773,0.0,39.285000000000004,-39.82500000000008,-0.6680000000000662,0.1279999999999889,0.2264466103157289,-0.013626674655948226,-76.52321192996861,5.050000000000523,-0.3364999999999611,-0.6555555555555704,-1.6100000000000705,-0.2701313535122787,3.1932992978049994,2.117075956596231,17.0,-6.0,4.0,-6.0,690,690,0,2378.0,2552,2197,24,0.23550156739811912,0.18636363636363637,0.8608934169278997,6.917391304347826,0.13486432408039217,0.1,1.65201850294365,-0.00022708158116067171,0.0,nan,3.400955996787679,0.0,18.0,7465.0,83.5,0.0,1.8657909765848086,,,,,,,,,
informed,5.0,as_gamma0.01,4200002,4.700000000000102,4.700000000000102,0.0,34.87,-30.169999999999895,4.691666666666926,0.00833333333317654,0.2507731885952268,0.10709734564365084,601.4257392025411,2.159999999999684,-0.28700000000013115,-0.7183333333332769,-1.8449999999998283,-0.2524271844660194,3.4240079567646227,2.272986864648772,21.0,-6.0,5.0,-1.0,595,595,0,2069.0,2378,2071,10,0.22119428090832632,0.17401177460050463,0.8708999158957107,7.4941176470588236,0.14495455391035356,0.1,1.6853552440792654,0.002271628806186613,0.0,nan,3.8783304330498187,0.0,0.0,7308.0,33.5,0.0,1.8873563218390805,,,,,,,,,
informed,5.0,as_gamma0.01,4200003,2.314999999998804,2.314999999998804,0.0,29.685000000000002,-27.3700000000012,2.36000000000051,-0.04500000000170612,0.25449409876346807,0.05197987494735387,291.9029834585007,4.4800000000007,-0.18650000000001796,-0.6355555555556518,-2.5600000000002723,0.0799543118218161,3.369904631047556,2.2981153626499142,17.0,-4.0,5.0,-3.0,507,507,0,1791.0,2083,1813,13,0.21651464234277484,0.17196351416226596,0.8703792606817091,7.710059171597633,0.16595594945266698,0.1,1.6574539363484087,0.0012925739810155242,0.0,nan,2.8264411583392652,0.0,5.0,7034.0,43.0,0.0,1.779495990836197,,,,,,,,,
informed,5.0,as_gamma0.01,4200004,7.5649999999997135,7.5649999999997135,0.0,41.730000000000004,-34.16500000000029,7.700000000000375,-0.13500000000066148,0.19084131425076492,0.22651579192002197,1272.042988346692,2.9099999999999113,-0.20899999999999605,-0.4261111111111199,-1.2149999999999181,-0.07024557395773844,3.276202182289205,2.470017133066819,17.0,-5.0,5.0,-3.0,675,675,0,2387.0,2496,2140,10,0.23958333333333334,0.19126602564102563,0.8573717948717948,6.882962962962963,0.13768075059863674,0.1,1.7482195224130708,0.003169250104733856,0.0,nan,3.7604487270127533,0.0,0.0,7382.0,62.5,0.0,1.9204350314825416,,,,,,,,,
informed,5.0,as_gamma0.01,4200005,9.1050000000007,9.1050000000007,0.0,37.38,-28.274999999999302,9.140000000000004,-0.03499999999930381,0.1349543315080167,0.3855272435289324,2165.0023726414565,1.0449999999998454,-0.15150000000001,-0.22277777777779464,-0.3500000000000796,0.08794974300399772,3.536257151681669,2.599657338663621,16.0,-5.0,6.0,11.0,593,593,0,2137.0,2351,2016,7,0.226286686516376,0.18179498085920884,0.8575074436410038,7.376053962900506,0.14674044225542784,0.1,1.749181094992981,0.004260645765091577,0.0,nan,2.9061289116847724,0.0,0.0,7224.0,53.5,0.0,1.8712077847738982,,,,,,,,,
informed,5.0,as_gamma0.01,4200006,6.669999999999916,6.669999999999916,0.0,36.800000000000004,-30.130000000000088,6.659999999999902,0.010000000000013998,0.1505960898098372,0.25308947770432444,1421.2726309686298,1.475000000000307,-0.14499999999999033,-0.3150000000000593,-0.7850000000003234,-0.4563106796116505,3.4953185438540326,2.691604797258709,17.0,-6.0,5.0,1.0,623,623,0,2111.0,2415,2103,5,0.2269151138716356,0.174824016563147,0.8708074534161491,7.260032102728732,0.14309768172813925,0.1,1.7432496447181431,0.0031596399810515947,0.0,nan,3.9530740266089204,0.0,0.0,7249.0,74.5,0.0,1.897362385321101,,,,,,,,,
informed,5.0,as_gamma0.01,4200007,-0.7399999999999807,-0.7399999999999807,0.0,34.565,-35.30499999999998,-0.7400000000005309,5.502265310042276e-13,0.29936446914401255,-0.014125161348179625,-79.32255980881747,6.749999999999915,-0.4085000000000121,-0.9905555555555579,-2.130000000000166,0.17133066818960593,4.28367338636643,2.874928612221588,22.0,-8.0,6.0,1.0,570,570,0,1997.0,2258,1945,18,0.22099202834366696,0.17688219663418955,0.8613817537643933,7.405263157894737,0.15265930958067375,0.1,1.7308462694041062,-0.00037055583375061624,0.0,nan,4.003291497633672,0.0,0.0,7024.0,30.5,0.0,1.838487972508591,,,,,,,,,
informed,5.0,as_gamma0.01,4200008,-5.569999999998856,-5.569999999998856,0.0,31.970000000000002,-37.539999999998855,-5.40999999999953,-0.15999999999932601,0.6134728485927894,-0.05188260817340922,-291.35676318508564,14.16999999999939,-0.32499999999998996,-1.601666666666601,-5.724999999999682,-0.17075956596230726,3.8145130660859623,2.3340948029697315,28.0,-6.0,5.0,-5.0,538,538,0,1861.0,2177,1904,24,0.21635277905374367,0.17096922370234266,0.8745980707395499,7.630111524163569,0.15838773990528737,0.1,1.7178936055883933,-0.002993014508328241,0.0,nan,3.0992853668178544,5.0,31.0,6958.0,77.0,0.0,1.7986230636833047,,,,,,,,,
informed,5.0,as_gamma0.01,4200009,0.9949999999999477,0.9949999999999477,0.0,40.08,-39.08500000000005,0.9700000000001956,0.02499999999975211,0.43289534262718266,0.013134154438364165,73.75736993685054,6.189999999999941,-0.20649999999992302,-1.0555555555555776,-4.84999999999998,-0.17018846373500857,3.2524896090006683,2.1553398058252426,22.0,-6.0,5.0,-5.0,648,648,0,2213.0,2423,2085,12,0.22988031366075112,0.18266611638464714,0.8605035080478746,6.9753086419753085,0.14252492415159027,0.1,1.8111161319475824,0.00044961590600991764,0.0,nan,5.043422621776829,0.0,2.0,7236.0,28.0,0.0,1.9508290451686678,,,,,,,,,
informed,5.0,as_gamma0.01,4200010,1.8399999999991223,1.8399999999991223,0.0,31.91,-30.070000000000878,1.7459999999995124,0.09399999999960995,0.17685232677124244,0.05945234595573556,333.86608135673464,3.200000000000159,-0.23599999999993881,-0.4911111111111539,-0.9200000000002433,0.058823529411764705,4.28622840685407,3.1279268989149056,19.0,-8.0,6.0,-10.0,514,514,0,1826.0,2115,1834,11,0.21560283687943263,0.17267139479905438,0.8671394799054374,7.7042801556420235,0.1635827230411737,0.1,1.7475355969331874,0.0010076670317629367,0.0,nan,2.197894023868803,0.0,0.0,6930.0,48.5,0.0,1.7894736842105263,,,,,,,,,
informed,5.0,as_gamma0.01,4200011,1.970000000000411,1.970000000000411,0.0,45.86,-43.88999999999959,1.9699999999996556,7.553957459549565e-13,0.23557368748051918,0.04778607907165403,268.35191625465285,5.270000000000039,-0.32550000000007906,-0.7299999999999803,-1.3299999999998988,-0.33866362078812107,3.642989439678434,2.4277555682467162,16.0,-6.0,5.0,0.0,749,749,0,2636.0,2661,2271,22,0.24765125892521608,0.19812100714017286,0.8534385569334837,6.61415220293725,0.12859889267280933,0.096841989,1.7397572078907435,0.0007473444613051635,0.0,nan,5.464890756170866,0.0,2.0,7513.0,29.5,0.0,1.9204152249134947,,,,,,,,,
informed,5.0,as_gamma0.01,4200012,-1.699999999999818,-1.699999999999818,0.0,41.65,-43.34999999999982,-1.6999999999994613,-3.568256801145253e-13,0.4309014589479654,-0.022544100310084463,-126.6007305051504,9.345000000000027,-0.35,-1.133888888888925,-4.835000000000008,-0.366076527698458,3.536894144024367,2.420902341519132,21.0,-6.0,5.0,0.0,634,634,0,2196.0,2370,2028,15,0.23037974683544304,0.18531645569620253,0.8556962025316456,6.960567823343848,0.1453653551431588,0.1,1.8966302367941712,-0.0007741347905281503,0.0,nan,8.219890013410826,0.0,29.0,7136.0,41.5,0.0,1.938073394495413,,,,,,,,,
informed,5.0,as_gamma0.01,4200013,-10.924999999999727,-10.924999999999727,0.0,40.225,-51.14999999999973,-10.909999999999332,-0.01500000000039492,0.6507899393475652,-0.09592737633768006,-538.6986285879987,14.770000000000238,-0.3499999999999176,-1.9266666666666954,-5.885000000000218,0.11936036550542548,3.987849455557231,2.79554540262707,20.0,-6.0,6.0,-1.0,662,662,0,2273.0,2461,2108,18,0.22958147094676962,0.18472165786265746,0.8565623730190979,6.929003021148036,0.1395201747462383,0.1,1.769687637483502,-0.0048064232292123745,0.0,nan,7.70744896898927,0.0,22.0,7318.0,92.5,0.0,1.8541905855338692,,,,,,,,,
informed,5.0,as_gamma0.01,4200014,0.9200000000006554,0.9200000000006554,0.0,38.09,-37.16999999999935,0.9199999999996928,9.625633623500107e-13,0.302117178954424,0.017401006044544292,97.71869564377357,3.775000000000233,-0.3334999999999183,-1.0150000000000305,-2.06500000000014,0.48657909765848084,3.5772805052347354,2.3655054254711594,22.0,-4.0,7.0,0.0,624,624,0,2190.0,2403,2075,12,0.22971285892634208,0.1822721598002497,0.8635039533915938,7.19551282051282,0.14369640918034152,0.1,1.7392694063926941,0.0004200913242012125,0.0,nan,4.650308451053331,0.0,0.0,7173.0,99.5,0.0,1.8418338108882522,,,,,,,,,
informed,5.0,as_gamma0.01,4200015,5.309999999999945,5.309999999999945,0.0,40.845,-35.53500000000005,5.235918367346378,0.07408163265356738,0.24627021684408368,0.12320960906964734,691.9072528476039,3.5349999999997976,-0.2565000000000026,-0.612777777777781,-1.8399999999997192,-0.22272986864648772,4.213948131240555,2.812107367218732,24.0,-8.0,6.0,2.0,664,664,0,2382.0,2459,2082,14,0.2379015860105734,0.1937372915819439,0.8466856445709638,6.859939759036145,0.1403103513235653,0.1,1.714735516372796,0.0022292191435768034,0.0,nan,3.257021907348647,0.0,2.0,7567.0,43.5,0.0,1.9416475972540046,,,,,,,,,
informed,5.0,as_gamma0.01,4200016,2.815000000000282,2.815000000000282,0.0,39.86,-37.04499999999972,2.7800000000004386,0.03499999999984338,0.18727006919883557,0.08589581001669175,482.36443884968,3.634999999999323,-0.2885000000000474,-0.45666666666666816,-0.6349999999998772,-0.1342090234151913,3.3458090152590976,2.4140491147915477,13.0,-6.0,5.0,-7.0,672,672,0,2331.0,2464,2108,19,0.23741883116883117,0.18920454545454546,0.8555194805194806,6.831845238095238,0.13970989442363932,0.1,1.70999570999571,0.0012076362076363285,0.0,nan,3.9718809207353667,0.0,0.0,7364.0,38.5,0.0,1.8986254295532645,,,,,,,,,
informed,5.0,as_gamma0.01,4200017,2.6699999999994475,2.6699999999994475,0.0,38.975,-36.305000000000554,2.610000000000414,0.05999999999903327,0.41730707173284404,0.03656094969535329,205.31504365793168,7.135000000001014,-0.25500000000002954,-0.9438888888889273,-4.940000000000282,0.13992004568817817,3.8913513608215133,2.5945174186179325,32.0,-6.0,6.0,4.0,622,622,0,2152.0,2380,2060,9,0.22857142857142856,0.18084033613445377,0.865546218487395,7.152733118971061,0.14494824962447436,0.1,1.8111059479553904,0.0012407063197023454,0.0,nan,3.0080434980547714,0.0,23.0,7136.0,72.0,0.0,1.876649454962708,,,,,,,,,
informed,5.0,as_gamma0.01,4200018,-5.789999999999509,-5.789999999999509,0.0,44.18,-49.96999999999951,-5.740000000000802,-0.049999999998706635,0.44746048251822035,-0.07394108659498047,-415.2303905905589,11.944999999999965,-0.42150000000008137,-1.4461111111111253,-4.045000000000044,0.15305539691604797,3.5639688374260796,2.38263849229012,19.0,-6.0,6.0,-6.0,676,676,0,2322.0,2518,2176,20,0.23391580619539318,0.18443208895949165,0.8641779189833201,6.9733727810650885,0.13667736721144674,0.1,1.9026701119724376,-0.002493540051679375,0.0,nan,6.299337593615283,6.0,35.0,7262.0,90.0,0.0,1.889908256880734,,,,,,,,,
informed,5.0,as_gamma0.01,4200019,7.580000000000382,7.580000000000382,0.0,37.295,-29.71499999999962,7.618823529412203,-0.03882352941182088,0.1957563832327201,0.2212662749433554,1242.563316285976,2.4399999999999693,-0.25450000000004275,-0.5111111111110915,-0.920000000000357,-0.02912621359223301,3.847872023710615,2.7407195888063964,16.0,-6.0,6.0,11.0,600,600,0,2097.0,2244,1918,7,0.2286096256684492,0.18689839572192513,0.8547237076648841,6.948333333333333,0.15409715081668152,0.1,1.7784930853600383,0.0036146876490225953,0.0,nan,2.857187273037423,0.0,0.0,7137.0,37.0,0.0,1.8409610983981692,,,,,,,,,
informed,5.0,as_gamma0.01,4200020,7.890000000000498,7.890000000000498,0.0,33.730000000000004,-25.839999999999506,7.905714285714433,-0.015714285713935183,0.16551771295088832,0.27239208107651147,1529.6701120815455,1.7500000000000284,-0.15399999999999348,-0.4044444444444587,-0.9150000000001626,-0.105653912050257,4.328161671314817,3.100513992004569,20.0,-7.0,7.0,-2.0,544,544,0,1910.0,2238,1935,3,0.21179624664879357,0.17068811438784628,0.8646112600536193,7.676470588235294,0.1544555440509839,0.1,1.7659685863874346,0.0041308900523562815,0.0,nan,4.351678838453007,0.0,0.0,7103.0,14.5,0.0,1.8257879656160458,,,,,,,,,
informed,5.0,as_gamma0.01,4200021,6.370000000000118,6.370000000000118,0.0,40.755,-34.384999999999884,6.419999999999857,-0.0499999999997387,0.21649350286235886,0.16813437594541986,944.1909202380581,2.9050000000001432,-0.27550000000001656,-0.5133333333333512,-1.1200000000000188,0.008566533409480296,4.109777972940144,2.9029126213592233,20.0,-7.0,7.0,-6.0,633,633,0,2236.0,2413,2075,7,0.23124740986324077,0.18532946539577289,0.8599254040613344,7.101105845181674,0.14339247088801327,0.1,1.822674418604651,0.0028488372093023783,0.0,nan,4.461336950179744,0.0,0.0,7304.0,37.5,0.0,1.8902229845626073,,,,,,,,,
informed,5.0,as_gamma0.01,4200022,4.340000000000714,4.340000000000714,0.0,35.225,-30.884999999999287,4.267999999999789,0.07200000000092466,0.20926551906909968,0.11850972922020228,665.5141737696147,2.4299999999997794,-0.30050000000000093,-0.5994444444443966,-1.1899999999997704,-0.3854940034266134,3.821756195204462,2.648201027984009,22.0,-6.0,5.0,-8.0,571,571,0,2030.0,2297,1991,5,0.22464083587287767,0.17675228558989986,0.8667827601218981,7.518388791593695,0.15078398568932463,0.1,1.7352216748768472,0.0021379310344831104,0.0,nan,3.559964448901681,0.0,0.0,7099.0,48.0,0.0,1.8020594965675056,,,,,,,,,
informed,5.0,as_gamma0.01,4200023,5.879999999999541,5.879999999999541,0.0,36.24,-30.36000000000046,5.7936363636367485,0.0863636363627922,0.17879597310901457,0.18792369545991372,1055.3216494432531,1.6699999999998454,-0.2060000000000002,-0.39333333333333403,-0.7400000000000091,0.03769274700171331,3.706039668947362,2.6807538549400345,18.0,-6.0,5.0,-10.0,609,609,0,2120.0,2306,1978,12,0.23243712055507373,0.18386816999132696,0.8577623590633131,7.054187192118227,0.15007694554600695,0.1,1.709433962264151,0.0027735849056601605,0.0,nan,3.2800761609632683,0.0,0.0,7138.0,49.5,0.0,1.8445714285714285,,,,,,,,,
informed,5.0,adaptive_off,4200000,7.294999999997799,7.294999999997799,0.0,36.39,-29.0950000000022,8.287716686811631,-0.9927166868138322,0.8728065371155114,0.047760543159388394,268.2085144287881,20.44000000000142,-1.2920000000003709,-2.52611111111134,-4.75,-4.045117075956596,28.583955471963403,24.018846373500857,50.0,-50.0,40.0,25.0,522,522,0,1761.0,1928,1650,1,0.2308091286307054,0.18511510564490696,0.8558091286307054,6.85632183908046,0.17169141014537903,0.1,2.0664395229982966,0.004142532651901078,0.0,nan,2.8638659255470067,0.0,0.0,7304.0,64.0,0.0,1.9845714285714287,0.0,0.0,0.0,0.0,0.0,1.7691513966192358,0.0,522.0,10.0
informed,5.0,adaptive_off,4200001,-1.4399999999968713,-1.4399999999968713,0.0,39.075,-40.514999999996874,-0.9592369706456133,-0.48076302935125803,0.96651287180406,-0.00851366977989065,-47.81014982139871,21.204999999999927,-2.0030000000000654,-2.746666666666695,-4.6299999999992,-15.218161050828098,24.17193626591135,23.677327241576243,50.0,-50.0,29.0,-36.0,541,541,0,1902.0,1956,1646,0,0.24028629856850717,0.19709844559585493,0.8415132924335378,6.658040665434381,0.1700627829472876,0.1,2.054416403785489,-0.0007570977917964624,0.0,nan,3.0428435119050605,0.0,0.0,7367.0,80.5,0.0,1.9867663981588033,0.0,0.0,0.0,0.0,0.0,1.7691513966192358,0.0,538.0,10.0
informed,5.0,adaptive_off,4200002,6.120000000004211,6.120000000004211,0.0,35.905,-29.78499999999579,5.879999999990063,0.240000000014148,1.0782601589799572,0.03243320109734546,182.1348776428061,14.689999999995052,-1.5329999999999016,-2.73666666666678,-6.7150000000001455,21.520274129069104,30.44731272604887,33.988577955454026,50.0,-49.0,50.0,-9.0,513,513,0,1761.0,1911,1622,0,0.23757195185766614,0.19114295017909474,0.848770277341706,6.886939571150098,0.1708290690895757,0.1,2.0388983532084044,0.003475298126067127,0.0,nan,3.1611046097367286,0.0,0.0,7334.0,28.5,0.0,1.9425287356321839,0.0,0.0,0.0,0.0,0.0,1.7691513966192358,0.0,513.0,10.0
informed,5.0,adaptive_off,4200003,-6.449999999995271,-6.449999999995271,0.0,29.835,-36.28499999999527,-2.856157103772154,-3.5938428962231166,0.9595476707012011,-0.038410955476742524,-215.70410687807092,20.57999999999629,-1.4859999999996945,-2.5761111111110546,-4.529999999999745,0.7458595088520845,35.16942681119669,30.135922330097088,50.0,-50.0,50.0,-50.0,458,458,0,1476.0,1684,1439,0,0.22743467933491687,0.1810376548509751,0.8545130641330166,6.818777292576419,0.1886949351449792,0.1,2.0213414634146343,-0.004369918699183788,0.0,nan,3.0458629373784043,0.0,0.0,7069.0,39.5,0.0,1.8423165137614679,0.0,0.0,0.0,0.0,0.0,1.7691513966192358,0.0,456.0,10.0
informed,5.0,adaptive_off,4200004,-11.335000000000036,-11.335000000000036,0.0,35.425000000000004,-46.76000000000004,-8.841690739082491,-2.4933092609175453,1.066146624820313,-0.06075283367552308,-341.1692202300313,24.540000000002237,-1.9924999999998363,-3.033888888888972,-6.444999999999709,5.253569388920617,35.97952504227966,33.347230154197604,50.0,-49.0,50.0,-37.0,497,497,0,1665.0,1837,1555,1,0.22972237343494828,0.18849767915770407,0.8464888405008165,6.826961770623742,0.178032275240327,0.1,2.1276276276276276,-0.006807807807807829,0.0,nan,2.729984085952556,0.0,0.0,7215.0,60.5,0.0,1.983400114481969,0.0,0.0,0.0,0.0,0.0,1.7691513966192358,0.0,496.0,10.0
informed,5.0,adaptive_off,4200005,15.515000000003056,15.515000000003056,0.0,39.355000000000004,-23.839999999996948,16.26487420100708,-0.7498742010040225,0.7353826880375335,0.1205591922401025,677.0233274680924,8.1599999999994,-1.2524999999996451,-1.8844444444444486,-3.0499999999992724,12.075385494003427,24.601797851344966,22.33009708737864,50.0,-27.0,49.0,47.0,543,543,0,1891.0,1978,1667,0,0.23609706774519718,0.19464745239320638,0.8427704752275025,6.712707182320442,0.17091769561386638,0.1,2.081173982020095,0.008204653622423615,0.0,nan,3.100396102000476,0.0,0.0,7220.0,52.5,0.0,1.9289398280802292,0.0,0.0,0.0,0.0,0.0,1.7691513966192358,0.0,535.0,10.0
informed,5.0,adaptive_off,4200006,7.709999999996626,7.709999999996626,0.0,36.89,-29.180000000003375,7.442620037770846,0.26737996222578,0.889805995349336,0.049513200728465344,278.05090004269823,13.715000000001055,-1.1699999999997088,-2.488888888888722,-5.139999999999873,-13.488863506567675,25.867071483161897,24.462021701884638,50.0,-50.0,30.0,-15.0,552,552,0,1801.0,1899,1609,0,0.2401263823064771,0.19257912745936698,0.8472880463401791,6.355072463768116,0.17509419628887718,0.1,2.048306496390894,0.004280955024984245,0.0,nan,2.670342224096906,0.0,0.0,7313.0,74.0,0.0,1.9197247706422018,0.0,0.0,0.0,0.0,0.0,1.7691513966192358,0.0,549.0,10.0
informed,5.0,adaptive_off,4200007,15.469999999996162,15.469999999996162,0.0,37.37,-21.900000000003836,16.062454265142218,-0.5924542651460563,0.7988438197018723,0.11065992853643013,621.4321085190072,10.335000000000946,-1.2989999999998871,-1.9788888888889586,-4.450000000000728,8.158766419189035,25.216615669940666,21.99086236436322,50.0,-45.0,44.0,33.0,541,541,0,1859.0,1931,1630,1,0.24443293630243398,0.19338395922188703,0.8441222164681512,6.584103512014788,0.17443668720632452,0.1,2.010220548682087,0.008321678321676258,0.0,nan,2.8309147639078684,0.0,0.0,7007.0,21.0,0.0,1.893348623853211,0.0,0.0,0.0,0.0,0.0,1.7691513966192358,0.0,534.0,10.0
informed,5.0,adaptive_off,4200008,2.1900000000001967,2.1900000000001967,0.0,34.095,-31.904999999999802,2.092089155903021,0.09791084409717588,0.8909619420974461,0.014045813993835136,78.87696948205826,12.660000000002583,-1.2799999999998362,-2.5472222222223184,-4.949999999999591,7.127355796687607,27.670623270022947,22.89548829240434,50.0,-40.0,50.0,2.0,516,516,0,1690.0,1848,1573,1,0.2326839826839827,0.18492176386913228,0.8511904761904762,6.631782945736434,0.17720322078548215,0.1,2.0174556213017754,0.0012958579881657969,0.0,nan,2.553999501163237,0.0,0.0,7080.0,30.0,0.0,1.8611589213998851,0.0,0.0,0.0,0.0,0.0,1.7691513966192358,0.0,514.0,10.0
informed,5.0,adaptive_off,4200009,12.675000000005184,12.675000000005184,0.0,40.535000000000004,-27.85999999999482,14.159770059762927,-1.484770059757743,0.7571898396055959,0.0956544417795246,537.1659120915623,7.219999999994798,-1.125499999999829,-1.6083333333332728,-2.1250000000009095,-2.130782410051399,27.636138810929857,22.750999428897774,50.0,-48.0,47.5,-29.0,591,591,0,1985.0,2031,1705,0,0.2466765140324963,0.20068749368112426,0.8394879369768586,6.321489001692047,0.16760959644110401,0.1,2.042065491183879,0.006385390428214199,0.0,nan,2.947301351914927,0.0,0.0,7251.0,27.5,0.0,1.9484831139095593,0.0,0.0,0.0,0.0,0.0,1.7691513966192356,0.0,587.0,10.0
informed,5.0,adaptive_off,4200010,2.589999999997872,2.589999999997872,0.0,34.995,-32.405000000002126,2.373684210527919,0.21631578946995278,0.9653757769929295,0.015330817649152837,86.09315461375047,9.75,-1.2174999999996088,-2.6638888888891064,-6.4300000000012005,-16.602512849800114,21.65991949372964,22.82067390062821,50.0,-48.0,24.0,24.0,500,500,0,1722.0,1909,1627,0,0.2289156626506024,0.1843091084234186,0.8522786799371399,7.072,0.18026335476769795,0.1,2.0322299651567945,0.0015040650406491706,0.0,nan,2.5595540762546256,0.0,0.0,7068.0,48.0,0.0,1.8763594733829423,0.0,0.0,0.0,0.0,0.0,1.7691513966192358,0.0,497.0,10.0
informed,5.0,adaptive_off,4200011,9.299999999997453,9.299999999997453,0.0,43.13,-33.83000000000255,13.264852607489747,-3.9648526074922934,0.9259337363290144,0.05739380158404683,322.3059295809514,10.674999999998818,-1.349000000000069,-2.160555555555624,-3.230000000000473,-18.36436322101656,27.653497018513523,30.050256996002286,50.0,-50.0,35.0,-50.0,629,629,0,2102.0,1972,1628,1,0.2657200811359026,0.21583324776671117,0.8255578093306288,5.724960254372019,0.16455615737037038,0.1,2.0518553758325404,0.004424357754518294,0.0,nan,3.063814072256416,0.0,0.0,7447.0,31.0,0.0,1.9907514450867052,0.0,0.0,0.0,0.0,0.0,1.7691513966192356,0.0,627.0,10.0
informed,5.0,adaptive_off,4200012,8.719999999994485,8.719999999994485,0.0,40.0,-31.280000000005515,8.472641495805403,0.24735850418908178,1.0045489777030587,0.04960292881137058,278.5547853468968,14.155000000004293,-1.2075000000003,-2.7916666666666665,-6.800000000000182,7.939463163906339,29.395368880962245,26.30839520274129,50.0,-41.0,50.0,2.0,572,572,0,1964.0,1905,1582,0,0.2503937007874016,0.20862545145527936,0.8304461942257217,6.096153846153846,0.17211202190856542,0.1,2.0366598778004072,0.00443991853360208,0.0,nan,3.2161645385085142,0.0,0.0,7094.0,35.5,0.0,1.9517795637198623,0.0,0.0,0.0,0.0,0.0,1.7691513966192358,0.0,571.0,10.0
informed,5.0,adaptive_off,4200013,8.060000000001082,8.060000000001082,0.0,42.315,-34.254999999998915,8.225611623175219,-0.16561162317413647,0.8558345373590599,0.05381547582698928,302.21115318278936,13.9650000000006,-1.3740000000001373,-2.315555555555344,-4.0,8.342661336379212,31.08262053577117,27.705311250713876,50.0,-47.0,50.0,-20.0,617,617,0,2080.0,1965,1634,1,0.2681933842239186,0.21623869425096165,0.8315521628498728,5.834683954619125,0.16673761575191037,0.1,2.034375,0.0038750000000005204,0.0,nan,3.6077972670193494,0.0,0.0,7335.0,88.5,0.0,1.951585014409222,0.0,0.0,0.0,0.0,0.0,1.7691513966192356,0.0,613.0,10.0
informed,5.0,adaptive_off,4200014,-16.365000000002055,-16.365000000002055,0.0,37.585,-53.950000000002056,-16.271735566790994,-0.09326443321106126,1.3278477610474704,-0.07042545723805632,-395.48769788381753,25.380000000001473,-1.9010000000006584,-3.839999999999893,-6.5,25.771559109080524,22.425466672489666,30.924043403769275,50.0,-35.5,50.0,31.0,558,558,0,1853.0,1863,1553,0,0.2490606548577563,0.20371591908531222,0.8336017176596887,6.121863799283154,0.17585155891509943,0.1,2.0283324338909874,-0.008831624392877525,0.0,nan,3.2787079238709014,0.0,0.0,7170.0,81.0,0.0,1.9799196787148594,0.0,0.0,0.0,0.0,0.0,1.7691513966192358,0.0,553.0,10.0
informed,5.0,adaptive_off,4200015,27.319999999994252,27.319999999994252,0.0,40.455,-13.135000000005746,27.619479598738458,-0.29947959874420604,0.7589570797697737,0.20569580266859025,1155.1243350366917,4.859999999998308,-0.9105000000000472,-1.5355555555557758,-3.4399999999982356,-8.006853226727584,28.75370428063061,25.016561964591663,50.0,-48.0,44.0,-41.0,548,548,0,1949.0,1952,1623,0,0.23924180327868852,0.2029362765514369,0.8314549180327869,6.523722627737226,0.1751819612441026,0.1,2.0756798358132373,0.014017444843506543,0.0,nan,2.485758356158795,0.0,0.0,7465.0,41.5,0.0,1.9467353951890034,0.0,0.0,0.0,0.0,0.0,1.7691513966192358,0.0,543.0,10.0
informed,5.0,adaptive_off,4200016,18.719999999999345,18.719999999999345,0.0,41.72,-23.000000000000654,20.29671898475876,-1.5767189847594132,0.7644081357688148,0.13994020153100115,785.8611120949334,9.820000000000164,-0.9770000000004185,-2.1194444444444622,-4.0700000000006185,0.6681896059394632,22.51771582725761,18.572244431753283,50.0,-33.0,41.0,-50.0,570,570,0,1986.0,1914,1594,1,0.25391849529780564,0.20947157472840416,0.832810867293626,6.156140350877193,0.17907894827809723,0.1,2.1007049345417927,0.009425981873111453,0.0,nan,3.760423590067529,0.0,0.0,7180.0,43.0,0.0,1.9490846681922196,0.0,0.0,0.0,0.0,0.0,1.7691513966192358,0.0,565.0,10.0
informed,5.0,adaptive_off,4200017,10.69999999999493,10.69999999999493,0.0,39.065,-28.365000000005068,10.770000000005727,-0.07000000001079698,0.9744490675359818,0.06274607794272474,352.3626667119055,10.825000000000955,-1.490500000000793,-2.7538888888890245,-4.489999999999782,22.66533409480297,16.59728748625859,24.043974871501998,50.0,-3.0,50.0,-9.0,548,548,0,1909.0,1947,1629,1,0.24242424242424243,0.19856459330143542,0.8366718027734977,6.5273722627737225,0.17187469723239077,0.1,2.0463593504452593,0.005605028810893101,0.0,nan,2.705922938093163,0.0,0.0,7262.0,78.5,0.0,1.9844827586206897,0.0,0.0,0.0,0.0,0.0,1.7691513966192358,0.0,546.0,10.0
informed,5.0,adaptive_off,4200018,21.680000000000746,21.680000000000746,0.0,39.59,-17.909999999999258,21.81580085124983,-0.13580085124908337,0.687357122935308,0.18023485921943128,1012.1435109772829,8.180000000000291,-1.1340000000003783,-1.783333333333202,-3.7200000000002547,17.605939463163907,17.27286470366597,20.640776699029125,50.0,-13.0,45.0,-32.0,558,558,0,1936.0,1951,1638,1,0.2485904664274731,0.1992179460794402,0.8395694515633009,6.433691756272402,0.1754976520590046,0.1,2.0449380165289255,0.011198347107438401,0.0,nan,3.363366610339713,0.0,0.0,7304.0,41.0,0.0,1.9339460080413555,0.0,0.0,0.0,0.0,0.0,1.7691513966192358,0.0,554.0,10.0
informed,5.0,adaptive_off,4200019,13.329999999999927,13.329999999999927,0.0,36.885,-23.55500000000007,14.909090053578462,-1.5790900535785344,0.8386710713060551,0.09082396087992764,510.0394177019594,10.660000000001673,-1.0629999999998743,-2.2366666666665527,-3.850000000000364,2.497430039977156,27.97052926541273,23.59623072529983,50.0,-40.0,47.0,-31.0,530,530,0,1789.0,1892,1602,0,0.23731501057082452,0.19143927233814875,0.846723044397463,6.592452830188679,0.1778601235005291,0.1,2.0617663499161543,0.007451089994410244,0.0,nan,2.8792827140862283,0.0,0.0,7148.0,38.0,0.0,1.936926605504587,0.0,0.0,0.0,0.0,0.0,1.7691513966192358,0.0,523.0,10.0
informed,5.0,adaptive_off,4200020,9.524999999996481,9.524999999996481,0.0,32.03,-22.50500000000352,9.51000000000446,0.014999999992021174,0.8544861091165749,0.06369743270001572,357.7051822962915,10.635000000001128,-1.0544999999997342,-2.0572222222220566,-4.540000000000873,16.122786978869218,27.146856161048127,27.279840091376357,50.0,-42.0,49.0,-1.0,473,473,0,1549.0,1829,1576,0,0.22088572990705305,0.1738496071829405,0.861673045379989,7.1987315010570825,0.18474784216420362,0.1,2.067785668173015,0.006149128469978361,0.0,nan,2.8704716990759174,0.0,0.0,7099.0,25.5,0.0,1.8449656750572083,0.0,0.0,0.0,0.0,0.0,1.7691513966192358,0.0,473.0,10.0
informed,5.0,adaptive_off,4200021,7.599999999994907,7.599999999994907,0.0,36.775,-29.17500000000509,8.535493845950256,-0.9354938459553495,0.8035229286586166,0.054047706517897406,303.51528928537465,13.100000000000364,-1.377500000000043,-2.2205555555555443,-3.6899999999996,0.04283266704740148,27.74358181858435,24.436893203883496,50.0,-37.0,47.0,-28.0,541,541,0,1810.0,1916,1625,2,0.23538622129436326,0.19012605042016806,0.8481210855949896,6.54898336414048,0.1770915536447231,0.1,2.031767955801105,0.004198895027621496,0.0,nan,2.685832171793755,0.0,0.0,7186.0,36.0,0.0,1.9508009153318078,0.0,0.0,0.0,0.0,0.0,1.7691513966192358,0.0,539.0,10.0
informed,5.0,adaptive_off,4200022,11.544999999998254,11.544999999998254,0.0,36.605000000000004,-25.06000000000175,12.505349427100354,-0.9603494271021003,0.8371084085616726,0.07880870374336738,442.565430726515,13.144999999998618,-1.33200000000038,-1.8161111111111394,-2.694999999999709,-21.206167904054826,24.470504318523478,28.49114791547687,50.0,-50.0,32.0,-45.0,506,506,0,1763.0,1847,1555,2,0.2365998917162967,0.19467756183745583,0.8419057931781266,6.7272727272727275,0.17933426844281844,0.1,2.076290414066931,0.00654849688031665,0.0,nan,2.756036008330914,0.0,0.0,7125.0,49.0,0.0,1.8889524899828276,0.0,0.0,0.0,0.0,0.0,1.7691513966192358,0.0,503.0,10.0
informed,5.0,adaptive_off,4200023,1.7600000000001614,1.7600000000001614,0.0,34.22,-32.45999999999984,1.5663461538428556,0.19365384615730585,0.8753239118971607,0.011489624264172237,64.52219450173554,24.93000000000029,-1.5615000000001147,-2.362222222222196,-3.6999999999989086,-15.845802398629354,30.11294526729999,29.536264991433466,50.0,-50.0,46.0,-3.0,504,504,0,1689.0,1874,1591,0,0.23479188900747064,0.18712608021271881,0.8489861259338314,6.875,0.17492225337393164,0.1,2.026050917702783,0.001042036708111404,0.0,nan,2.797392327767262,0.0,0.0,7083.0,45.5,0.0,1.9039451114922814,0.0,0.0,0.0,0.0,0.0,1.7691513966192358,0.0,504.0,10.0
informed,5.0,adaptive_inventory,4200000,10.555000000000845,10.555000000000845,0.0,42.47,-31.914999999999154,10.56999999999967,-0.01499999999882462,0.19133691345351522,0.31522556011620695,1770.2097504754,2.0499999999999545,-0.1889999999999304,-0.493888888888866,-0.9499999999998181,0.1342090234151913,4.447514907428362,3.4306110793832096,17.0,-7.0,7.0,1.0,635,635,0,2237.0,2300,1981,1,0.24434782608695652,0.19442030245089517,0.861304347826087,6.743307086614173,0.15055962494908617,0.1,1.898524810013411,0.004718372820742443,0.0,nan,3.297807342753684,0.0,0.0,7319.0,65.5,0.0,1.910183066361556,0.36506935687263686,0.0,0.0,0.0,0.0,1.7691513966192356,0.0,635.0,10.0
informed,5.0,adaptive_inventory,4200001,12.989999999999839,12.989999999999839,0.0,44.43,-31.44000000000016,12.969999999998873,0.020000000000965912,0.2412219950649496,0.30771891845345317,1728.0547606965479,2.6999999999995907,-0.15899999999996337,-0.5472222222222077,-1.5649999999998272,-0.5653912050256996,4.874452492034505,3.737292975442604,20.0,-9.0,7.0,-2.0,647,647,0,2324.0,2243,1898,5,0.24966562639322337,0.20766687516754534,0.8461881408827463,6.4080370942812985,0.15384871635341366,0.1,1.911790017211704,0.005589500860585128,0.0,nan,3.3496493447095737,0.0,0.0,7351.0,81.0,0.0,1.9221522610188895,0.39202531645569966,0.0,0.0,0.0,0.0,1.7691513966192356,0.0,639.0,10.0
informed,5.0,adaptive_inventory,4200002,11.385000000000218,11.385000000000218,0.0,39.165,-27.77999999999978,11.380000000000704,0.00499999999951406,0.2088852380924719,0.31144921226239936,1749.0029429134347,1.1000000000002501,-0.1759999999999195,-0.47777777777781694,-0.9800000000002456,-0.20502569960022843,4.841956583878249,3.646487721302113,19.0,-9.0,8.0,1.0,610,610,0,2115.0,2218,1910,1,0.23534715960324618,0.1910569105691057,0.8611361587015329,6.768852459016394,0.1552189213542419,0.1,1.8517730496453901,0.005382978723404358,0.0,nan,2.6435280286446847,0.0,0.0,7261.0,29.5,0.0,1.8964326812428078,0.3877944325481827,0.0,0.0,0.0,0.0,1.7691513966192356,0.0,609.0,10.0
informed,5.0,adaptive_inventory,4200003,8.744999999999663,8.744999999999663,0.0,27.605,-18.860000000000337,8.960000000000175,-0.21500000000051145,0.15802071116152852,0.3162334114567168,1775.8695334871027,1.0250000000002046,-0.13799999999998816,-0.2772222222221912,-0.9100000000000819,0.09194745859508852,4.684579637966112,3.5494003426613365,15.0,-8.0,8.0,-7.0,443,443,0,1517.0,1870,1657,1,0.20802139037433154,0.16215927311598075,0.886096256684492,7.963882618510158,0.1857589726359743,0.1,1.8197099538562953,0.005764667106130299,0.0,nan,2.5381117358491183,0.0,0.0,6875.0,38.5,0.0,1.765446224256293,0.36643772893773097,0.0,0.0,0.0,0.0,1.7691513966192358,0.0,442.0,10.0
informed,5.0,adaptive_inventory,4200004,12.210000000001116,12.210000000001116,0.0,35.695,-23.484999999998884,12.330000000000794,-0.1199999999996777,0.18787515506747762,0.3713712361082321,2085.506590780722,1.2000000000001592,-0.22100000000002068,-0.43111111111112166,-0.6099999999999,0.3026841804683038,4.6786864626325055,3.6641918903483726,17.0,-7.0,8.0,-4.0,560,560,0,1898.0,2076,1800,0,0.23073217726396916,0.18292212798766383,0.8670520231213873,6.921428571428572,0.16643661400482163,0.1,1.880663856691254,0.006433087460485309,0.0,nan,2.857336031384525,0.0,0.0,7188.0,61.5,0.0,1.902005730659026,0.38049738219895407,0.0,0.0,0.0,0.0,1.7691513966192358,0.0,559.0,10.0
informed,5.0,adaptive_inventory,4200005,14.960000000001173,14.960000000001173,0.0,43.125,-28.164999999998827,15.563529411764957,-0.6035294117637839,0.18487466574987377,0.4623982087485092,2596.6860600619357,1.0700000000001637,-0.14999999999997726,-0.29499999999999743,-0.9700000000001694,0.8115362649914335,4.47416640615352,3.6007995431182183,17.0,-6.0,8.0,12.0,623,623,0,2230.0,2218,1881,3,0.24391343552750225,0.20097332372025956,0.8480613165013525,6.584269662921348,0.15574941073510828,0.1,1.9338565022421526,0.006708520179372723,0.0,nan,3.3670414186317292,0.0,0.0,7268.0,53.5,0.0,1.8953089244851258,0.37846219201359704,0.0,0.0,0.0,0.0,1.7691513966192356,0.0,617.0,10.0
informed,5.0,adaptive_inventory,4200006,11.999999999999602,11.999999999999602,0.0,37.89,-25.8900000000004,11.960000000000251,0.03999999999935078,0.19769058688895258,0.3468623855618602,1947.8724275036777,1.1499999999999773,-0.1490000000001771,-0.4661111111111072,-1.0600000000002865,-0.21416333523700742,4.244032915847535,3.302684180468304,19.0,-7.0,6.0,2.0,597,597,0,2064.0,2117,1819,3,0.2413793103448276,0.19504819504819504,0.8592347661785545,6.597989949748744,0.1635424974846336,0.1,1.8357558139534884,0.0058139534883719,0.0,nan,4.2276666343470914,0.0,0.0,7201.0,76.0,0.0,1.900802752293578,0.34774774774775324,0.0,0.0,0.0,0.0,1.7691513966192356,0.0,593.0,10.0
informed,5.0,adaptive_inventory,4200007,8.979999999999222,8.979999999999222,0.0,36.385,-27.405000000000776,8.919140625000068,0.06085937499915417,0.23705203020568275,0.2164684507015504,1215.620211638055,1.8150000000000546,-0.21149999999995542,-0.6133333333333566,-1.67999999999995,-0.6659051970302684,4.824833114844587,3.7898343803540833,19.0,-8.5,8.0,-7.0,562,562,0,1979.0,2050,1764,1,0.23902439024390243,0.19358309693827644,0.8604878048780488,6.788256227758007,0.16849840445800782,0.1,1.83855482566953,0.004537645275391219,0.0,nan,2.760096001403621,0.0,0.0,6914.0,22.5,0.0,1.8290451686678102,0.394357638888895,0.0,0.0,0.0,0.0,1.7691513966192358,0.0,561.0,10.0
informed,5.0,adaptive_inventory,4200008,9.059999999998922,9.059999999998922,0.0,38.09,-29.03000000000108,9.060000000000588,-1.666222715357435e-12,0.317793676806314,0.16290893227235478,914.8464364429949,3.755000000000564,-0.2215000000001055,-0.7583333333333542,-3.3000000000004093,0.01656196459166191,4.851567169425177,3.7390062821245005,24.0,-8.0,8.0,0.0,562,562,0,2040.0,2098,1789,2,0.23260247855100094,0.1949913974383483,0.8527168732125834,6.919928825622776,0.16469033378244274,0.1,1.867156862745098,0.004441176470587707,0.0,nan,2.898895737098254,0.0,0.0,7066.0,27.5,0.0,1.849770642201835,0.3875928352992601,0.0,0.0,0.0,0.0,1.7691513966192358,0.0,559.0,10.0
informed,5.0,adaptive_inventory,4200009,10.619999999999436,10.619999999999436,0.0,41.24,-30.620000000000566,11.107142857143376,-0.48714285714394023,0.16503774758545425,0.3677080860200715,2064.9354670395946,1.2900000000003047,-0.18450000000006525,-0.3188888888889636,-0.5449999999999591,-0.202170188463735,4.717637159965977,3.733866362078812,20.0,-7.0,9.0,-6.0,594,594,0,2138.0,2169,1855,3,0.2425080682342093,0.1976518443191273,0.855232826187183,6.779461279461279,0.15964380608767884,0.1,1.9289055191768008,0.004967259120673263,0.0,nan,2.803717757554066,0.0,0.0,7179.0,26.5,0.0,1.8628571428571428,0.3864356011981207,0.0,0.0,0.0,0.0,1.7691513966192356,0.0,594.0,10.0
informed,5.0,adaptive_inventory,4200010,9.200000000000486,9.200000000000486,0.0,36.985,-27.784999999999513,9.18999999999979,0.010000000000696119,0.20839897159749682,0.25226337811766253,1416.6335098813884,1.9100000000002524,-0.16800000000005041,-0.4916666666666269,-1.4500000000001592,-0.0211307824100514,4.278311697058191,3.2033123929183325,20.0,-7.0,7.0,1.0,541,541,0,1907.0,2042,1770,2,0.2335945151811949,0.18694245662189982,0.8667972575905974,7.0499075785582255,0.1697314707544118,0.1,1.9394336654431044,0.004824331410592808,0.0,nan,2.4587380533411083,0.0,0.0,7017.0,50.5,0.0,1.8562428407789233,0.3497580290365201,0.0,0.0,0.0,0.0,1.7691513966192358,0.0,536.0,10.0
informed,5.0,adaptive_inventory,4200011,15.610000000001207,15.610000000001207,0.0,44.96,-29.349999999998793,15.600000000000508,0.010000000000699671,0.22212321836749754,0.4015789103704937,2255.143594513945,1.2650000000001,-0.22199999999995151,-0.5261111111111695,-0.785000000000025,-0.06053683609366076,4.491096789045475,3.435750999428898,19.0,-8.0,7.0,2.0,655,655,0,2368.0,2314,1968,2,0.24762316335350043,0.205110437418796,0.8504753673293,6.540458015267175,0.1489139866829585,0.1,1.8986486486486487,0.00659206081081132,0.0,nan,3.965203473194028,0.0,0.0,7323.0,28.5,0.0,1.932183908045977,0.3616293794850177,0.0,0.0,0.0,0.0,1.7691513966192356,0.0,648.0,10.0
informed,5.0,adaptive_inventory,4200012,10.88999999999919,10.88999999999919,0.0,42.550000000000004,-31.660000000000814,10.860000000000886,0.029999999998304716,0.21852668709355832,0.28476417345733496,1599.1479759903045,1.8499999999995964,-0.23849999999995358,-0.5077777777777676,-0.9149999999999636,-0.1776127926898915,4.784312028756661,3.6739006282124502,17.0,-7.0,8.0,3.0,642,642,0,2275.0,2166,1835,0,0.25715604801477376,0.21064814814814814,0.8471837488457987,6.23208722741433,0.15925614337245841,0.1,1.8703296703296703,0.004786813186812831,0.0,nan,3.3214678338139865,0.0,0.0,7018.0,37.0,0.0,1.9449225473321858,0.3864098221845924,0.0,0.0,0.0,0.0,1.7691513966192356,0.0,636.0,10.0
informed,5.0,adaptive_inventory,4200013,5.220000000000425,5.220000000000425,0.0,44.45,-39.22999999999958,5.32416666666667,-0.10416666666624508,0.24222857611567866,0.12314224814800104,691.5289746386436,3.634999999999536,-0.29200000000004134,-0.701111111111154,-1.6749999999998835,-0.9777270131353513,5.732975509918287,4.635065676756139,21.0,-11.0,8.0,-5.0,688,688,0,2381.0,2301,1958,3,0.258148631029987,0.20738611619196934,0.8509343763581052,6.194767441860465,0.15007547206481078,0.1,1.866862662746745,0.002192356152877121,0.0,nan,4.357242650122504,0.0,0.0,7261.0,87.5,0.0,1.8698394495412844,0.4649399088271872,0.0,0.0,0.0,0.0,1.7691513966192356,0.0,686.0,10.0
informed,5.0,adaptive_inventory,4200014,11.050000000000594,11.050000000000594,0.0,37.24,-26.189999999999408,11.049999999999539,1.0551559626037488e-12,0.182137238716907,0.3466773603667203,1946.8333829401608,1.0649999999999977,-0.24300000000000635,-0.3894444444444092,-0.5049999999999955,0.5545402627070246,4.4947168304593506,3.609937178754997,16.0,-7.0,7.0,0.0,559,559,0,1980.0,2086,1804,2,0.23441994247363374,0.19001919385796545,0.8648130393096836,6.962432915921288,0.16612619409980806,0.1,1.8808080808080807,0.00558080808080838,0.0,nan,2.9689360889220215,0.0,0.0,7110.0,82.5,0.0,1.897025171624714,0.3760661444734587,0.0,0.0,0.0,0.0,1.7691513966192358,0.0,556.0,10.0
informed,5.0,adaptive_inventory,4200015,10.449999999999363,10.449999999999363,0.0,43.39,-32.94000000000064,10.420000000000641,0.02999999999872216,0.19371052752214152,0.3082655675874746,1731.1245740288705,1.5949999999998,-0.2444999999999041,-0.43222222222226336,-0.8100000000000591,-0.49114791547687037,4.846449346623067,3.7715591090805254,19.0,-9.0,7.0,-3.0,615,615,0,2267.0,2207,1864,1,0.24150430448572724,0.20588502406684225,0.8445854100589035,6.621138211382114,0.15693001922947847,0.1,1.913983237759153,0.004609616232906645,0.0,nan,2.5971747503294,0.0,0.0,7522.0,46.0,0.0,1.9427262313860252,0.3974097664543555,0.0,0.0,0.0,0.0,1.7691513966192356,0.0,613.0,10.0
informed,5.0,adaptive_inventory,4200016,9.269999999998646,9.269999999998646,0.0,41.665,-32.39500000000135,9.285454545453765,-0.015454545455119373,0.18880682302385157,0.28055886817569653,1575.5322755041582,1.0500000000004093,-0.24649999999998612,-0.37222222222226264,-0.640000000000498,-0.2781267846944603,4.910480886158298,3.912621359223301,18.0,-8.0,8.0,2.0,617,617,0,2198.0,2126,1800,0,0.2516462841015992,0.2077701105964647,0.8466603951081844,6.363047001620745,0.16281374897598871,0.1,1.8955868971792538,0.004217470427660895,0.0,nan,3.947369960866302,0.0,0.0,7301.0,40.0,0.0,1.8970840480274442,0.4005506141465498,0.0,0.0,0.0,0.0,1.7691513966192356,0.0,617.0,10.0
informed,5.0,adaptive_inventory,4200017,14.690000000001191,14.690000000001191,0.0,40.345,-25.654999999998807,14.592857142856605,0.09714285714458626,0.18572055123953005,0.4519847511899748,2538.2072866417734,1.1849999999999454,-0.17499999999995453,-0.30149999999998156,-0.5949999999999136,0.7224443175328383,4.759979023844149,3.777841233580811,15.0,-7.0,9.0,6.0,606,606,0,2200.0,2194,1867,0,0.24339106654512307,0.2006749977196023,0.8509571558796718,6.701320132013201,0.15764974061633213,0.1,1.8338636363636365,0.006677272727273269,0.0,nan,3.1980330251849027,0.0,0.0,7190.0,74.0,0.0,1.9496279336004578,0.38963597430407254,0.0,0.0,0.0,0.0,1.7691513966192356,0.0,603.0,10.0
informed,5.0,adaptive_inventory,4200018,10.639999999999304,10.639999999999304,0.0,38.825,-28.1850000000007,10.639999999999903,-5.986322548778844e-13,0.21647964519002968,0.28085781435305246,1577.21106525023,1.5200000000000955,-0.24149999999996935,-0.5672222222221817,-1.0799999999998704,0.11136493432324386,5.0156399502639335,3.90005711022273,18.0,-10.0,8.0,-4.0,588,588,0,2058.0,2157,1858,2,0.2364394993045897,0.1910686101569028,0.8613815484469171,6.831632653061225,0.16065191913317864,0.1,1.8865403304178814,0.005170068027210546,0.0,nan,3.260603596265314,0.0,0.0,7077.0,45.5,0.0,1.872352604464797,0.4103655913978521,0.0,0.0,0.0,0.0,1.7691513966192356,0.0,582.0,10.0
informed,5.0,adaptive_inventory,4200019,11.990000000001032,11.990000000001032,0.0,35.795,-23.80499999999897,12.072626262625795,-0.08262626262476225,0.1942139138552573,0.35277743161776537,1981.0895060896094,1.6900000000000546,-0.18749999999996017,-0.42500000000001925,-0.8650000000001796,-0.2918332381496288,4.581009718096671,3.5071387778412335,18.0,-8.0,7.0,-4.0,542,542,0,1930.0,2043,1748,1,0.22956436612824277,0.18938278873515849,0.8556045031815956,6.996309963099631,0.16918059675943167,0.1,1.8546632124352331,0.006212435233161157,0.0,nan,2.8918643502509696,0.0,0.0,7009.0,39.0,0.0,1.826834862385321,0.3706349206349231,0.0,0.0,0.0,0.0,1.7691513966192358,0.0,538.0,10.0
informed,5.0,adaptive_inventory,4200020,12.684999999999263,12.684999999999263,0.0,40.665,-27.980000000000736,12.709999999999313,-0.025000000000050093,0.19381445852921683,0.37399539144693433,2100.2430397083417,1.324999999999818,-0.24000000000002614,-0.42722222222223155,-0.7249999999997954,0.7327241576242147,4.46260654445663,3.4785836664762995,18.0,-6.0,9.0,-5.0,593,593,0,2141.0,2158,1836,0,0.24096385542168675,0.19851645804357904,0.8507877664504171,6.735244519392918,0.1601936333028757,0.1,1.899346099953293,0.005924801494628334,0.0,nan,3.3107217789719043,0.0,0.0,7155.0,15.0,0.0,1.8872352604464797,0.35900300816502234,0.0,0.0,0.0,0.0,1.7691513966192356,0.0,592.0,10.0
informed,5.0,adaptive_inventory,4200021,8.265000000000668,8.265000000000668,0.0,41.815,-33.54999999999933,8.43061224489916,-0.16561224489849202,0.21607896674280805,0.2185708870257137,1227.4268471133494,2.8299999999998136,-0.2974999999999113,-0.5766666666666617,-1.0900000000001455,-0.3163906339234723,5.4342400506354664,4.2729868646487725,20.0,-9.0,9.0,-3.0,636,636,0,2209.0,2146,1819,0,0.25582479030754895,0.20646789419571923,0.84762348555452,6.234276729559748,0.16075208621455223,0.1,1.8929379809868718,0.0037415119963787546,0.0,nan,3.3413808018431697,0.0,0.0,7135.0,37.0,0.0,1.9099770642201834,0.435578144853878,0.0,0.0,0.0,0.0,1.7691513966192356,0.0,635.0,10.0
informed,5.0,adaptive_inventory,4200022,14.07999999999862,14.07999999999862,0.0,40.125,-26.04500000000138,14.106666666666522,-0.02666666666790185,0.22027756039252114,0.3652534680053895,2051.151087556913,1.9999999999999432,-0.11400000000001992,-0.3927777777778469,-1.7250000000000796,-0.10051399200456881,4.652290724757891,3.620788121073672,23.0,-8.0,8.0,-3.0,593,593,0,2131.0,2152,1831,1,0.23931226765799257,0.1987502331654542,0.8508364312267658,6.718381112984823,0.16092657612883723,0.1,1.8829188174565932,0.006607226654152332,0.0,nan,2.652702086107885,0.0,0.0,7166.0,50.0,0.0,1.8493699885452464,0.3791934791934836,0.0,0.0,0.0,0.0,1.7691513966192356,0.0,589.0,10.0
informed,5.0,adaptive_inventory,4200023,8.680000000000675,8.680000000000675,0.0,37.175000000000004,-28.49499999999933,8.669999999999739,0.010000000000935927,0.2168713268594772,0.22870704356478813,1284.3483833339524,2.2299999999994213,-0.3110000000000582,-0.5511111111110709,-0.8549999999997908,-0.07881210736721873,5.2916711994335515,4.075385494003426,17.0,-9.0,8.0,1.0,567,567,0,2005.0,2120,1824,2,0.23349056603773585,0.18968779564806054,0.8603773584905661,6.959435626102293,0.16282420984560908,0.1,1.8541147132169575,0.004329177057356945,0.0,nan,2.6222470753423357,0.0,0.0,7128.0,49.0,0.0,1.8542742398164085,0.41248368856024925,0.0,0.0,0.0,0.0,1.7691513966192358,0.0,565.0,10.0
informed,5.0,adaptive_full,4200000,11.054999999999382,11.054999999999382,0.0,28.725,-17.67000000000062,12.222881834215626,-1.167881834216244,0.2960148611633399,0.21340627400651777,1198.423969552778,2.3200000000001637,-0.29200000000002996,-0.7166666666666212,-2.009999999999991,0.9840091376356368,8.005122298444405,6.433466590519703,22.0,-10.0,15.0,11.0,253,253,0,901.0,1112,975,0,0.20413669064748202,0.1645662100456621,0.8767985611510791,8.24901185770751,0.3122200939549549,0.1755760035,3.188124306326304,0.012269700332962688,0.0,nan,3.986119155954622,0.0,0.0,7235.0,65.0,0.0,2.1978273299028017,0.6559458103361766,0.2863835599881102,0.0,1.211089490884657,0.33754134893330845,1.7691513966192358,1327.0,253.0,10.0
informed,5.0,adaptive_full,4200001,11.725000000000364,11.725000000000364,0.0,28.045,-16.319999999999638,11.66999999999964,0.05500000000072447,0.284325174048483,0.235645683588247,1323.3136506810472,3.1849999999998886,-0.43199999999967525,-0.6555555555555341,-1.0399999999997362,0.422615648201028,8.587616242261108,6.70017133066819,22.0,-18.0,15.0,-21.0,255,255,0,897.0,1041,905,1,0.21037463976945245,0.17608951707891637,0.8693563880883766,7.635294117647059,0.33312238928970167,0.147361342,3.1265328874024525,0.013071348940914563,0.0,nan,3.5017912052932973,0.0,0.0,7314.0,87.0,0.0,2.073352435530086,0.669246231155776,0.2738652128330053,0.0,1.179225891240439,0.3308211950117104,1.7691513966192358,1430.0,255.0,10.0
informed,5.0,adaptive_full,4200002,12.934999999999036,12.934999999999036,0.0,28.85,-15.915000000000965,12.779999999999713,0.15499999999932257,0.338303268985456,0.2184852837394777,1226.9461253980423,1.7299999999997908,-0.30599999999991495,-0.5972222222221844,-1.1550000000002,-1.0159908623643632,7.71677222242272,6.222158766419189,21.0,-16.0,10.0,-11.0,277,277,0,973.0,1002,850,0,0.24451097804391217,0.19788488916005695,0.8483033932135728,6.6859205776173285,0.3452212824859999,0.2,2.965056526207605,0.0132939362795468,0.0,nan,2.8714389026318825,0.0,0.0,7214.0,30.0,0.0,2.096032202415181,0.61936936936937,0.2840482137207504,0.0,0.8203190834654109,0.31287943801651424,1.7691513966192358,1363.0,275.0,10.0
informed,5.0,adaptive_full,4200003,7.899999999998727,7.899999999998727,0.0,25.64,-17.740000000001274,8.63514285714351,-0.7351428571447833,0.3122316910562238,0.14458127869768658,811.9239734001735,3.6200000000004593,-0.2890000000000782,-0.5555555555555176,-1.029999999999859,-0.5396916047972588,8.133557881470546,7.007995431182182,21.0,-13.0,12.0,-10.0,234,234,0,818.0,930,808,0,0.22258064516129034,0.1798197406023302,0.8688172043010752,7.427350427350428,0.37310763996551727,0.2,3.1344743276283618,0.009657701711489886,0.0,nan,3.024716862962956,0.0,0.0,7027.0,45.5,0.0,2.007466973004021,0.6892307692307623,0.2895370474617008,0.0,0.9630122557270102,0.2932362861916804,1.7691513966192358,1470.0,233.0,10.0
informed,5.0,adaptive_full,4200004,13.30500000000059,13.30500000000059,0.0,33.08,-19.77499999999941,13.329999999999771,-0.024999999999181455,0.43003484794066826,0.17679630335229118,992.8336392735993,4.354999999999791,-0.4294999999998879,-1.0394444444443707,-2.7950000000000728,0.03141062250142775,9.014464942130335,6.957738435179897,26.0,-17.0,15.0,-1.0,298,298,0,1041.0,1110,955,1,0.23783783783783785,0.19270640503517217,0.8603603603603603,6.932885906040268,0.31035623358213,0.185045118,3.1777137367915467,0.012780979827089903,0.0,nan,3.2572954142127455,0.0,0.0,7540.0,60.0,0.0,2.267775229357798,0.6932905772076924,0.2803869861445854,0.0,1.0091107915004496,0.3594991724751035,1.7691513966192358,1587.0,297.0,10.0
informed,5.0,adaptive_full,4200005,13.434999999999263,13.434999999999263,0.0,34.06,-20.62500000000074,13.319999999999832,0.11499999999943178,0.3076547443283202,0.24953760664095634,1401.3264159900991,2.3500000000001364,-0.32300000000009277,-0.5644444444444995,-1.4849999999999,0.6116504854368932,9.003962651019705,7.427184466019417,23.0,-13.0,16.0,11.0,296,296,0,1097.0,1100,928,0,0.24272727272727274,0.2053922486425763,0.8436363636363636,6.851351351351352,0.31496802405282326,0.1572759365,3.104831358249772,0.012247037374657488,0.0,nan,3.2414632346325023,0.0,0.0,7293.0,55.0,0.0,2.1457257601835913,0.7333498759305224,0.2921556479242333,0.0,0.9824490430444919,0.3219013423278753,1.7691513966192358,1455.0,295.0,10.0
informed,5.0,adaptive_full,4200006,9.88499999999965,9.88499999999965,0.0,32.975,-23.09000000000035,9.67999999999996,0.2049999999996892,0.3871522445071455,0.14590052127327846,819.3324337727845,5.230000000000018,-0.3594999999999486,-1.0433333333333255,-3.199999999999818,1.2558537978298114,9.01662204804992,7.15648201027984,25.0,-17.0,15.0,7.0,282,282,0,1003.0,1133,980,0,0.22153574580759047,0.18206571065529134,0.8649602824360106,7.49290780141844,0.30638866103536694,0.145981543,3.2876370887337987,0.009855433698902941,0.0,nan,4.631052367007363,0.0,0.0,7324.0,77.0,0.0,2.2187141216991964,0.7174476570289173,0.28968158597345695,0.0,1.4092357339998267,0.3500878669150418,1.7691513966192358,1370.0,281.0,10.0
informed,5.0,adaptive_full,4200007,12.479999999999677,12.479999999999677,0.0,30.75,-18.270000000000323,12.405999999999734,0.073999999999943,0.3484184110556665,0.20468001532470698,1149.4199858719578,2.8899999999998727,-0.384500000000088,-0.7877777777777877,-1.9149999999997362,-0.912621359223301,8.045829290436854,6.33466590519703,24.0,-19.0,10.0,4.0,277,277,0,968.0,1146,1002,0,0.21291448516579406,0.17202772347609738,0.8743455497382199,7.754512635379061,0.3029799827770979,0.1601173765,3.1766528925619837,0.012892561983470741,0.0,nan,2.977825138653624,0.0,0.0,7092.0,22.0,0.0,2.1867124856815576,0.6327680798004992,0.28601907892950235,0.0,1.3634983377671446,0.36793382266249264,1.7691513966192358,1381.0,274.0,10.0
informed,5.0,adaptive_full,4200008,9.994999999999266,9.994999999999266,0.0,25.015,-15.020000000000735,9.969999999999418,0.02499999999984759,0.27966336202497405,0.20422512731281972,1146.8654747665755,2.714999999999918,-0.35949999999999704,-0.6611111111111446,-0.900000000000091,-0.7235865219874358,7.3373556579072545,5.902341519131925,21.0,-12.0,11.0,-5.0,245,245,0,871.0,983,854,0,0.22278738555442523,0.1805181347150259,0.8687690742624619,7.497959183673469,0.3525300898929664,0.178673084,2.8719862227324913,0.01147531572904623,0.0,nan,2.8096846984006394,0.0,0.0,7075.0,30.0,0.0,2.026918671248568,0.5941414141414079,0.28048383187423875,0.0,1.0302035779417906,0.3071997573207424,1.7691513966192358,1491.0,244.0,10.0
informed,5.0,adaptive_full,4200009,5.789999999999679,5.789999999999679,0.0,33.5,-27.71000000000032,5.929999999999873,-0.1400000000001933,0.6313365393703668,0.05240582830626104,294.29500645596084,5.295000000000073,-0.592999999999735,-1.3944444444444315,-2.9850000000001273,-1.49571673329526,9.060294190892927,7.068532267275843,30.0,-15.0,12.0,-4.0,313,313,0,1068.0,1175,1006,1,0.23063829787234041,0.18638743455497384,0.8561702127659574,6.9712460063897765,0.29460155983120206,0.137673883,3.136704119850187,0.005421348314606441,0.0,nan,3.646863463969259,0.0,0.0,7270.0,30.5,0.0,2.1727898966704937,0.7165601965601934,0.2756023547681495,0.0,1.325008163375908,0.3770845304003683,1.7691513966192358,1433.0,313.0,10.0
informed,5.0,adaptive_full,4200010,9.560000000000656,9.560000000000656,0.0,29.565,-20.004999999999345,9.353125000000704,0.20687499999995218,0.4156994580329242,0.13141362196399228,737.9784648814299,2.489999999999327,-0.4810000000000172,-0.9633333333332783,-1.5199999999999818,-2.0976584808680756,8.570342537863775,6.857224443175328,25.0,-17.0,12.0,-2.0,251,251,0,930.0,993,839,0,0.2255790533736153,0.19139740687384235,0.8449144008056395,7.298804780876494,0.3489324011564077,0.144035956,3.1790322580645163,0.010279569892473823,0.0,nan,2.508772649318017,0.0,0.0,7007.0,51.0,0.0,2.022439585730725,0.6958396752917315,0.28300130064341167,0.0,1.2010962643482745,0.323279867644747,1.7691513966192358,1516.0,249.0,10.0
informed,5.0,adaptive_full,4200011,21.489999999999867,21.489999999999867,0.0,35.730000000000004,-14.240000000000137,21.712654999999867,-0.2226549999999996,0.44386868980939725,0.2766583965468055,1553.6284270143017,5.605000000000018,-0.38599999999981377,-1.0255555555556144,-2.8400000000001455,1.3175328383780698,9.274340587988522,6.663049685893775,27.0,-12.0,21.0,-2.0,346,346,0,1180.0,1169,982,1,0.25149700598802394,0.2055033089515848,0.8400342172797263,6.219653179190751,0.29370785670951155,0.130100369,3.0279661016949153,0.01821186440677955,0.0,nan,3.9602413709847304,0.0,0.0,7295.0,34.0,0.0,2.1668591224018474,0.6618581907090517,0.2809769470515216,0.0,1.0426448229826089,0.35771615354948827,1.7691513966192358,1343.0,342.0,10.0
informed,5.0,adaptive_full,4200012,6.7250000000004775,6.7250000000004775,0.0,33.785000000000004,-27.059999999999526,6.693846153846373,0.03115384615410477,0.45199012587846704,0.08502082065152677,477.4507678097862,5.189999999999941,-0.5039999999999508,-1.2272222222222888,-3.1050000000002456,-0.5533980582524272,9.543813939541925,7.716162193032553,28.0,-16.0,15.0,-3.0,297,297,0,1055.0,1138,971,0,0.23374340949033393,0.19081208175076866,0.8532513181019332,7.101010101010101,0.30232188041109154,0.132685889,3.2023696682464453,0.006374407582938842,0.0,nan,3.651625684604347,0.0,0.0,7177.0,38.0,0.0,2.1882893226176807,0.7752602875557696,0.27585128034996415,0.0,1.3822214343359953,0.3892948834348453,1.7691513966192358,1440.0,296.0,10.0
informed,5.0,adaptive_full,4200013,16.574999999999534,16.574999999999534,0.0,38.32,-21.745000000000466,16.559999999999985,0.014999999999549374,0.3573042082155514,0.26508024125241936,1488.609069487948,3.240000000000009,-0.3929999999999381,-0.7027777777778081,-1.6899999999999409,1.9360365505425472,9.067827290619709,7.123929183323815,30.0,-13.0,19.0,3.0,332,332,0,1187.0,1201,1014,0,0.24646128226477934,0.20190508589896242,0.8442964196502915,6.671686746987952,0.2882026041034196,0.131906887,3.228306655433867,0.013963774220724123,0.0,nan,4.490480636741168,0.0,0.0,7328.0,88.0,0.0,2.1707878090856814,0.6969563082965106,0.28283188881140275,0.0,1.0480420999959312,0.35560191107240624,1.7691513966192358,1348.0,328.0,10.0
informed,5.0,adaptive_full,4200014,4.174999999998363,4.174999999998363,0.0,33.56,-29.38500000000164,4.373818181819989,-0.19881818182162636,0.4007964156911547,0.05952434184320978,334.27038810760223,3.7150000000001455,-0.4095000000000652,-0.9733333333333891,-1.6050000000002456,1.0262707024557396,9.773003046560428,8.242718446601941,25.0,-13.0,17.0,-7.0,281,281,0,991.0,1016,855,0,0.23818897637795275,0.20113659427643596,0.8415354330708661,6.658362989323844,0.34125609235404336,0.16358154749999998,3.3864783047426843,0.004212916246214292,0.0,nan,2.76373339742975,0.0,0.0,7142.0,80.0,0.0,2.1541115583668775,0.8201201201201217,0.28755502080199613,0.0,1.1033205202148406,0.3538174719250598,1.7691513966192358,1446.0,278.0,10.0
informed,5.0,adaptive_full,4200015,6.139999999999162,6.139999999999162,0.0,29.02,-22.880000000000837,6.09000000000051,0.049999999998652456,0.4381454104025652,0.08007778571381807,449.6922045751083,9.400000000000091,-0.6749999999998636,-1.2033333333334768,-1.8299999999999272,2.3803540833809254,12.535971865905287,9.492861222158766,29.0,-20.0,27.0,1.0,281,281,0,987.0,981,817,0,0.24260958205912334,0.20648535564853557,0.8328236493374108,6.398576512455516,0.35436771338406536,0.17698408,2.940222897669706,0.006220871327253457,0.0,nan,2.37060959036934,0.0,0.0,7485.0,43.5,0.0,2.1410550458715596,0.9232222774738947,0.2862131479002839,0.0,1.3919576305671684,0.3458190450331093,1.7691513966192358,1516.0,275.0,10.0
informed,5.0,adaptive_full,4200016,14.199999999999307,14.199999999999307,0.0,40.5,-26.300000000000693,14.119999999999854,0.07999999999945295,0.4003570348284619,0.20267623666865223,1138.1673815037238,6.905000000000882,-0.5444999999999937,-0.8616666666667925,-1.5650000000000546,-2.2958309537407198,8.32433489456495,6.893203883495145,21.0,-15.0,13.0,-2.0,387,387,0,1320.0,1144,940,0,0.2867132867132867,0.23609372205329995,0.8216783216783217,5.385012919896641,0.30297319291593694,0.15373576100000003,3.0681818181818183,0.010757575757575232,0.0,nan,4.3640828103975675,0.0,0.0,7381.0,51.5,0.0,2.2448512585812357,0.6778462998102515,0.29013122476556724,0.0,1.0462392408180967,0.35164618953518684,1.7691513966192358,1453.0,383.0,10.0
informed,5.0,adaptive_full,4200017,19.300000000000637,19.300000000000637,0.0,32.925,-13.62499999999936,19.179999999999126,0.1200000000015109,0.32699727330479555,0.33726799361693804,1893.9932745424687,1.4600000000000364,-0.3074999999999477,-0.5477777777777786,-1.129999999999768,-0.33238149628783553,7.673690430642506,6.10850942318675,20.0,-13.0,11.0,-3.0,306,306,0,1133.0,1121,945,1,0.24620874219446923,0.20785177031737295,0.8429973238180196,6.754901960784314,0.3084335127971403,0.147690723,2.9060017652250663,0.017034421888791382,0.0,nan,2.9579294444879727,0.0,0.0,7177.0,73.5,0.0,2.180826636050517,0.6092565238798687,0.28143646268898864,0.0,0.7769032927943105,0.32577844560935815,1.7691513966192358,1457.0,305.0,10.0
informed,5.0,adaptive_full,4200018,15.320000000000164,15.320000000000164,0.0,36.805,-21.484999999999836,15.36000000000041,-0.04000000000024606,0.3627155992114583,0.24135399010457714,1355.3697436266343,2.6549999999999727,-0.5525000000000319,-0.7244444444444424,-0.9400000000000546,-0.5425471159337522,11.386280788730248,9.611650485436893,27.0,-19.0,14.0,-4.0,349,349,0,1214.0,1160,965,1,0.25862068965517243,0.21437400671022427,0.8318965517241379,6.091690544412607,0.2986268743756477,0.139706763,3.0317133443163096,0.012619439868204418,0.0,nan,4.024658888881976,0.0,0.0,7279.0,51.0,0.0,2.248137535816619,0.9251934235976812,0.2888762469955252,0.0,1.2157090541590834,0.3405151733316792,1.7691513966192358,1409.0,344.0,10.0
informed,5.0,adaptive_full,4200019,10.259999999998115,10.259999999998115,0.0,28.515,-18.255000000001885,10.189999999999888,0.06999999999822748,0.2674192418340595,0.21923841764887356,1231.1754936933503,3.915000000000191,-0.506500000000031,-0.6549999999999822,-0.9649999999999181,1.2621359223300972,7.161380323593304,5.735008566533409,24.0,-12.0,12.0,2.0,284,284,0,986.0,1022,870,0,0.24266144814090018,0.19931271477663232,0.8512720156555773,6.661971830985915,0.3387556971509804,0.19791346199999998,2.8919878296146044,0.010405679513182673,0.0,nan,3.367445253556947,0.0,0.0,7084.0,39.5,0.0,2.058146229130685,0.5841579210394808,0.2864783675836951,0.0,0.8063106017081569,0.30243811538533094,1.7691513966192358,1463.0,283.0,10.0
informed,5.0,adaptive_full,4200020,18.269999999999186,18.269999999999186,0.0,29.94,-11.670000000000815,17.99076923076896,0.2792307692302245,0.3334719137219477,0.3130698439780603,1758.1039119590132,3.6900000000001683,-0.3630000000001246,-0.6461111111111614,-1.820000000000391,-0.7487150199885779,8.916307181628753,7.383780696744718,28.0,-16.0,14.0,6.0,290,290,0,978.0,956,806,0,0.2594142259414226,0.21132238547968885,0.8430962343096234,6.075862068965518,0.3635815003930817,0.182017368,3.061349693251534,0.01868098159509119,0.0,nan,3.662683149902253,0.0,0.0,7151.0,24.5,0.0,2.02233676975945,0.7259772389906014,0.2879678458095104,0.0,0.8993747504865203,0.2962961572122725,1.7691513966192358,1588.0,289.0,10.0
informed,5.0,adaptive_full,4200021,10.704999999999927,10.704999999999927,0.0,28.080000000000002,-17.375000000000075,11.413333333334757,-0.7083333333348296,0.30940882504877903,0.19770421403392205,1110.246032282109,1.9650000000001455,-0.28149999999993724,-0.731666666666658,-1.7799999999999727,2.4654483152484294,6.656097354674246,5.438606510565391,20.0,-6.5,13.0,-19.0,277,277,0,921.0,1076,933,0,0.22026022304832713,0.1754954268292683,0.8671003717472119,7.252707581227437,0.3221826251005587,0.1774641995,3.04885993485342,0.011623235613463548,0.0,nan,3.940542825050385,0.0,0.0,7181.0,40.5,0.0,2.168860904407556,0.555074626865672,0.28764042067676826,0.0,1.0648051666745153,0.3223465830322758,1.7691513966192358,1333.0,276.0,10.0
informed,5.0,adaptive_full,4200022,10.385000000000502,10.385000000000502,0.0,28.955000000000002,-18.5699999999995,10.39999999999974,-0.014999999999236735,0.36199200972772905,0.16393416304269956,920.6038169849874,5.994999999999891,-0.353000000000074,-0.8649999999999791,-2.354999999999336,0.8709308966304968,9.280292684741731,7.750428326670474,27.0,-16.0,15.0,5.0,286,286,0,965.0,1050,906,0,0.23333333333333334,0.18973653165552498,0.8628571428571429,6.839160839160839,0.3278827802242366,0.18291800949999998,3.000518134715026,0.010761658031088604,0.0,nan,3.176469249195118,0.0,0.0,7301.0,49.5,0.0,2.125,0.7613193403298333,0.2858319674195435,0.0,1.3005313794140725,0.3313923803191173,1.7691513966192358,1423.0,283.0,10.0
informed,5.0,adaptive_full,4200023,13.250000000001137,13.250000000001137,0.0,26.04,-12.789999999998862,13.116666666665852,0.13333333333528508,0.34197352954533317,0.2214039367753324,1243.3363827757116,5.139999999999418,-0.3680000000000064,-0.7916666666666651,-1.7849999999998545,0.42832667047401485,8.731241784176138,7.077098800685323,30.0,-16.0,13.0,16.0,255,255,0,914.0,1077,940,0,0.2191272051996286,0.1751293351216708,0.872794800371402,7.909803921568628,0.3232335622148837,0.161128924,2.849015317286652,0.014496717724290084,0.0,nan,3.224778283645184,0.0,0.0,7128.0,47.5,0.0,2.058319039451115,0.6979869149471576,0.27929925934092065,0.0,1.103779389927755,0.32621081128442886,1.7691513966192358,1425.0,254.0,10.0
