env,gamma,seed,pnl_net,pnl_gross,fees,pnl_edge,pnl_inventory,pnl_realized,pnl_unrealized,pnl_vol_1s,sharpe_1s,sharpe_ann_247,max_drawdown,pnl_1s_q05,pnl_1s_cvar05,pnl_1s_worst,inv_mean,inv_std,inv_abs_mean,inv_max_abs,inv_q05,inv_q95,inv_final,n_fills,n_maker_fills,n_taker_fills,filled_qty,n_quotes,n_cancels,n_rejects,fill_rate_orders,fill_ratio_qty,cancel_rate,quote_to_trade,quote_lifetime_mean_s,quote_lifetime_median_s,avg_edge_ticks,pnl_per_lot,killed,kill_time_s,sigma_hat_final,n_sigma_clamped,n_offset_clamped,market_trades,mid_max_dev_ticks,diverged,market_spread_mean,guarded,crashed
noise,0.0,4200000,0.7900000000036016,0.7900000000036016,0.0,14.085,-13.2949999999964,2.149869335144267,-1.3598693351406652,0.508168526407854,0.008883442164781269,49.886677755709016,5.209999999998217,-0.7600000000004912,-1.2700000000000324,-2.4299999999993815,3.8663620788121076,34.7337982126768,30.17704169046259,50.0,-50.0,50.0,-42.0,268,268,0,938.0,964,807,0,0.241701244813278,0.20176382017638203,0.8371369294605809,6.608208955223881,0.3366903793045738,0.2,1.501599147121535,0.0008422174840123684,0.0,nan,1.5931475239675965,0.0,0.0,4804.0,9.5,0.0,1.3889206167904056,,
noise,0.0,4200001,-3.8950000000022555,-3.8950000000022555,0.0,14.495000000000001,-18.390000000002257,-2.006797990293183,-1.8882020097090724,0.6643838794287386,-0.03350042580246415,-188.12808320092418,16.075000000001182,-0.9830000000007657,-1.8244444444446546,-4.420000000000982,30.081096516276414,16.240069395360575,31.171901770416905,50.0,-4.0,50.0,41.0,283,283,0,983.0,1023,854,0,0.2512218963831867,0.19782652445159993,0.8347996089931574,6.6325088339222615,0.3270307175543585,0.2,1.4745676500508647,-0.0039623601220775745,0.0,nan,1.994690306148648,0.0,0.0,4944.0,37.5,0.0,1.4111936036550543,,
noise,0.0,4200002,11.10499999999979,11.10499999999979,0.0,14.36,-3.2550000000002086,10.717777777778378,0.38722222222141234,0.19145440663347837,0.33144780510915295,1861.308886759042,2.0900000000006003,-0.15450000000012096,-0.40277777777780305,-1.0799999999999272,-4.348372358652199,12.063876556389431,10.579097658480869,33.0,-24.0,15.0,-9.0,282,282,0,1001.0,1017,860,0,0.2497541789577188,0.1968534906588004,0.8456243854473943,6.656028368794326,0.3431273483270936,0.2,1.4345654345654346,0.011093906093905885,0.0,nan,1.4561695873375862,0.0,0.0,4827.0,20.0,0.0,1.3731428571428572,,
noise,0.0,4200003,10.820000000000164,10.820000000000164,0.0,12.19,-1.3699999999998358,10.692060231765502,0.12793976823466124,0.4331309088907563,0.14274800103025362,801.6288501207597,4.949999999999591,-0.3529999999999745,-1.0594444444447315,-2.605000000000473,-22.135351227869787,13.899840003331521,22.13992004568818,50.0,-43.0,-4.0,-14.0,234,234,0,828.0,926,801,0,0.23110151187904968,0.1814595660749507,0.8650107991360692,7.380341880341881,0.37796202893939396,0.2,1.4722222222222223,0.013067632850241744,0.0,nan,1.3853868606785584,0.0,0.0,4689.0,25.5,0.0,1.348,,
noise,0.0,4200004,0.7450000000008004,0.7450000000008004,0.0,16.29,-15.544999999999199,0.9043196317620634,-0.15931963176126307,0.4758930107025107,0.008945588107846045,50.235670249608305,8.605000000001155,-0.6675000000002,-1.3327777777777152,-3.0,-21.345516847515704,15.12781943282849,22.61336379211879,50.0,-45.0,4.0,-19.0,311,311,0,1089.0,1073,905,0,0.2534948741845294,0.20431519699812384,0.8434296365330848,6.360128617363344,0.3195309449953314,0.2,1.4958677685950412,0.0006841138659327827,0.0,nan,1.7338760474802324,0.0,0.0,4989.0,30.0,0.0,1.459166190748144,,
noise,0.0,4200005,-0.2449999999929986,-0.2449999999929986,0.0,16.245,-16.489999999993,-0.24625000000654668,0.0012500000135480804,0.544193128328133,-0.002572616093593581,-14.447020385753131,12.249999999995907,-0.9739999999998871,-1.4827777777776545,-3.0,27.81781838949172,16.99680629903127,28.661907481439176,50.0,-3.0,50.0,-1.0,302,302,0,1043.0,1108,950,0,0.2490974729241877,0.19300518134715025,0.8574007220216606,6.814569536423841,0.30783731564918626,0.2,1.5575263662511984,-0.00023489932885234764,0.0,nan,1.7249307651412922,0.0,0.0,4931.0,31.5,0.0,1.4231867504283267,,
noise,0.0,4200006,-0.5899999999994634,-0.5899999999994634,0.0,14.795,-15.384999999999463,-0.2892645338894776,-0.3007354661099858,0.6636779740219954,-0.005079916319949727,-28.52724695884132,14.679999999998927,-0.9160000000000763,-2.037777777777592,-3.7349999999996726,-28.013706453455168,18.542150587192552,29.82181610508281,50.0,-50.0,7.0,-16.0,281,281,0,978.0,1026,870,0,0.24561403508771928,0.19470435994425642,0.847953216374269,6.747330960854092,0.3210670792529297,0.2,1.5127811860940694,-0.0006032719836395332,0.0,nan,1.8165447089046485,0.0,0.0,4922.0,29.5,0.0,1.411663807890223,,
noise,0.0,4200007,12.02000000000146,12.02000000000146,0.0,14.950000000000001,-2.9299999999985413,11.93000000000076,0.09000000000069974,0.29356114828645735,0.23397413004632006,1313.9267203278425,2.230000000000018,-0.40949999999974124,-0.6205555555556733,-0.8850000000002183,-14.255282695602514,16.58263988443558,16.732724157624215,50.0,-43.0,8.0,-7.0,294,294,0,995.0,991,844,0,0.26437941473259335,0.20178462786453052,0.851664984863774,6.241496598639456,0.352515285429727,0.2,1.5025125628140703,0.012080402010051719,0.0,nan,1.6283692224054849,0.0,0.0,4764.0,18.5,0.0,1.3820673900628213,,
noise,0.0,4200008,9.920000000002346,9.920000000002346,0.0,14.705,-4.784999999997654,9.673651106728322,0.24634889327402476,0.5220856588143366,0.10857550543422645,609.7266297555565,6.414999999999964,-0.5279999999992924,-1.0550000000002153,-3.274999999999636,-19.913763563677897,20.90603352500854,24.125071387778412,50.0,-50.0,19.0,22.0,283,283,0,970.0,951,792,0,0.26919032597266035,0.2087368194534108,0.832807570977918,6.159010600706714,0.35594138315489987,0.2,1.515979381443299,0.010226804123713759,0.0,nan,1.5495971782592424,0.0,0.0,4746.0,23.0,0.0,1.3689320388349515,,
noise,0.0,4200009,5.1799999999993815,5.1799999999993815,0.0,15.135,-9.955000000000618,4.87410651238928,0.3058934876101018,0.3978131456482698,0.07440679204243185,417.84564908553637,3.2800000000002,-0.5735000000005583,-0.7405555555556274,-0.8349999999995816,24.92575671045117,12.192074748685396,25.244431753283838,49.0,0.0,44.0,22.0,275,275,0,994.0,1014,851,0,0.2445759368836292,0.19706582077716098,0.8392504930966469,6.781818181818182,0.3430046279832015,0.2,1.522635814889336,0.00521126760563318,0.0,nan,1.533338300130679,0.0,0.0,4878.0,24.5,0.0,1.3889206167904056,,
noise,0.0,4200010,10.945000000000164,10.945000000000164,0.0,13.93,-2.984999999999836,10.745425045996651,0.19957495400351277,0.3822076933473223,0.16363578816301774,918.9282354708647,2.0650000000005093,-0.33899999999998726,-0.6566666666666757,-1.650000000000091,-1.3557966876070817,21.429993587605946,17.5214163335237,50.0,-33.0,41.0,35.0,245,245,0,909.0,1000,853,0,0.224,0.1818363672734547,0.853,7.563265306122449,0.3455362904238477,0.2,1.5324532453245325,0.012040704070407221,0.0,nan,1.7656795832623222,0.0,0.0,4671.0,19.5,0.0,1.3729297544260424,,
noise,0.0,4200011,20.579999999999472,20.579999999999472,0.0,19.88,0.6999999999994735,19.769924422762585,0.8100755772368871,0.332087545582541,0.35412348811126154,1988.6485451745084,2.740000000000691,-0.3830000000000382,-0.6633333333333932,-1.3800000000001091,-10.592233009708737,16.236945806397603,14.928041119360365,50.0,-43.0,14.0,-17.0,391,391,0,1311.0,1213,1013,0,0.2802967848309975,0.21719681908548708,0.8351195383347073,5.69309462915601,0.28774129630966144,0.155626869,1.5163996948893974,0.01569794050343209,0.0,nan,2.1003408731732196,0.0,0.0,4983.0,40.5,0.0,1.455949656750572,,
noise,0.0,4200012,9.550000000002854,9.550000000002854,0.0,14.905000000000001,-5.354999999997148,9.47855211038943,0.07144788961342385,0.4383484735190344,0.12449325563597571,699.1158169851094,7.5450000000005275,-0.6770000000002255,-1.1566666666667769,-1.9549999999999272,19.70416904625928,20.67991573140201,24.280982295830952,50.0,-13.0,50.0,1.0,284,284,0,985.0,947,794,0,0.2703273495248152,0.20961906788678442,0.8384371700105596,6.130281690140845,0.3558434778042328,0.191872812,1.5131979695431472,0.009695431472084116,0.0,nan,1.5226529179075134,0.0,0.0,4753.0,28.5,0.0,1.3811428571428572,,
noise,0.0,4200013,11.220000000003438,11.220000000003438,0.0,15.22,-3.9999999999965627,10.780021602537124,0.43997839746631406,0.31040701602789994,0.206549086856151,1159.9161164778593,2.5599999999999454,-0.4059999999999263,-0.7033333333333,-1.8350000000000364,11.561393489434609,17.658010644463335,16.470588235294116,50.0,-15.0,43.0,8.0,296,296,0,1028.0,1025,869,0,0.2526829268292683,0.20168726701981557,0.8478048780487805,6.398648648648648,0.34070224686608014,0.195048639,1.4805447470817121,0.010914396887162878,0.0,nan,1.785743869497189,0.0,0.0,4822.0,14.5,0.0,1.364,,
noise,0.0,4200014,11.819999999999709,11.819999999999709,0.0,14.785,-2.965000000000291,11.062310048997134,0.7576899510025754,0.27661899009548674,0.24417288603193946,1371.1997957783462,1.955000000000382,-0.32150000000006,-0.5916666666666717,-1.2999999999997272,6.786407766990291,20.454265912180738,18.16619074814392,47.0,-24.5,40.0,22.0,278,278,0,998.0,993,836,0,0.2537764350453172,0.201250252066949,0.8418932527693856,6.579136690647482,0.3524520512270434,0.2,1.4814629258517034,0.011843687374749208,0.0,nan,1.4608505130372391,0.0,0.0,4662.0,9.0,0.0,1.3805714285714286,,
noise,0.0,4200015,2.1749999999988177,2.1749999999988177,0.0,15.585,-13.410000000001183,2.000878967547815,0.17412103245100274,0.4577810226475606,0.027149599510885056,152.46379690134748,6.620000000002165,-0.5834999999999126,-1.1838888888891637,-2.9549999999999272,-28.56082238720731,13.09852120678313,28.63849229011993,50.0,-47.0,-5.5,-37.0,288,288,0,1023.0,1071,905,0,0.23996265172735762,0.1934568835098336,0.8450046685340803,6.861111111111111,0.3225084023797942,0.2,1.5234604105571847,0.0021260997067437124,0.0,nan,1.5296029928154746,0.0,0.0,4907.0,34.0,0.0,1.4337142857142857,,
noise,0.0,4200016,-9.379999999993743,-9.379999999993743,0.0,15.51,-24.88999999999374,-6.108504137365739,-3.2714958626280035,0.866961041959659,-0.061825154079366736,-347.1910416642385,13.319999999999027,-0.8965000000001965,-2.0249999999998636,-9.6299999999992,33.18846373500857,14.246379943709943,33.23415191319246,50.0,2.0,50.0,48.0,296,296,0,1000.0,994,832,0,0.2665995975855131,0.20738282870178348,0.8370221327967807,6.168918918918919,0.3396823631764113,0.2,1.551,-0.009379999999993742,0.0,nan,2.0534053245249217,0.0,0.0,4903.0,49.5,0.0,1.4249000571102228,,
noise,0.0,4200017,8.090000000001055,8.090000000001055,0.0,15.8,-7.709999999998946,10.582961591139993,-2.492961591138938,0.36556884391147865,0.12645654080896335,710.141022412313,5.339999999998099,-0.5765000000001465,-0.8977777777778707,-1.6700000000000728,-17.39577384351799,17.155164637636055,20.388349514563107,50.0,-46.5,10.0,-50.0,306,306,0,1052.0,1038,876,0,0.26396917148362237,0.20356037151702785,0.8439306358381503,6.254901960784314,0.32927132158534234,0.19771122,1.5019011406844107,0.007690114068442068,0.0,nan,1.9385395755317958,0.0,0.0,4784.0,26.5,0.0,1.4033180778032037,,
noise,0.0,4200018,9.500000000005457,9.500000000005457,0.0,17.51,-8.009999999994545,10.133891487574713,-0.6338914875692563,0.34171336138127145,0.15886330597759513,892.1274440138178,4.039999999999509,-0.4674999999999726,-0.781666666666701,-1.3800000000001091,16.993146773272414,15.064754910921872,19.058252427184467,50.0,-9.0,45.0,34.0,322,322,0,1144.0,1082,902,0,0.2634011090573013,0.21263940520446098,0.833641404805915,6.161490683229814,0.3207434985879629,0.1830812415,1.5305944055944056,0.008304195804200575,0.0,nan,2.1382026014435485,0.0,0.0,4915.0,18.5,0.0,1.4151913192461452,,
noise,0.0,4200019,13.175000000002001,13.175000000002001,0.0,12.865,0.3100000000020007,13.88818358749797,-0.7131835874959691,0.3004827123594964,0.2505492369080261,1407.007420290584,1.889999999999418,-0.2759999999997944,-0.6955555555556051,-1.449999999999818,4.197030268418047,19.030454785468084,16.340948029697316,49.0,-30.0,30.0,-49.0,260,260,0,857.0,963,837,0,0.23779854620976115,0.1784301478242765,0.8691588785046729,6.923076923076923,0.3637125818043705,0.2,1.5011668611435238,0.01537339556592999,0.0,nan,1.5938626844951833,0.0,0.0,4810.0,20.0,0.0,1.3729297544260424,,
noise,0.0,4200020,14.73999999999728,14.73999999999728,0.0,15.88,-1.1400000000027202,15.299721081707318,-0.5597210817100375,0.4053107992720839,0.20781230497639294,1167.0099607479913,3.9650000000006003,-0.49150000000045113,-0.7733333333333121,-1.1299999999991996,-23.387207310108508,12.478913646809893,23.459166190748142,50.0,-48.0,-1.0,-20.0,295,295,0,1006.0,1037,882,0,0.2459016393442623,0.19541569541569542,0.8505303760848602,6.505084745762712,0.3318238522956522,0.187070887,1.5785288270377733,0.014652087475146403,0.0,nan,1.714931999045345,0.0,0.0,4820.0,17.0,0.0,1.393489434608795,,
noise,0.0,4200021,-2.969999999997526,-2.969999999997526,0.0,15.785,-18.754999999997526,3.8816535391009204,-6.8516535390984465,0.6438298878324176,-0.026360112961751673,-148.03028336700754,11.030000000000655,-0.8195000000001071,-1.9516666666665716,-4.375,-12.23015419760137,31.71255327669866,29.742432895488292,50.0,-50.0,47.0,-50.0,282,282,0,1006.0,1039,877,0,0.24446583253128007,0.1971003134796238,0.8440808469682387,6.794326241134752,0.3172045878930636,0.19714778,1.5690854870775348,-0.002952286282303704,0.0,nan,2.531620667791944,0.0,0.0,4701.0,23.0,0.0,1.4277555682467162,,
noise,0.0,4200022,9.730000000003884,9.730000000003884,0.0,15.565,-5.834999999996116,9.802438427211328,-0.07243842720744453,0.3633624263370157,0.1530152706225427,859.2866769046329,4.1599999999998545,-0.3594999999995479,-0.8361111111108939,-2.4649999999996908,6.145631067961165,20.505154790298754,17.19531696173615,50.0,-25.0,46.5,8.0,289,289,0,1026.0,1049,884,0,0.2440419447092469,0.19753561802079322,0.8427073403241182,6.688581314878893,0.33191713602674305,0.183580128,1.517056530214425,0.009483430799224058,0.0,nan,1.5771226422428608,0.0,0.0,4851.0,14.5,0.0,1.3820673900628213,,
noise,0.0,4200023,13.025000000002137,13.025000000002137,0.0,13.975,-0.9499999999978623,12.809966334279014,0.21503366572312288,0.9749588640221934,0.07634021718775756,428.7031697853431,8.554999999997108,-0.6789999999999736,-1.164444444444497,-2.5,26.335808109651627,17.543460675363697,27.03483723586522,50.0,-4.0,50.0,15.0,265,265,0,945.0,922,772,0,0.27006507592190887,0.20934869295525033,0.8373101952277657,6.392452830188679,0.35795777883152174,0.180825779,1.4788359788359788,0.013783068783071045,0.0,nan,1.6621513102395211,0.0,0.0,4691.0,36.5,0.0,1.3723586521987436,,
noise,0.0,4200024,18.060000000000628,18.060000000000628,0.0,15.155000000000001,2.9050000000006264,17.91000000000156,0.14999999999906777,0.4675047359769349,0.22074642684495738,1239.6440093230158,4.294999999997799,-0.46599999999987174,-0.947222222221727,-1.9649999999983265,29.245002855511135,14.839631861071286,29.563677898343805,50.0,1.0,50.0,6.0,290,290,0,1010.0,988,830,0,0.2601214574898785,0.2091963545981773,0.840080971659919,6.268965517241379,0.3395918394675457,0.19727774850000002,1.5004950495049505,0.017881188118812504,0.0,nan,1.4908478734793997,0.0,0.0,4793.0,25.0,0.0,1.3765714285714286,,
noise,0.0,4200025,5.104999999999563,5.104999999999563,0.0,15.915000000000001,-10.810000000000437,4.978236189812361,0.12676381018720217,0.4225973658953469,0.06902889351811568,387.64502575631707,3.4799999999991087,-0.5745000000001255,-1.0699999999998606,-1.9200000000000728,-19.96459166190748,18.015346663610813,23.37864077669903,50.0,-47.0,14.0,-41.0,308,308,0,1041.0,999,838,0,0.2752752752752753,0.21167141114274096,0.8388388388388388,5.964285714285714,0.3501136011544634,0.2,1.5288184438040346,0.004903938520652799,0.0,nan,1.6843624975629756,0.0,0.0,4754.0,28.0,0.0,1.4137142857142857,,
noise,0.0,4200026,4.609999999999673,4.609999999999673,0.0,17.44,-12.830000000000329,4.592307692308696,0.01769230769097696,0.415880242409151,0.06334241076290098,355.7114883379669,6.849999999998545,-0.6930000000003019,-0.998333333333297,-1.7000000000007276,-25.009708737864077,16.311761950437194,26.242147344374644,50.0,-47.0,1.0,-15.0,346,346,0,1167.0,1109,923,0,0.27051397655545534,0.21280087527352298,0.8322813345356177,5.872832369942197,0.3110720039430894,0.192626808,1.4944301628106256,0.003950299914309917,0.0,nan,1.8219809538034655,0.0,0.0,4837.0,33.0,0.0,1.4262857142857144,,
noise,0.0,4200027,1.7249999999987722,1.7249999999987722,0.0,16.395,-14.670000000001227,1.5499999999936886,0.17500000000508353,0.5306828253144752,0.018574452360116678,104.30840908173177,9.289999999999964,-0.8120000000000345,-1.5366666666666586,-3.5000000000009095,22.660194174757283,25.142345361716444,29.602512849800114,50.0,-23.0,50.0,5.0,301,301,0,1069.0,1036,867,0,0.2625482625482625,0.21055741579673035,0.8368725868725869,6.322259136212624,0.3208637801324952,0.192541502,1.5336763330215155,0.001613657623946466,0.0,nan,1.424385653807582,0.0,0.0,4995.0,26.0,0.0,1.4259576901086335,,
noise,0.0,4200028,10.295000000001437,10.295000000001437,0.0,15.015,-4.719999999998564,8.482830316961026,1.8121696830404108,0.35654177792913655,0.16499769471692022,926.5762836179304,3.809999999999718,-0.25000000000010225,-0.7400000000000849,-3.7049999999997,-6.693318103940605,15.99040102948788,12.470588235294118,47.0,-39.0,12.0,-35.0,278,278,0,999.0,1022,866,0,0.24266144814090018,0.19576719576719576,0.8473581213307241,6.7913669064748206,0.3406078579166667,0.1978422645,1.503003003003003,0.010305305305306744,0.0,nan,1.4133399545463483,0.0,0.0,4808.0,22.5,0.0,1.3747139588100687,,
noise,0.0,4200029,6.349999999999454,6.349999999999454,0.0,13.99,-7.640000000000546,5.265123945561353,1.0848760544381015,0.3459431196542482,0.10488924977602335,589.0257522426713,3.8499999999989996,-0.4005000000001246,-0.7994444444444121,-1.4700000000002547,-15.346087949743003,19.134742259507487,19.946887492861222,50.0,-43.0,13.0,-44.0,281,281,0,950.0,980,836,0,0.25510204081632654,0.1948318293683347,0.8530612244897959,6.462633451957295,0.35491780158179964,0.193727805,1.4726315789473685,0.006684210526315215,0.0,nan,1.2884105283521563,0.0,0.0,4781.0,41.0,0.0,1.3632210165619645,,
noise,0.005,4200000,5.464999999999691,5.464999999999691,0.0,14.620000000000001,-9.15500000000031,5.449999999999253,0.015000000000437552,0.12910747677145576,0.24188042559185044,1358.3260433385738,1.4799999999997908,-0.14299999999990404,-0.28111111111106385,-0.900000000000091,0.06853226727584237,6.666904551016355,5.142204454597373,21.0,-13.0,10.0,1.0,307,307,0,1097.0,1147,975,0,0.23539668700959024,0.19128160418482998,0.8500435919790759,6.912052117263844,0.30384279475982534,0.190136343,1.3327256153144942,0.00498176845943454,0.0,nan,1.472732320746319,0.0,0.0,4788.0,11.5,0.0,1.3655054254711594,,
noise,0.005,4200001,2.2649999999999295,2.2649999999999295,0.0,16.665,-14.40000000000007,2.160000000000438,0.1049999999994915,0.15914389188756142,0.08132801698730069,456.7131187099022,2.209999999999809,-0.17799999999982674,-0.49611111111111467,-0.9799999999996771,1.8515134209023416,6.561286590196683,5.361507709880069,24.0,-7.0,13.0,-3.0,369,369,0,1273.0,1220,1021,0,0.25573770491803277,0.20868852459016393,0.8368852459016394,6.073170731707317,0.28699745443760266,0.185715044,1.3091123330714847,0.0017792615868027727,0.0,nan,2.2805740753293557,0.0,0.0,4948.0,47.0,0.0,1.367789834380354,,
noise,0.005,4200002,9.109999999999474,9.109999999999474,0.0,15.71,-6.600000000000527,9.020968714016595,0.08903128598287857,0.10478657643508063,0.4967920952106998,2789.83154340938,0.6300000000002228,-0.08800000000003363,-0.16944444444444823,-0.35999999999989996,0.09080525414049115,7.149323609825464,5.6818960593946315,25.0,-11.0,12.0,-2.0,351,351,0,1210.0,1119,927,0,0.26184092940125114,0.2162645218945487,0.8284182305630027,5.829059829059829,0.31179432278603403,0.2,1.2983471074380166,0.007528925619834276,0.0,nan,1.451530381054817,0.0,0.0,4849.0,22.0,0.0,1.3611428571428572,,
noise,0.005,4200003,4.960000000000633,4.960000000000633,0.0,12.655000000000001,-7.694999999999368,4.959999999999997,6.359357485052897e-13,0.11592876896847726,0.24448510404322157,1372.9531160599945,1.4599999999997095,-0.11100000000001271,-0.32555555555555,-0.8049999999997937,0.09480296973158195,5.068027387761236,3.6527698458023985,22.0,-7.0,9.0,0.0,281,281,0,958.0,1016,865,0,0.23917322834645668,0.18858267716535432,0.8513779527559056,6.693950177935943,0.3447736861883629,0.2,1.32098121085595,0.005177453027140536,0.0,nan,1.3773782669539179,0.0,0.0,4700.0,26.5,0.0,1.3382857142857143,,
noise,0.005,4200004,7.109999999999673,7.109999999999673,0.0,17.51,-10.400000000000329,7.090000000000178,0.0199999999994942,0.12055262734834103,0.33701937753021244,1892.597123098771,1.0249999999999773,-0.09500000000002728,-0.2589999999999691,-0.6249999999998863,-0.3123929183323815,5.738053219835777,4.522558537978298,19.0,-10.0,8.0,-6.0,378,378,0,1296.0,1177,970,0,0.26677994902293967,0.22022090059473237,0.8241291418861513,5.6798941798941796,0.29597910858468085,0.1728163,1.3510802469135803,0.0054861111111108585,0.0,nan,1.7995160354430966,0.0,0.0,4984.0,30.0,0.0,1.4066247858366647,,
noise,0.005,4200005,5.960000000000434,5.960000000000434,0.0,17.05,-11.089999999999566,5.91999999999914,0.04000000000129411,0.11729884783933023,0.2903450757145971,1630.4886058193501,1.1750000000003524,-0.12999999999993292,-0.26555555555559196,-0.7250000000000227,0.6984580239862935,5.8127445122346835,4.444888635065677,25.0,-8.0,11.0,4.0,356,356,0,1226.0,1204,1020,0,0.2591362126245847,0.20365448504983388,0.8471760797342193,6.247191011235955,0.29063557945923457,0.189308684,1.3907014681892333,0.0048613376835240085,0.0,nan,1.6803851697397132,0.0,0.0,4925.0,34.5,0.0,1.3889206167904056,,
noise,0.005,4200006,4.4950000000008,4.4950000000008,0.0,16.3,-11.8049999999992,4.464285714286579,0.030714285714221745,0.11205032003538896,0.2292337431754458,1287.3061662815473,1.2049999999998136,-0.13999999999998636,-0.24650000000000888,-0.3799999999997681,-1.5014277555682467,5.944620997737815,4.924614505996574,18.0,-11.0,8.0,9.0,354,354,0,1221.0,1247,1052,0,0.23977546110665598,0.19582999198075382,0.8436246992782679,6.494350282485875,0.2809371530706828,0.158800223,1.334971334971335,0.003681408681409337,0.0,nan,1.928988866436331,0.0,0.0,4929.0,37.5,0.0,1.3973699256718124,,
noise,0.005,4200007,6.790000000000077,6.790000000000077,0.0,15.290000000000001,-8.499999999999924,6.679999999999869,0.11000000000020815,0.10875069031357978,0.3567793444632089,2003.5630172380877,0.5549999999997226,-0.12500000000001704,-0.24833333333337274,-0.4350000000000591,-0.2724157624214734,6.149622047851794,4.8103940605368365,22.0,-10.0,9.0,-8.0,335,335,0,1158.0,1066,886,0,0.2692307692307692,0.21726078799249532,0.8311444652908068,5.826865671641791,0.3287387756860902,0.1790205385,1.3203799654576858,0.005863557858376578,0.0,nan,1.7151376476836027,0.0,0.0,4762.0,16.5,0.0,1.350085665334095,,
noise,0.005,4200008,2.630000000001189,2.630000000001189,0.0,15.93,-13.29999999999881,2.629999999999106,2.0832224834066437e-12,0.16368554899286128,0.0918136727466006,515.5973350101237,2.3049999999993815,-0.23899999999973712,-0.5205555555555684,-0.9349999999999454,0.9177612792689891,8.159677069742134,5.893203883495145,26.0,-10.0,18.0,0.0,345,345,0,1196.0,1111,925,0,0.27362736273627364,0.2153015301530153,0.8325832583258326,5.901449275362319,0.31507558425247967,0.179235419,1.3319397993311037,0.002198996655519389,0.0,nan,1.726619674152126,0.0,0.0,4749.0,27.0,0.0,1.3466590519703028,,
noise,0.005,4200009,8.530000000000058,8.530000000000058,0.0,16.575,-8.044999999999941,8.520000000000396,0.009999999999662279,0.09818682135776652,0.49642972925308926,2787.7966076917114,0.5950000000000273,-0.09000000000003183,-0.14899999999999522,-0.27499999999997726,0.6436322101656197,5.698979764774145,4.644774414620217,21.0,-8.0,10.0,-1.0,337,337,0,1191.0,1081,888,0,0.26734505087881594,0.22035152636447733,0.8214616096207216,5.84272997032641,0.3217059161436515,0.2,1.3916876574307304,0.007162048698572677,0.0,nan,1.5564902902512516,0.0,0.0,4888.0,28.5,0.0,1.379211878926328,,
noise,0.005,4200010,2.2499999999998863,2.2499999999998863,0.0,13.735,-11.485000000000113,2.212499999999764,0.03750000000012221,0.18843916406895472,0.06822967465742658,383.1568585549196,2.6599999999998545,-0.141499999999985,-0.47833333333332617,-1.9449999999999363,0.35351227869788693,5.927516485380536,4.581953169617361,24.0,-9.0,10.0,10.0,286,286,0,1010.0,1075,920,0,0.23813953488372094,0.18790697674418605,0.8558139534883721,6.975524475524476,0.32610991185461324,0.194738201,1.35990099009901,0.002227722772277115,0.0,nan,1.6299318304764807,0.0,0.0,4655.0,12.5,0.0,1.3478012564249,,
noise,0.005,4200011,9.609999999999104,9.609999999999104,0.0,20.81,-11.200000000000895,9.381875000000536,0.2281249999985686,0.13829262067327308,0.39708760631573975,2229.9218129200153,1.5700000000005048,-0.09300000000005894,-0.31388888888896027,-0.6450000000002092,-0.8280982295830954,5.526182814338458,4.1576242147344376,29.0,-9.0,9.0,-7.0,439,439,0,1497.0,1326,1099,0,0.2812971342383107,0.2257918552036199,0.8288084464555053,5.523917995444191,0.26414622097054385,0.144186757,1.3901135604542418,0.006419505678022114,0.0,nan,1.9453154740380774,0.0,0.0,4971.0,44.5,0.0,1.414522584333905,,
noise,0.005,4200012,3.0300000000012233,3.0300000000012233,0.0,16.495,-13.464999999998778,3.019999999999274,0.010000000001949338,0.17718890034068094,0.09771653687676002,548.7460036494549,1.755000000000166,-0.22649999999994178,-0.5122222222222064,-1.2849999999998545,-1.0902341519131924,7.115821730887223,5.702455739577385,24.0,-12.0,12.0,-7.0,347,347,0,1195.0,1094,908,0,0.27513711151736747,0.21846435100548445,0.829981718464351,5.769452449567724,0.3202522414258242,0.167849646,1.3803347280334728,0.002535564853557509,0.0,nan,1.5449215099995917,0.0,0.0,4741.0,34.5,0.0,1.3523700742432896,,
noise,0.005,4200013,6.514999999999247,6.514999999999247,0.0,15.425,-8.910000000000753,6.533333333332957,-0.018333333333709234,0.1264111349567711,0.2945038935161702,1653.8432469216814,1.2100000000000364,-0.09500000000005429,-0.2555555555556295,-1.1000000000003638,0.8315248429468874,5.899854310442632,4.431753283837807,22.0,-10.0,10.0,-5.0,336,336,0,1151.0,1101,917,0,0.25522252497729336,0.20908265213442326,0.8328792007266121,6.005952380952381,0.3178816217506824,0.189271194,1.340139009556907,0.005660295395307774,0.0,nan,1.8915186595653974,0.0,0.0,4815.0,13.0,0.0,1.3502857142857143,,
noise,0.005,4200014,4.834999999999923,4.834999999999923,0.0,15.57,-10.735000000000078,4.6600000000002,0.1749999999997227,0.1797354514621573,0.15371798498187814,863.2329045209344,2.694999999999766,-0.12150000000008276,-0.4261111111110425,-1.6949999999995953,0.07081667618503712,6.822428273385514,5.569388920616791,24.0,-9.5,13.0,-5.0,339,339,0,1149.0,1064,885,0,0.2669172932330827,0.21597744360902255,0.831766917293233,5.7492625368731565,0.3290182638964219,0.186709562,1.3550913838120104,0.004208006962576086,0.0,nan,1.5206264518067687,0.0,0.0,4652.0,12.5,0.0,1.3485714285714285,,
noise,0.005,4200015,6.759999999999536,6.759999999999536,0.0,16.39,-9.630000000000464,6.780000000000031,-0.020000000000495177,0.09298439051868952,0.4154307106073312,2332.931042434881,0.9500000000000455,-0.0979999999999677,-0.16333333333333006,-0.2899999999997931,-1.435179897201599,5.1161491063189475,4.062250142775556,17.0,-10.0,7.0,-6.0,338,338,0,1194.0,1195,991,0,0.23598326359832636,0.1998326359832636,0.8292887029288702,6.4674556213017755,0.2929166808466052,0.167966135,1.3726968174204355,0.005661641541038137,0.0,nan,1.5393835227345245,0.0,0.0,4932.0,42.5,0.0,1.3874285714285715,,
noise,0.005,4200016,4.844999999999757,4.844999999999757,0.0,16.52,-11.675000000000242,4.85064935064947,-0.0056493506497128365,0.1324501145364787,0.2090274846692401,1173.8340359913336,1.9300000000001205,-0.07650000000002705,-0.31000000000004646,-1.2100000000000932,0.905197030268418,4.633591173769399,3.6453455168475157,16.0,-6.0,9.0,1.0,356,356,0,1201.0,1187,994,0,0.2518955349620893,0.20235888795282225,0.8374052232518955,6.126404494382022,0.29476006087594936,0.16896908,1.3755203996669443,0.004034138218151339,0.0,nan,2.372593996100093,0.0,0.0,4890.0,54.5,0.0,1.3837806967447173,,
noise,0.005,4200017,5.990000000000805,5.990000000000805,0.0,17.485,-11.494999999999195,6.069999999999597,-0.07999999999879215,0.1565875477121855,0.21859063462370318,1227.5377435473079,1.8550000000000182,-0.1060000000000002,-0.43111111111105216,-1.2149999999998045,-0.8532267275842376,6.471890600392955,4.998286693318104,25.0,-12.0,9.0,-9.0,376,376,0,1309.0,1164,959,0,0.2757731958762887,0.22491408934707904,0.8238831615120275,5.6462765957446805,0.3001263052048193,0.192805231,1.3357524828113063,0.004576012223071662,0.0,nan,1.8879424035077288,0.0,0.0,4796.0,35.5,0.0,1.3689931350114417,,
noise,0.005,4200018,9.52000000000021,9.52000000000021,0.0,18.825,-9.30499999999979,9.469895833332277,0.05010416666793205,0.145418776950085,0.3740919923888096,2100.7855208737324,1.0100000000001046,-0.13300000000002682,-0.29833333333339673,-0.5050000000000523,0.3906339234723015,7.035554902008827,5.079383209594518,25.0,-10.0,13.0,-11.0,381,381,0,1367.0,1199,982,0,0.2735613010842369,0.228023352793995,0.8190158465387823,5.724409448818897,0.29239766081871343,0.176949507,1.3771031455742502,0.006964155084125976,0.0,nan,2.0396089512397872,0.0,0.0,4913.0,18.5,0.0,1.3912050256996003,,
noise,0.005,4200019,9.750000000001364,9.750000000001364,0.0,13.875,-4.124999999998636,9.753673469387637,-0.0036734693862729983,0.10894836154987081,0.5113825019643866,2871.7667782591716,0.5899999999998045,-0.08649999999987584,-0.1872222222222051,-0.41000000000008185,-0.7732724157624215,6.2048133132181365,4.928612221587664,22.0,-11.0,9.0,-6.0,301,301,0,986.0,1027,880,0,0.25413826679649465,0.1920155793573515,0.8568646543330087,6.335548172757475,0.3411978449892683,0.2,1.4072008113590264,0.009888438133875624,0.0,nan,1.698036694168983,0.0,0.0,4814.0,25.5,0.0,1.3506567675613934,,
noise,0.005,4200020,6.764999999999304,6.764999999999304,0.0,16.14,-9.375000000000696,6.839999999999468,-0.0750000000001636,0.10946734747951323,0.35313857280020006,1983.1175638467544,1.1750000000000682,-0.09000000000003183,-0.20849999999996385,-0.5149999999998727,-0.15762421473443747,5.441894706742917,3.9383209594517417,25.0,-10.0,9.0,-7.0,321,321,0,1145.0,1101,918,0,0.25522252497729336,0.20799273387829245,0.8337874659400545,6.289719626168225,0.31810737033666975,0.173734024,1.4096069868995633,0.005908296943230833,0.0,nan,1.6035599982453226,0.0,0.0,4824.0,26.0,0.0,1.366076527698458,,
noise,0.005,4200021,2.794999999998481,2.794999999998481,0.0,16.75,-13.955000000001519,3.1111591220844588,-0.31615912208597763,0.2428220678815219,0.06577420541205792,369.3676988226261,3.9800000000006435,-0.20800000000006091,-0.664444444444527,-2.600000000000364,-2.066818960593946,5.404546924536307,4.286122215876642,27.0,-11.0,6.0,-7.0,341,341,0,1207.0,1183,997,0,0.24936601859678784,0.2040574809805579,0.8427726120033813,6.392961876832844,0.2962796472616427,0.159546293,1.387738193869097,0.0023156586578280706,0.0,nan,2.164155691866465,0.0,0.0,4671.0,32.5,0.0,1.3929183323814962,,
noise,0.005,4200022,3.2049999999999272,3.2049999999999272,0.0,16.475,-13.270000000000074,3.159999999999055,0.04500000000087212,0.17082251517671448,0.10721236422107074,602.0716481420301,2.2950000000001864,-0.1599999999998886,-0.4944444444444716,-0.960000000000008,-0.47401484865790977,6.40212377649633,4.877213021130783,23.0,-12.0,10.0,-3.0,357,357,0,1233.0,1160,969,0,0.2620689655172414,0.21258620689655172,0.8353448275862069,5.96358543417367,0.30198618307426595,0.1701164005,1.3361719383617194,0.0025993511759934526,0.0,nan,1.644967912234539,0.0,0.0,4857.0,25.5,0.0,1.3637921187892632,,
noise,0.005,4200023,1.6700000000005275,1.6700000000005275,0.0,15.115,-13.444999999999473,1.6213333333338968,0.048666666666630665,0.12818389781271758,0.07444661385475031,418.0692761303158,1.6549999999996885,-0.21449999999983901,-0.403888888888951,-0.7800000000002001,2.1079383209594518,6.353951614376716,5.062821245002856,22.0,-8.0,13.0,-2.0,344,344,0,1210.0,1130,943,0,0.2672566371681416,0.21415929203539824,0.8345132743362832,6.026162790697675,0.30914788753989364,0.1560156085,1.2491735537190083,0.0013801652892566343,0.0,nan,1.7367554895669386,0.0,0.0,4655.0,36.0,0.0,1.3266704740148487,,
noise,0.005,4200024,8.505000000000564,8.505000000000564,0.0,16.335,-7.829999999999437,8.11000000000003,0.39500000000053426,0.13287237848975145,0.36576450690804624,2054.0209247871862,1.5350000000002524,-0.05999999999990564,-0.23555555555561292,-1.1850000000003433,2.614505996573387,6.072416196409306,5.280411193603655,18.0,-7.0,12.0,15.0,343,343,0,1233.0,1119,928,0,0.26541554959785524,0.22037533512064345,0.8293118856121537,5.967930029154519,0.31271349899731427,0.186908642,1.3248175182481752,0.006897810218978559,0.0,nan,1.5840168076609364,0.0,0.0,4784.0,20.0,0.0,1.3594285714285714,,
noise,0.005,4200025,9.00999999999965,9.00999999999965,0.0,16.835,-7.825000000000351,8.989999999999723,0.019999999999926743,0.11939054320271658,0.431237792412865,2421.6987500040345,0.8249999999999318,-0.08650000000003501,-0.21722222222223309,-0.6050000000001319,-1.4997144488863507,6.90705818728399,5.818389491719017,21.0,-14.0,10.0,-6.0,356,356,0,1226.0,1109,916,0,0.27051397655545534,0.2211000901713255,0.8259693417493237,5.688202247191011,0.3158019683794038,0.189676394,1.3731647634584012,0.007349102773246044,0.0,nan,1.5419998627003773,0.0,0.0,4745.0,23.5,0.0,1.3948571428571428,,
noise,0.005,4200026,7.679999999997904,7.679999999997904,0.0,18.685,-11.005000000002095,7.7300000000013425,-0.05000000000343885,0.12432710180415446,0.3529859029033993,1982.2602166829613,0.7350000000006958,-0.14650000000002592,-0.24333333333337728,-0.4050000000002001,-0.1513420902341519,6.341008750489115,5.083380925185608,20.0,-10.0,10.0,-7.0,405,405,0,1389.0,1205,984,0,0.2813278008298755,0.23053941908713693,0.816597510373444,5.404938271604938,0.2908934649443059,0.172082238,1.3452123830093592,0.0055291576673851,0.0,nan,1.8509750725801295,0.0,0.0,4848.0,39.0,0.0,1.4037692747001713,,
noise,0.005,4200027,5.575000000000685,5.575000000000685,0.0,16.8,-11.224999999999316,5.547499999999654,0.027500000001031033,0.1486978234303979,0.2142408148432541,1203.1104941030587,1.0999999999998522,-0.16649999999992815,-0.3688888888888834,-0.8650000000000091,2.491719017704169,6.727528533064448,5.38263849229012,23.0,-9.0,13.0,1.0,359,359,0,1261.0,1184,991,0,0.2626689189189189,0.21300675675675676,0.8369932432432432,6.0584958217270195,0.2950914949263959,0.177711892,1.3322759714512291,0.004421094369548521,0.0,nan,1.5164629605649955,0.0,0.0,4987.0,36.5,0.0,1.3942857142857144,,
noise,0.005,4200028,2.049999999999045,2.049999999999045,0.0,15.89,-13.840000000000956,2.0416666666673704,0.00833333333167463,0.36118089932349823,0.03243329239232041,182.13539032729386,4.610000000000355,-0.08949999999995269,-0.7250000000000733,-4.485000000000127,-1.1536264991433467,6.941530898276329,5.312392918332382,28.0,-14.0,8.0,6.0,351,351,0,1190.0,1137,948,0,0.25769569041336854,0.20932277924362358,0.8337730870712401,5.94017094017094,0.30621149096123346,0.181183155,1.3352941176470587,0.0017226890756294497,0.0,nan,1.4671041152633693,0.0,0.0,4824.0,32.5,0.0,1.345537757437071,,
noise,0.005,4200029,6.704999999999018,6.704999999999018,0.0,15.905000000000001,-9.200000000000983,6.38999999999947,0.3149999999995474,0.14061191628605857,0.2724824945585277,1530.1778463762535,1.9499999999997897,-0.10650000000005093,-0.3505555555555604,-0.849999999999909,-1.0034266133637921,6.100808357572859,4.970302684180468,22.0,-12.0,8.0,-13.0,338,338,0,1155.0,1060,880,0,0.27075471698113207,0.2179245283018868,0.8301886792452831,5.739644970414201,0.33060227882514176,0.1985660945,1.377056277056277,0.0058051948051939545,0.0,nan,1.2962967032525285,0.0,0.0,4784.0,46.0,0.0,1.3403769274700172,,
noise,0.01,4200000,6.084999999999567,6.084999999999567,0.0,15.47,-9.385000000000433,6.091250000000323,-0.0062500000007554846,0.09936987844512024,0.3499192020309211,1965.0385682092426,1.0149999999999864,-0.06650000000002193,-0.20611111111108946,-0.6099999999999852,-0.2501427755568247,4.264019271194792,3.342090234151913,15.0,-8.0,6.0,-1.0,339,339,0,1223.0,1228,1037,0,0.24429967426710097,0.199185667752443,0.8444625407166124,6.68141592920354,0.283768352365416,0.161900043,1.2649223221586263,0.004975470155355329,0.0,nan,1.5240458578542275,0.0,0.0,4806.0,19.5,0.0,1.364363221016562,,
noise,0.01,4200001,1.8949999999996265,1.8949999999996265,0.0,16.06,-14.165000000000372,1.9099999999996182,-0.014999999999991687,0.16610055909209662,0.06519286562163377,366.1030734382862,2.5550000000000637,-0.14100000000005933,-0.5083333333333431,-1.2000000000000597,0.7749857224443175,5.323640174056,3.9971444888635066,26.0,-7.0,8.0,1.0,367,367,0,1289.0,1279,1079,0,0.25254104769351055,0.20156372165754496,0.8436278342455042,6.425068119891008,0.27400412174628036,0.169148647,1.2459270752521334,0.001470131885182022,0.0,nan,2.611454463686184,0.0,0.0,4945.0,42.5,0.0,1.3557966876070817,,
noise,0.01,4200002,7.504999999999427,7.504999999999427,0.0,15.285,-7.780000000000573,7.520000000000378,-0.01500000000095092,0.08132408962518492,0.5273433060654873,2961.3977429397655,0.4600000000003206,-0.06299999999994269,-0.143333333333323,-0.2449999999999477,-0.013706453455168474,4.7928935022589485,3.6596230725299828,17.0,-7.0,8.0,3.0,356,356,0,1205.0,1185,998,0,0.2523206751054852,0.20337552742616033,0.8421940928270042,6.132022471910112,0.2943992041859679,0.193956049,1.2684647302904564,0.006228215767634379,0.0,nan,1.4497175917222003,0.0,0.0,4835.0,25.0,0.0,1.356,,
noise,0.01,4200003,4.459999999999525,4.459999999999525,0.0,12.22,-7.760000000000476,4.429999999999181,0.030000000000343974,0.09506603011644986,0.26808434363455785,1505.4791841015203,1.1850000000001728,-0.10450000000001863,-0.23833333333336448,-0.6550000000000438,-0.182181610508281,4.284492114829669,3.3175328383780696,19.0,-7.0,7.0,-2.0,277,277,0,972.0,1033,884,0,0.23523717328170377,0.188189738625363,0.8557599225556631,6.92057761732852,0.33908876604752664,0.2,1.257201646090535,0.004588477366254655,0.0,nan,1.474647676870816,0.0,0.0,4680.0,30.5,0.0,1.3291428571428572,,
noise,0.01,4200004,7.004999999999541,7.004999999999541,0.0,17.52,-10.515000000000459,7.0066666666668755,-0.0016666666673348374,0.09743771535900778,0.4108118840952309,2306.993133959248,0.560000000000116,-0.07099999999993256,-0.18944444444445846,-0.4550000000001546,-0.28383780696744715,4.315772185195181,3.1781838949171903,16.0,-8.0,6.0,-9.0,393,393,0,1347.0,1290,1086,0,0.26124031007751936,0.20883720930232558,0.8418604651162791,6.0458015267175576,0.2717391304347826,0.1508124845,1.3006681514476615,0.0052004454342981,0.0,nan,1.861578963329952,0.0,0.0,4990.0,25.0,0.0,1.408338092518561,,
noise,0.01,4200005,5.17999999999995,5.17999999999995,0.0,16.745,-11.565000000000051,5.159999999999816,0.02000000000013369,0.09089345790350375,0.3256560008028773,1828.7838959174526,0.7050000000000125,-0.10600000000009684,-0.1966666666666757,-0.3700000000000898,0.2781267846944603,3.843271041596477,2.812678469446031,16.0,-6.0,7.0,6.0,373,373,0,1296.0,1301,1112,0,0.24980784012298232,0.19923136049192927,0.8547271329746349,6.46916890080429,0.2694111081385681,0.161300701,1.2920524691358024,0.003996913580246875,0.0,nan,1.86268718683606,0.0,0.0,4925.0,40.5,0.0,1.386065105653912,,
noise,0.01,4200006,4.549999999999841,4.549999999999841,0.0,16.195,-11.64500000000016,4.527272727272552,0.022727272727288472,0.09523262504814814,0.2730156812001548,1533.1720584937086,0.7949999999999591,-0.08950000000000669,-0.22888888888883863,-0.6099999999998715,-0.2661336379211879,4.346104534940298,3.3489434608794975,15.0,-8.0,6.0,6.0,374,374,0,1292.0,1281,1094,0,0.2568306010928962,0.20171740827478532,0.8540202966432474,6.350267379679145,0.2734689253893667,0.170210062,1.2534829721362228,0.003521671826625264,0.0,nan,2.0268530555044153,0.0,0.0,4930.0,33.0,0.0,1.379073756432247,,
noise,0.01,4200007,4.5499999999995,4.5499999999995,0.0,15.93,-11.3800000000005,4.439999999999963,0.10999999999953669,0.1362732633309022,0.19079311204915728,1071.4354100868454,1.4899999999997817,-0.1395000000003392,-0.38611111111114205,-1.0600000000000591,0.00799543118218161,5.02272892577057,3.672187321530554,27.0,-9.0,7.0,-8.0,352,352,0,1256.0,1192,999,0,0.2575503355704698,0.21073825503355706,0.8380872483221476,6.224431818181818,0.29411764705882354,0.15014373,1.268312101910828,0.003622611464967755,0.0,nan,1.651483667700456,0.0,0.0,4750.0,17.5,0.0,1.3226727584237579,,
noise,0.01,4200008,4.214999999999691,4.214999999999691,0.0,14.41,-10.19500000000031,4.230000000000122,-0.015000000000431335,0.1000690484111759,0.24069094958059556,1351.6463120620117,1.1950000000001637,-0.13499999999999085,-0.2583333333333321,-0.3450000000000273,0.25471159337521415,5.315430090503771,3.8846373500856655,20.0,-7.0,11.0,-3.0,344,344,0,1143.0,1171,998,0,0.2502134927412468,0.19521776259607174,0.852263023057216,6.305232558139535,0.29916066974850297,0.1625524,1.2607174103237095,0.00368766404199448,0.0,nan,1.6928407885276084,0.0,0.0,4743.0,21.0,0.0,1.3375214163335236,,
noise,0.01,4200009,5.989999999999384,5.989999999999384,0.0,16.315,-10.325000000000617,5.969999999999705,0.01999999999967894,0.08745839264101207,0.3913697747575231,2197.812230270056,0.43000000000006366,-0.07500000000000569,-0.16055555555554848,-0.339999999999975,-0.29754426042261567,4.238194841122708,3.1553398058252426,18.0,-8.0,6.0,-2.0,343,343,0,1240.0,1159,960,0,0.26056945642795515,0.21397756686798963,0.8283002588438308,6.177842565597667,0.3023514982878133,0.185059897,1.3157258064516129,0.004830645161289826,0.0,nan,1.6341470757901457,0.0,0.0,4891.0,24.5,0.0,1.3586521987435751,,
noise,0.01,4200010,1.704999999998961,1.704999999998961,0.0,14.115,-12.41000000000104,1.6600000000002364,0.044999999998724505,0.15043258368179172,0.0647656039961406,363.70370361823365,2.0850000000002638,-0.09999999999998295,-0.3900000000000874,-1.5450000000005275,0.38720731010850945,4.368745325476514,3.310108509423187,22.0,-7.0,7.0,5.0,305,305,0,1115.0,1184,1017,0,0.23479729729729729,0.1883445945945946,0.8589527027027027,7.216393442622951,0.29603717040609134,0.1743596425,1.2659192825112107,0.0015291479820618483,0.0,nan,1.6175439305085757,0.0,0.0,4678.0,15.5,0.0,1.335237007424329,,
noise,0.01,4200011,9.159999999999627,9.159999999999627,0.0,19.615000000000002,-10.455000000000375,9.159999999999666,-3.907985046680551e-14,0.1127513648660049,0.46423258117593436,2606.9873311766073,0.8050000000000068,-0.0659999999999968,-0.20555555555555965,-0.4500000000001023,-0.1307824100513992,3.7566655649415943,2.6299257567104513,17.0,-6.0,6.0,0.0,436,436,0,1520.0,1376,1147,0,0.27834302325581395,0.22093023255813954,0.8335755813953488,5.786697247706422,0.2539844410967977,0.133342801,1.2904605263157896,0.006026315789473439,0.0,nan,2.1447856842350794,0.0,0.0,4988.0,47.0,0.0,1.4176201372997712,,
noise,0.01,4200012,3.3999999999998636,3.3999999999998636,0.0,15.65,-12.250000000000137,3.4300000000002884,-0.030000000000424798,0.12445843273089784,0.15610490187176643,876.6370953184605,1.1600000000001955,-0.17300000000007001,-0.3505555555555715,-0.57000000000005,0.2592804111936037,4.947946443832291,3.68703597944032,15.0,-8.0,10.0,-8.0,348,348,0,1202.0,1177,992,0,0.2548853016142736,0.2042480883602379,0.842820730671198,6.232758620689655,0.2977152745846809,0.143193272,1.3019966722129783,0.00282861896838591,0.0,nan,1.664644492680835,0.0,0.0,4737.0,38.5,0.0,1.3478012564249,,
noise,0.01,4200013,5.569999999999425,5.569999999999425,0.0,14.86,-9.290000000000575,5.569999999999651,-2.2648549702353193e-13,0.0915845459891417,0.3475321200188266,1951.6334501362148,0.75,-0.06449999999999817,-0.18833333333331678,-0.7099999999998943,0.2781267846944603,4.000539102438474,3.0045688178183894,16.0,-6.0,7.0,-4.0,347,347,0,1152.0,1190,1016,0,0.24789915966386555,0.19361344537815126,0.853781512605042,6.357348703170029,0.29435365360016835,0.1697140955,1.2899305555555556,0.004835069444443945,0.0,nan,1.9334581534157236,0.0,0.0,4824.0,20.0,0.0,1.3417142857142856,,
noise,0.01,4200014,3.0449999999995043,3.0449999999995043,0.0,14.98,-11.935000000000496,2.966249999999783,0.07874999999972143,0.2675999329931246,0.06502243780623151,365.1460032677515,3.8349999999998374,-0.0799999999999443,-0.5149999999999785,-3.2199999999999136,-0.5276984580239863,4.486441699524889,3.337521416333524,20.0,-8.0,6.5,-3.0,326,326,0,1137.0,1161,979,0,0.24031007751937986,0.1958656330749354,0.843238587424634,6.564417177914111,0.30195052359102675,0.160475857,1.3175021987686895,0.002678100263851807,0.0,nan,2.3364983573878173,0.0,0.0,4647.0,26.5,0.0,1.3540833809251855,,
noise,0.01,4200015,6.515000000000327,6.515000000000327,0.0,16.445,-9.929999999999673,6.530000000000213,-0.014999999999885993,0.08319520243210013,0.4474845945468724,2512.935791635627,0.5599999999998317,-0.06300000000008196,-0.139444444444455,-0.29999999999984084,0.010850942318675044,4.040966251059533,3.0902341519131924,14.0,-6.0,6.0,-3.0,358,358,0,1273.0,1265,1066,0,0.2482213438735178,0.20126482213438734,0.8426877470355731,6.511173184357542,0.2766821854711006,0.147288442,1.2918303220738414,0.005117831893166007,0.0,nan,1.5094258148606976,0.0,0.0,4929.0,40.5,0.0,1.38,,
noise,0.01,4200016,3.3099999999995475,3.3099999999995475,0.0,16.19,-12.880000000000454,3.2799999999997986,0.029999999999748894,0.13090300248319098,0.1444908470813103,811.4161372684794,2.0550000000001774,-0.11449999999999248,-0.30611111111112954,-1.2250000000001364,0.4328954882924043,3.633547071039686,2.689891490576813,13.0,-5.0,6.0,-2.0,364,364,0,1240.0,1204,1008,0,0.25664451827242524,0.2059800664451827,0.8372093023255814,6.076923076923077,0.2906744360549085,0.150060247,1.3056451612903226,0.0026693548387093126,0.0,nan,2.447632993748667,0.0,0.0,4863.0,67.5,0.0,1.364363221016562,,
noise,0.01,4200017,3.8800000000003365,3.8800000000003365,0.0,17.150000000000002,-13.269999999999666,3.879415584415728,0.000584415584608422,0.15535692788239314,0.14271284115642724,801.4314030880698,2.240000000000407,-0.11800000000000209,-0.45111111111113344,-1.070000000000391,-0.3672187321530554,5.331762006752093,4.055396916047973,22.0,-10.0,7.0,-9.0,385,385,0,1369.0,1277,1062,0,0.2615505090054816,0.2144087705559906,0.831636648394675,6.0753246753246755,0.2741543267827451,0.173414724,1.2527392257121988,0.0028341855368884854,0.0,nan,1.9468805871325692,0.0,0.0,4758.0,40.5,0.0,1.352974828375286,,
noise,0.01,4200018,6.899999999998499,6.899999999998499,0.0,17.185,-10.2850000000015,6.902589285714349,-0.0025892857158495985,0.13004183361260538,0.30319913471860577,1702.6730459824319,1.1599999999999682,-0.07600000000004455,-0.26833333333336085,-1.0150000000001285,-0.18789263278126786,5.097517526845983,3.903483723586522,19.0,-9.0,8.0,-8.0,355,355,0,1326.0,1259,1050,0,0.25178713264495634,0.21064336775218429,0.8339952343129468,6.504225352112676,0.27838923649482894,0.164482298,1.296003016591252,0.005203619909501131,0.0,nan,2.1150603695863377,0.0,0.0,4892.0,15.5,0.0,1.3746430611079383,,
noise,0.01,4200019,8.529999999999745,8.529999999999745,0.0,14.6,-6.070000000000254,8.708680555555551,-0.17868055555580575,0.08604574527043475,0.5664760876863913,3181.155403337011,0.37000000000000455,-0.06150000000000659,-0.09555555555551286,-0.14000000000007162,-0.402627070245574,4.602357546208169,3.5619645916619076,18.0,-8.0,8.0,-12.0,309,309,0,1072.0,1101,937,0,0.24613987284287012,0.1947320617620345,0.8510445049954587,6.5954692556634305,0.3184056334067334,0.188538296,1.3619402985074627,0.007957089552238568,0.0,nan,1.6878799572234577,0.0,0.0,4815.0,20.0,0.0,1.350085665334095,,
noise,0.01,4200020,5.119999999999493,5.119999999999493,0.0,16.225,-11.105000000000508,5.1500000000001265,-0.03000000000063352,0.10276223613613031,0.28470714493194454,1598.8277213394313,1.2099999999999227,-0.13100000000008546,-0.25944444444445164,-0.5000000000000568,0.08280982295830953,3.9604694712505517,2.9097658480868076,14.0,-7.0,6.0,-4.0,342,342,0,1218.0,1217,1025,0,0.2465078060805259,0.20016433853738702,0.8422350041084634,6.555555555555555,0.2880658436213992,0.14446626,1.3321018062397372,0.004203612479474132,0.0,nan,1.8753625470848938,0.0,0.0,4821.0,24.0,0.0,1.3575099942889777,,
noise,0.01,4200021,3.7700000000005502,3.7700000000005502,0.0,16.12,-12.34999999999945,3.7700000000002896,2.6068036618198676e-13,0.17783392466542045,0.12114031213893164,680.2867180088956,2.7950000000000728,-0.13149999999999834,-0.4416666666666739,-1.8899999999999864,-0.03997715591090805,3.988361251270688,3.0177041690462594,19.0,-7.0,6.0,0.0,347,347,0,1250.0,1285,1085,0,0.23268482490272374,0.19455252918287938,0.8443579766536965,6.829971181556196,0.2725691842681216,0.14805861,1.2896,0.00301600000000044,0.0,nan,2.2970714467592614,0.0,0.0,4665.0,24.5,0.0,1.379211878926328,,
noise,0.01,4200022,4.860000000000696,4.860000000000696,0.0,16.54,-11.679999999999303,4.859999999999615,1.0809131367750524e-12,0.11966982491452106,0.23206709453506258,1303.2173956928532,1.2000000000001592,-0.05299999999995179,-0.29055555555553286,-0.9399999999998414,-0.34837235865219873,4.218577719918893,3.0611079383209594,18.0,-7.5,6.0,0.0,371,371,0,1270.0,1253,1057,0,0.2569832402234637,0.20271348762968874,0.8435754189944135,6.226415094339623,0.27953637090327743,0.156295005,1.3023622047244094,0.003826771653543855,0.0,nan,1.69412474899268,0.0,0.0,4867.0,27.5,0.0,1.362649914334666,,
noise,0.01,4200023,-3.660000000000764,-3.660000000000764,0.0,14.33,-17.990000000000762,-3.697142857142755,0.03714285714199095,0.2522525385115971,-0.08291010999411037,-465.5976662249609,5.345000000000596,-0.15300000000001432,-0.7877777777777497,-2.6149999999997817,1.5608223872073101,3.821194345043731,2.874357509994289,17.0,-4.0,9.5,4.0,352,352,0,1256.0,1272,1091,0,0.24842767295597484,0.19748427672955976,0.8577044025157232,6.713068181818182,0.27552662767322833,0.1328548465,1.140923566878981,-0.0029140127388541113,0.0,nan,2.25082362001925,2.0,6.0,4676.0,54.0,0.0,1.3209594517418617,,
noise,0.01,4200024,5.919999999999845,5.919999999999845,0.0,16.06,-10.140000000000153,5.549999999999373,0.3700000000004726,0.17523604535821047,0.19304573644891118,1084.085455581675,2.0950000000003683,-0.041500000000021936,-0.3216666666666899,-2.045000000000414,0.6402055968018275,4.532472439098238,3.615648201027984,19.0,-7.0,8.0,14.0,369,369,0,1262.0,1181,988,0,0.26418289585097376,0.21371718882303134,0.8365791701947503,5.878048780487805,0.29669294179813405,0.173909197,1.2725832012678289,0.004690966719492746,0.0,nan,1.6313344355816952,0.0,0.0,4785.0,19.0,0.0,1.3434285714285714,,
noise,0.01,4200025,8.32499999999959,8.32499999999959,0.0,16.235,-7.910000000000409,8.309999999999432,0.015000000000158664,0.09091150355060819,0.5232718271450036,2938.5335701193944,0.5550000000000637,-0.052999999999968836,-0.1594444444444589,-0.4050000000000864,-0.19931467732724156,5.192878265632165,4.184466019417476,17.0,-8.0,8.0,-5.0,358,358,0,1229.0,1169,980,0,0.2609067579127459,0.21026518391787852,0.8383233532934131,6.0027932960893855,0.2996532069477292,0.176619288,1.3209926769731488,0.006773799837265737,0.0,nan,1.5576987436906715,0.0,0.0,4727.0,25.5,0.0,1.3777142857142857,,
noise,0.01,4200026,7.090000000000373,7.090000000000373,0.0,18.47,-11.379999999999626,7.215714285714216,-0.12571428571384313,0.08669220603866788,0.4673348108850408,2624.4084986645807,0.4099999999998545,-0.08000000000000114,-0.13055555555554418,-0.19000000000005457,-1.0411193603655053,4.654667303032011,3.5322672758423757,20.0,-10.0,7.0,-12.0,402,402,0,1406.0,1282,1063,0,0.2706708268330733,0.21934477379095163,0.8291731669266771,5.833333333333333,0.27339440494375,0.160444914,1.3136557610241821,0.005042674253200834,0.0,nan,2.0420674539963337,0.0,0.0,4854.0,42.0,0.0,1.386065105653912,,
noise,0.01,4200027,4.134999999999863,4.134999999999863,0.0,17.455000000000002,-13.320000000000139,4.107499999999743,0.027500000000119762,0.15320279658064945,0.15423067956942957,866.1120395681207,1.7250000000001364,-0.13799999999990006,-0.40833333333336774,-1.2000000000001023,1.1993146773272416,4.297837846270409,3.568246716162193,16.0,-5.5,9.0,1.0,390,390,0,1365.0,1321,1108,0,0.25208175624526874,0.20666161998485996,0.8387585162755489,6.228205128205128,0.2644413548165277,0.15337816,1.2787545787545787,0.003029304029303929,0.0,nan,1.590970930821179,0.0,0.0,4979.0,40.0,0.0,1.384,,
noise,0.01,4200028,2.4299999999996658,2.4299999999996658,0.0,15.715,-13.285000000000334,2.409999999999874,0.01999999999979174,0.26031929680491217,0.05334108710395977,299.5471320840154,3.345000000000141,-0.0660000000000309,-0.5433333333333776,-3.21000000000015,-0.4643061107938321,4.35158971273039,3.11307824100514,19.0,-9.0,5.0,4.0,346,346,0,1270.0,1222,1025,0,0.24877250409165302,0.2078559738134206,0.8387888707037643,6.494219653179191,0.2856967559352459,0.1564889,1.2374015748031495,0.0019133858267713904,0.0,nan,1.4571093403142736,0.0,0.0,4789.0,33.5,0.0,1.3346681922196797,,
noise,0.01,4200029,6.430000000000746,6.430000000000746,0.0,15.36,-8.929999999999254,6.325000000000558,0.10500000000018783,0.103510048059428,0.35496898930784293,1993.396619733168,0.8950000000000955,-0.09800000000003165,-0.20666666666667924,-0.5899999999999181,-0.9902912621359223,4.709301278650472,3.810394060536836,17.0,-8.0,5.0,-6.0,352,352,0,1184.0,1107,928,0,0.27371273712737126,0.2139114724480578,0.8383017163504969,5.78125,0.316540462440724,0.1795223,1.2972972972972974,0.005430743243243873,0.0,nan,1.2528196865181316,0.0,0.0,4794.0,50.0,0.0,1.333523700742433,,
noise,0.02,4200000,4.499999999999545,4.499999999999545,0.0,14.705,-10.205000000000455,4.439999999999906,0.05999999999963901,0.07107086128280471,0.3618119331910302,2031.8244870022709,0.5699999999999648,-0.09300000000002057,-0.13611111111108365,-0.2699999999999534,-0.03597944031981725,3.106038893846241,2.283837806967447,11.0,-5.0,5.0,4.0,339,339,0,1220.0,1284,1101,0,0.235202492211838,0.19003115264797507,0.8574766355140186,7.035398230088496,0.27301092043681746,0.1621642025,1.205327868852459,0.0036885245901635616,0.0,nan,1.580854366849961,0.0,0.0,4784.0,15.5,0.0,1.3289548829240434,,
noise,0.02,4200001,1.3700000000005161,1.3700000000005161,0.0,15.455,-14.084999999999484,1.379999999999693,-0.00999999999917689,0.09366499539790346,0.08358054570245149,469.362626869443,0.8649999999998386,-0.1295000000000158,-0.2850000000000013,-0.5499999999999545,0.4054825813820674,3.458830839331499,2.568817818389492,19.0,-4.0,6.0,2.0,387,387,0,1366.0,1381,1184,0,0.2490948587979725,0.19782766111513397,0.8573497465604635,6.627906976744186,0.2537379785946338,0.144752879,1.1314055636896048,0.0010029282576870544,0.0,nan,2.437296797540718,0.0,0.0,4943.0,56.0,0.0,1.3358081096516277,,
noise,0.02,4200002,4.675000000000239,4.675000000000239,0.0,15.015,-10.339999999999762,4.689999999999813,-0.014999999999574243,0.10219110209049836,0.261414987878587,1468.0261343416707,1.3449999999999136,-0.05300000000001147,-0.24722222222221368,-0.8050000000000637,0.20788121073672186,3.2812510358904534,2.422615648201028,15.0,-5.0,6.0,3.0,382,382,0,1313.0,1319,1122,0,0.24715693707354056,0.19909021986353298,0.8506444275966641,6.390052356020942,0.26575550493545935,0.156970847,1.1435643564356435,0.0035605483625287425,0.0,nan,1.5287200470070699,0.0,0.0,4834.0,27.0,0.0,1.3455168475157053,,
noise,0.02,4200003,3.104999999999677,3.104999999999677,0.0,12.245000000000001,-9.140000000000324,3.060000000000002,0.0449999999996753,0.0981812606066872,0.18071531199760146,1014.8415859438127,1.3199999999998795,-0.07650000000003843,-0.26777777777778056,-0.6000000000000085,-0.20616790405482582,3.128193252489484,2.372929754426042,15.0,-5.0,5.0,-3.0,291,291,0,1073.0,1162,993,0,0.22289156626506024,0.1846815834767642,0.8545611015490534,7.405498281786942,0.30069312628189654,0.197777002,1.141192917054986,0.0028937558247900067,0.0,nan,1.5033944667817016,0.0,0.0,4681.0,28.5,0.0,1.3057142857142856,,
noise,0.02,4200004,5.499999999999943,5.499999999999943,0.0,16.455000000000002,-10.955000000000059,5.500000000000252,-3.090860900556436e-13,0.0902054760788564,0.3484109035808056,1956.568428217939,0.7099999999998658,-0.09499999999998607,-0.19222222222221952,-0.3949999999999818,-0.10451170759565963,3.273892919329504,2.3032552826956025,14.0,-5.0,5.0,-2.0,397,397,0,1362.0,1390,1183,0,0.2503597122302158,0.19597122302158274,0.8510791366906475,6.4811083123425695,0.25216138328530263,0.138484435,1.2081497797356828,0.004038179148311265,0.0,nan,1.9630815410209839,0.0,0.0,5008.0,31.5,0.0,1.3957738435179896,,
noise,0.02,4200005,3.5600000000006276,3.5600000000006276,0.0,16.115000000000002,-12.554999999999374,3.4899999999996525,0.07000000000097506,0.08616942108266237,0.2360797703787033,1325.7513485274244,0.6249999999999574,-0.0914999999999651,-0.2099999999999985,-0.5749999999999886,0.17647058823529413,3.0842417953001413,2.2598515134209025,13.0,-5.0,5.0,6.0,390,390,0,1386.0,1429,1224,0,0.2456263121063681,0.1939818054583625,0.8565430370888734,6.802564102564102,0.24524529044989488,0.156123607,1.1626984126984128,0.0025685425685430213,0.0,nan,1.9189232634901632,0.0,0.0,4925.0,43.5,0.0,1.350085665334095,,
noise,0.02,4200006,2.0500000000007503,2.0500000000007503,0.0,15.81,-13.75999999999925,2.0300000000000376,0.02000000000071278,0.0829393807952558,0.14123912672085043,793.1554762808886,0.8049999999997226,-0.10649999999994719,-0.23500000000002153,-0.4700000000000557,-0.7053112507138778,3.280868918399396,2.531696173615077,15.0,-6.0,5.0,4.0,388,388,0,1378.0,1397,1193,0,0.24767358625626343,0.19727988546886185,0.8539727988546886,6.675257731958763,0.25072885704157705,0.140226532,1.1473149492017416,0.0014876632801166549,0.0,nan,2.495712738665886,0.0,0.0,4920.0,43.5,0.0,1.3419096626643796,,
noise,0.02,4200007,2.2899999999994236,2.2899999999994236,0.0,14.745000000000001,-12.455000000000577,2.2699999999994733,0.01999999999995028,0.13341736678657126,0.09808104147823801,550.7929493330207,1.8950000000003797,-0.06499999999997357,-0.36777777777776854,-1.2800000000001432,0.0628212450028555,3.4128699261067794,2.4637350085665335,20.0,-5.0,5.0,-2.0,350,350,0,1256.0,1315,1128,0,0.23574144486692014,0.19102661596958176,0.8577946768060837,6.98,0.26656511805026656,0.131009961,1.1739649681528663,0.0018232484076428533,0.0,nan,1.9644723185545205,0.0,0.0,4723.0,16.5,0.0,1.3175328383780698,,
noise,0.02,4200008,1.8550000000005724,1.8550000000005724,0.0,14.48,-12.624999999999428,1.8799999999997097,-0.024999999999137268,0.10720085348777453,0.09887980976953811,555.27858627537,1.289999999999992,-0.1264999999999489,-0.3155555555555812,-0.8849999999999909,0.21701884637350086,3.202434542779449,2.2718446601941746,17.0,-4.0,6.0,-1.0,368,368,0,1253.0,1280,1096,0,0.25078125,0.19578125,0.85625,6.456521739130435,0.2736454013583725,0.15080457,1.1556264964086194,0.0014804469273747584,0.0,nan,1.7284682845408272,0.0,0.0,4730.0,31.0,0.0,1.3106796116504855,,
noise,0.02,4200009,5.480000000000587,5.480000000000587,0.0,15.71,-10.229999999999414,5.459999999999762,0.02000000000082469,0.07988489255869603,0.39199258722518354,2201.3097534485814,0.4049999999999727,-0.05649999999996566,-0.12000000000000928,-0.28500000000008185,-0.10508280982295831,3.0925810492159274,2.1987435750999427,18.0,-5.0,5.0,-2.0,362,362,0,1292.0,1293,1092,0,0.2459396751740139,0.19984532095901006,0.8445475638051044,6.588397790055248,0.27096877112238577,0.138864004,1.2159442724458205,0.004241486068111909,0.0,nan,1.5622198212433087,0.0,0.0,4881.0,26.5,0.0,1.3420902341519132,,
noise,0.02,4200010,1.77999999999912,1.77999999999912,0.0,13.415000000000001,-11.63500000000088,1.7800000000001286,-1.0085265955694922e-12,0.122591623186635,0.08297001301580317,465.93406316258375,1.2650000000000432,-0.15949999999998993,-0.3733333333333364,-0.9300000000000637,0.2712735579668761,3.1290668623214497,2.2141633352370076,15.0,-5.0,6.0,0.0,295,295,0,1116.0,1195,1020,0,0.2292887029288703,0.18677824267782428,0.8535564853556485,7.508474576271187,0.2930677940469405,0.171083393,1.2020609318996416,0.001594982078852258,0.0,nan,2.01326521446449,0.0,0.0,4678.0,20.5,0.0,1.3266704740148487,,
noise,0.02,4200011,5.329999999999501,5.329999999999501,0.0,18.62,-13.2900000000005,5.330000000000231,-7.300826609935029e-13,0.10496752175779936,0.2901577778259489,1629.4367985084004,0.8250000000001876,-0.12250000000003919,-0.24333333333336465,-0.49500000000000455,0.09251856082238721,2.8580556338822283,2.183894917190177,13.0,-4.0,5.0,1.0,439,439,0,1581.0,1516,1279,0,0.25857519788918204,0.20857519788918205,0.8436675461741425,6.366742596810934,0.23032860845838837,0.1138887985,1.1777356103731815,0.00337128399746964,0.0,nan,2.4214250916883993,0.0,0.0,4984.0,34.5,0.0,1.3781464530892449,,
noise,0.02,4200012,1.9799999999997908,1.9799999999997908,0.0,15.72,-13.74000000000021,1.9400000000008557,0.03999999999893511,0.1565852878815693,0.07225637776929524,405.7695842116582,1.725000000000108,-0.11799999999996799,-0.3716666666666776,-1.6950000000000642,-0.07252998286693318,3.644056573487858,2.6196459166190746,20.0,-6.0,6.0,-4.0,360,360,0,1308.0,1263,1064,0,0.25415676959619954,0.20712589073634205,0.8424386381631037,6.463888888888889,0.2774111400769231,0.141326344,1.201834862385321,0.0015137614678897484,0.0,nan,2.7333808626296303,0.0,9.0,4732.0,48.0,0.0,1.3340948029697315,,
noise,0.02,4200013,3.8149999999999977,3.8149999999999977,0.0,15.610000000000001,-11.795000000000003,3.7899999999996323,0.025000000000365397,0.09410369677714936,0.2316593369506558,1300.927554566134,0.870000000000033,-0.0764999999999702,-0.21777777777775023,-0.8149999999999693,1.0085665334094802,3.316958097928664,2.5345516847515706,15.0,-4.0,7.0,-5.0,389,389,0,1365.0,1371,1168,0,0.25309992706053974,0.19912472647702406,0.8519328956965718,6.526992287917738,0.2554361873462381,0.134473718,1.1435897435897435,0.0027948717948717934,0.0,nan,2.1535851204664818,0.0,0.0,4813.0,16.5,0.0,1.322857142857143,,
noise,0.02,4200014,1.8550000000005866,1.8550000000005866,0.0,14.055,-12.199999999999413,1.840000000000384,0.015000000000202629,0.2252968922448108,0.04704902892528691,264.21286942352845,3.3100000000000875,-0.07949999999995752,-0.4838888888888799,-2.704999999999856,0.04911479154768703,3.3015040900146033,2.4488863506567675,16.0,-5.0,5.0,3.0,318,318,0,1161.0,1263,1084,0,0.22802850356294538,0.1838479809976247,0.8582739509105305,7.380503144654088,0.2775574940523394,0.13828631,1.2105943152454781,0.0015977605512494286,0.0,nan,2.4297841406436347,0.0,0.0,4648.0,34.5,0.0,1.333523700742433,,
noise,0.02,4200015,3.7750000000007162,3.7750000000007162,0.0,15.495000000000001,-11.719999999999285,3.7899999999994365,-0.01499999999872026,0.071831254089288,0.30030700208322764,1686.431719013492,0.5600000000000023,-0.1029999999999859,-0.16388888888889774,-0.23500000000018417,-0.5276984580239863,3.7522052624674047,2.6739006282124502,16.0,-6.0,5.0,-3.0,361,361,0,1331.0,1351,1132,0,0.230940044411547,0.19703923019985195,0.8378978534418949,6.878116343490305,0.2593399557079318,0.141958656,1.1641622839969947,0.002836213373403994,0.0,nan,1.5497209654038182,0.0,0.0,4920.0,46.0,0.0,1.348,,
noise,0.02,4200016,2.329999999999984,2.329999999999984,0.0,16.0,-13.670000000000016,2.3099999999998544,0.020000000000129692,0.12107463534316043,0.10996758880626895,617.5441416278674,1.9200000000002433,-0.08149999999992161,-0.30944444444445196,-1.074999999999818,0.1142204454597373,2.867645377647075,2.0342661336379213,11.0,-5.0,6.0,-4.0,376,376,0,1330.0,1362,1152,0,0.2459618208516887,0.19530102790014683,0.8458149779735683,6.6861702127659575,0.25735294117647056,0.12159553549999999,1.2030075187969924,0.0017518796992481084,0.0,nan,2.6779766787224832,0.0,0.0,4888.0,74.5,0.0,1.3557966876070817,,
noise,0.02,4200017,1.5099999999998772,1.5099999999998772,0.0,16.465,-14.955000000000123,1.5094155844153299,0.0005844155845473598,0.13334168487802978,0.0647102324862885,363.3927542567586,3.0600000000002865,-0.20500000000009777,-0.38850000000006446,-1.08500000000015,-0.32552826956025127,3.3263780470174185,2.3540833809251858,15.0,-6.0,6.0,-9.0,406,406,0,1429.0,1421,1207,0,0.2533427163969036,0.20112596762843069,0.8494018296973962,6.472906403940887,0.2463522450091614,0.134822047,1.1522043386983905,0.0010566829951013836,0.0,nan,1.9110595864256232,0.0,0.0,4770.0,35.5,0.0,1.3403890160183067,,
noise,0.02,4200018,6.669999999999504,6.669999999999504,0.0,17.705000000000002,-11.035000000000498,6.660000000000317,0.009999999999187104,0.0850651445524803,0.4480599652748319,2516.1668966018506,0.5499999999999545,-0.056499999999948605,-0.1311111111111087,-0.5,0.02912621359223301,3.4515091231749158,2.6322101656196457,11.0,-6.0,5.0,-7.0,409,409,0,1419.0,1397,1179,0,0.2534001431639227,0.2031496062992126,0.8439513242662849,6.298288508557457,0.2508496561103943,0.148579071,1.2477096546863988,0.004700493305144118,0.0,nan,2.1988625531203754,0.0,0.0,4899.0,16.0,0.0,1.3637921187892632,,
noise,0.02,4200019,6.304999999999836,6.304999999999836,0.0,13.56,-7.255000000000164,6.621183431952258,-0.31618343195242193,0.0711043775889733,0.5066997651936092,2845.469969436042,0.5149999999998727,-0.04150000000001909,-0.1077777777777966,-0.26499999999998636,-0.8623643632210166,3.58432957612725,2.664762992575671,17.0,-7.0,4.0,-9.0,315,315,0,1111.0,1194,1034,0,0.2403685092127303,0.18609715242881072,0.8659966499162479,7.073015873015873,0.29356358314932884,0.159853612,1.2205220522052205,0.005675067506750528,0.0,nan,1.8650815282603608,0.0,0.0,4811.0,15.0,0.0,1.3455168475157053,,
noise,0.02,4200020,2.895000000000209,2.895000000000209,0.0,14.735,-11.83999999999979,2.9399999999998343,-0.04499999999962512,0.08536713911140757,0.1937848370585459,1088.236017183581,0.9450000000001069,-0.10000000000003126,-0.23222222222223365,-0.4549999999999699,0.07481439177612793,2.779668300747426,2.1045117075956594,13.0,-4.0,4.0,-3.0,352,352,0,1249.0,1321,1132,0,0.23467070401211204,0.1890991672975019,0.8569265707797123,6.96875,0.265352539802881,0.127401602,1.1797437950360288,0.002317854283426909,0.0,nan,1.9766102231156284,0.0,0.0,4803.0,34.0,0.0,1.3432324386065106,,
noise,0.02,4200021,1.2149999999999181,1.2149999999999181,0.0,15.915000000000001,-14.700000000000083,1.2100000000000353,0.004999999999882876,0.17128385106444421,0.04053421907383715,227.62770190958034,2.654999999999916,-0.10400000000000911,-0.42055555555555835,-1.9049999999999727,-0.5511136493432325,3.296258485736214,2.3089663049685893,16.0,-6.0,5.0,-3.0,364,364,0,1333.0,1392,1192,0,0.23635057471264367,0.19152298850574712,0.8563218390804598,7.0989010989010985,0.2517311247597122,0.14005432099999998,1.1939234808702175,0.0009114778694673054,0.0,nan,2.522092833865781,0.0,0.0,4659.0,34.0,0.0,1.3443746430611079,,
noise,0.02,4200022,3.115000000000407,3.115000000000407,0.0,15.695,-12.579999999999593,3.1099999999999826,0.005000000000424443,0.10024189135092357,0.17757047238552853,997.181134351878,0.9450000000001637,-0.05299999999986936,-0.2422222222222293,-0.8800000000001091,-0.5054254711593376,3.2761445402419884,2.29982866933181,17.0,-7.0,4.0,1.0,401,401,0,1383.0,1368,1158,0,0.25584795321637427,0.20219298245614034,0.8464912280701754,6.2992518703241895,0.25600292825768667,0.122187388,1.1348517715112074,0.0022523499638470042,0.0,nan,1.6350210725110075,0.0,0.0,4859.0,23.0,0.0,1.3243860651056538,,
noise,0.02,4200023,-4.339999999999776,-4.339999999999776,0.0,13.585,-17.924999999999777,-4.350000000000494,0.010000000000718323,0.2933615908542012,-0.08453731085854438,-474.7355255887168,5.004999999999782,-0.21100000000002833,-0.8244444444444446,-3.47000000000007,0.3455168475157053,2.904137766417984,1.9011993146773272,15.0,-4.0,6.0,-2.0,334,334,0,1156.0,1298,1133,0,0.2288135593220339,0.1781201848998459,0.8728813559322034,7.278443113772455,0.26999908730324074,0.1305653415,1.1751730103806228,-0.0037543252595153773,0.0,nan,2.3656891944319516,2.0,16.0,4685.0,55.5,0.0,1.2918332381496287,,
noise,0.02,4200024,3.410000000000082,3.410000000000082,0.0,15.525,-12.114999999999919,3.189999999999651,0.22000000000043096,0.13149130722296956,0.14819013284789134,832.1901878606411,1.634999999999991,-0.045000000000024444,-0.2733333333333563,-1.464999999999975,0.6521987435751,3.4551205211165974,2.5436893203883497,18.0,-5.0,7.0,8.0,373,373,0,1312.0,1286,1089,0,0.25038880248833595,0.2040435458786936,0.8468118195956454,6.367292225201072,0.2724233920607476,0.13742679400000002,1.1833079268292683,0.002599085365853721,0.0,nan,1.6921417538435097,0.0,0.0,4765.0,23.0,0.0,1.310857142857143,,
noise,0.02,4200025,5.224999999999284,5.224999999999284,0.0,15.07,-9.845000000000717,5.250000000000212,-0.0250000000009285,0.06966345322999375,0.4285911977197781,2406.8362885667966,0.4499999999999602,-0.07900000000000201,-0.12888888888891536,-0.18500000000000227,-0.0719588806396345,3.445664818704102,2.557395773843518,13.0,-5.0,5.0,-5.0,364,364,0,1261.0,1289,1101,0,0.24670287044220326,0.195655546935609,0.8541505042668736,6.565934065934066,0.27179316707070705,0.135938263,1.1950832672482157,0.00414353687549507,0.0,nan,2.062494888145214,0.0,0.0,4719.0,15.0,0.0,1.348,,
noise,0.02,4200026,3.7499999999998863,3.7499999999998863,0.0,17.785,-14.035000000000114,3.7999999999998737,-0.04999999999998739,0.13183917530270606,0.16253569077150432,912.7504270209035,1.6049999999998477,-0.0949999999999676,-0.2761111111111063,-1.2799999999998022,-0.36493432324386066,3.3699894140398743,2.481439177612793,16.0,-5.0,5.0,-6.0,420,420,0,1522.0,1436,1196,0,0.26323119777158777,0.21197771587743733,0.8328690807799443,6.266666666666667,0.24403405741143658,0.13559672,1.1685282522996059,0.0024638633377134602,0.0,nan,1.8055131606275583,0.0,0.0,4864.0,59.0,0.0,1.3620788121073673,,
noise,0.02,4200027,2.7499999999986926,2.7499999999986926,0.0,16.935,-14.185000000001306,2.770000000000183,-0.02000000000149038,0.13768792203823568,0.11412973252595397,640.9174600629278,1.5750000000003297,-0.08950000000002233,-0.34944444444449296,-1.2650000000001285,0.7075956596230726,3.3333961615965753,2.4620217018846375,15.0,-5.0,6.0,-4.0,393,393,0,1404.0,1436,1221,0,0.24373259052924792,0.1955431754874652,0.8502785515320335,6.760814249363868,0.2439317622057183,0.12557480999999998,1.2061965811965811,0.0019586894586885277,0.0,nan,1.627119514239106,0.0,0.0,4995.0,49.5,0.0,1.3662857142857143,,
noise,0.02,4200028,2.0200000000001808,2.0200000000001808,0.0,14.675,-12.65499999999982,2.010000000000439,0.009999999999741771,0.1826266436443533,0.0632046721799077,354.93799083814014,2.2099999999999795,-0.07799999999995179,-0.42166666666662894,-2.150000000000034,-0.5551113649343232,3.266781718230543,2.4911479154768705,14.0,-6.0,5.0,2.0,355,355,0,1250.0,1333,1140,0,0.2348087021755439,0.18754688672168043,0.8552138034508627,6.966197183098592,0.2618354591720511,0.139555719,1.174,0.0016160000000001447,0.0,nan,1.482046716701662,0.0,0.0,4827.0,32.0,0.0,1.3266590389016018,,
noise,0.02,4200029,2.8499999999999375,2.8499999999999375,0.0,14.045,-11.195000000000062,2.8300000000007652,0.019999999999172235,0.09703020368385573,0.16784169946479882,942.5473391796593,1.1850000000001728,-0.09300000000002057,-0.251111111111148,-0.6750000000000682,-0.3969160479725871,3.3832948153159563,2.5054254711593376,14.0,-6.0,5.0,-2.0,348,348,0,1212.0,1241,1060,0,0.24899274778404512,0.1953263497179694,0.8541498791297341,6.612068965517241,0.2823317450048426,0.14261794,1.158828382838284,0.0023514851485148,0.0,nan,1.4391621232150955,0.0,0.0,4801.0,51.0,0.0,1.3152484294688749,,
noise,0.05,4200000,1.800000000000125,1.800000000000125,0.0,13.57,-11.769999999999875,1.7399999999996743,0.060000000000450804,0.07181896598535518,0.14321724275189912,804.2639672434972,0.7650000000000148,-0.06799999999994241,-0.17555555555556168,-0.5799999999999699,-0.08909194745859508,1.949110071820234,1.2998286693318104,6.0,-4.0,4.0,4.0,370,370,0,1278.0,1416,1231,0,0.2288135593220339,0.1805084745762712,0.8693502824858758,7.154054054054054,0.24752475247524752,0.13647409,1.0618153364632237,0.00140845070422545,0.0,nan,1.803437123747146,0.0,0.0,4786.0,28.5,0.0,1.2964020559680183,,
noise,0.05,4200001,-7.5699999999993395,-7.5699999999993395,0.0,14.09,-21.65999999999934,-7.570000000000327,9.876544027065393e-13,0.40137474555719427,-0.10777245787372318,-605.2169617540965,8.249999999999858,-0.15949999999993167,-0.9983333333333206,-4.960000000000008,0.23929183323814962,2.3805245310141756,1.544831524842947,17.0,-3.0,4.0,0.0,417,417,0,1474.0,1615,1406,0,0.23034055727554179,0.18253869969040248,0.8705882352941177,7.244604316546763,0.21690773124054558,0.11741563,0.9559023066485753,-0.0051356852103116276,0.0,nan,5.77807350039437,1.0,63.0,4925.0,72.5,0.0,1.2925714285714285,,
noise,0.05,4200002,2.4800000000007003,2.4800000000007003,0.0,13.705,-11.2249999999993,2.4900000000002893,-0.009999999999589004,0.06406062399632823,0.2212190217229985,1242.2979567403024,0.5749999999999318,-0.06799999999999498,-0.1522222222222464,-0.36000000000001364,0.32153055396916047,2.043498737952471,1.4740148486579097,10.0,-3.0,4.0,1.0,394,394,0,1403.0,1495,1296,0,0.23745819397993312,0.18769230769230769,0.8668896321070234,7.083756345177665,0.23442732752846618,0.138275031,0.9768353528153956,0.0017676407697795442,0.0,nan,1.6873609796951372,0.0,0.0,4809.0,27.5,0.0,1.289548829240434,,
noise,0.05,4200003,-1.7799999999996317,-1.7799999999996317,0.0,10.535,-12.314999999999632,-1.7899999999997471,0.010000000000115472,0.13845296427636863,-0.07346486674798151,-412.55608646301073,3.079999999999842,-0.0809999999999732,-0.46611111111111353,-1.2200000000000273,-0.01599086236436322,2.19931356507905,1.335237007424329,14.0,-4.0,4.0,-2.0,297,297,0,1074.0,1287,1123,0,0.20512820512820512,0.1668997668997669,0.8725718725718725,8.114478114478114,0.2722183017859922,0.154382554,0.9809124767225326,-0.0016573556797017054,0.0,nan,1.681754572092834,0.0,0.0,4676.0,33.0,0.0,1.2731428571428571,,
noise,0.05,4200004,2.185000000000244,2.185000000000244,0.0,14.85,-12.664999999999756,2.1800000000001285,0.005000000000115357,0.0824949916377979,0.1513511794817241,849.9416530998666,0.5949999999999136,-0.12650000000004127,-0.2144444444444389,-0.5,-0.11593375214163336,2.3038052905695445,1.5950885208452312,9.0,-4.0,4.0,-1.0,432,432,0,1501.0,1540,1321,0,0.24545454545454545,0.19493506493506493,0.8577922077922078,6.622685185185185,0.22612188074577375,0.11646361599999999,0.9893404397068621,0.001455696202531808,0.0,nan,2.0334834640458577,0.0,0.0,4957.0,32.5,0.0,1.3266704740148487,,
noise,0.05,4200005,-0.7399999999994407,-0.7399999999994407,0.0,14.065,-14.80499999999944,-0.7200000000002541,-0.019999999999186557,0.06655396467126737,-0.06353598090593976,-356.79851869959697,1.7649999999998727,-0.1049999999999514,-0.21444444444445626,-0.3949999999999534,0.047401484865790974,2.0575758355664258,1.2272986864648772,13.0,-3.0,3.0,4.0,405,405,0,1442.0,1576,1357,0,0.22588832487309646,0.18299492385786803,0.8610406091370558,7.241975308641975,0.22234118772045744,0.11600835,0.9753814147018031,-0.0005131761442437175,0.0,nan,2.1754829803489146,0.0,0.0,4936.0,49.5,0.0,1.3038263849229013,,
noise,0.05,4200006,0.6600000000002808,0.6600000000002808,0.0,13.925,-13.26499999999972,0.6400000000001824,0.020000000000098384,0.061591015594568116,0.06123342073552021,343.86804928198256,1.0199999999999818,-0.08150000000004809,-0.17444444444442947,-0.38499999999990564,-0.2541404911479155,2.2197786330120657,1.5288406624785837,10.0,-4.0,4.0,-2.0,393,393,0,1364.0,1540,1346,0,0.22792207792207791,0.17714285714285713,0.874025974025974,7.343511450381679,0.2274166161072822,0.11430744649999999,1.0208944281524928,0.0004838709677421414,0.0,nan,2.317954264728764,0.0,0.0,4881.0,37.5,0.0,1.3093196112064036,,
noise,0.05,4200007,-0.6800000000001489,-0.6800000000001489,0.0,12.525,-13.20500000000015,-0.6999999999998723,0.01999999999972335,0.09763460246933059,-0.03979853645571747,-223.49633469630416,2.2000000000003297,-0.11100000000001271,-0.31444444444447267,-0.8650000000000091,0.05139920045688178,2.2531625178372976,1.488292404340377,14.0,-3.0,4.0,-2.0,358,358,0,1244.0,1443,1266,0,0.22314622314622315,0.17241857241857242,0.8773388773388774,7.567039106145251,0.24288688410825815,0.109502623,1.0068327974276527,-0.0005466237942123384,0.0,nan,2.3421489855573947,0.0,8.0,4709.0,22.0,0.0,1.2906910336950315,,
noise,0.05,4200008,-1.4099999999999966,-1.4099999999999966,0.0,13.09,-14.499999999999996,-1.4000000000001627,-0.00999999999983392,0.1701873448529976,-0.04734278488275576,-265.8625124917489,2.9150000000000773,-0.10499999999996987,-0.39333333333334664,-2.100000000000051,0.27584237578526555,2.173745019228612,1.5254140491147916,12.0,-3.0,4.0,-2.0,385,385,0,1340.0,1484,1289,0,0.23113207547169812,0.18059299191374664,0.8685983827493261,7.202597402597402,0.2361125660836707,0.1134122625,0.9768656716417911,-0.0010522388059701468,0.0,nan,1.9106987890811793,0.0,3.0,4720.0,26.0,0.0,1.2672758423757853,,
noise,0.05,4200009,2.4700000000008373,2.4700000000008373,0.0,14.17,-11.699999999999163,2.4600000000002917,0.010000000000545572,0.061128643054149646,0.2308947983973344,1296.6341412997574,0.32499999999986073,-0.07599999999996496,-0.13777777777776457,-0.23999999999998067,0.21644774414620216,2.2031292714010338,1.499143346659052,15.0,-3.0,4.0,-1.0,373,373,0,1307.0,1406,1217,0,0.2361308677098151,0.18591749644381222,0.8655761024182077,7.032171581769437,0.24923125606766383,0.131991183,1.0841622035195104,0.0018898240244841907,0.0,nan,1.6417364584962009,0.0,0.0,4877.0,36.5,0.0,1.3226727584237579,,
noise,0.05,4200010,0.24500000000013245,0.24500000000013245,0.0,12.545,-12.299999999999867,0.23999999999989158,0.005000000000240867,0.11334597630627576,0.012351563289884878,69.36257885086414,1.7099999999996385,-0.09999999999993747,-0.25099999999995076,-1.3049999999997226,0.06167904054825814,1.9938997005301682,1.2667047401484866,11.0,-4.0,4.0,1.0,334,334,0,1251.0,1389,1201,0,0.21886249100071994,0.18012958963282938,0.8646508279337654,7.754491017964072,0.25228257780821917,0.13178318,1.0027977617905675,0.00019584332533983408,0.0,nan,2.2501852711195287,0.0,8.0,4627.0,18.0,0.0,1.2924043403769274,,
noise,0.05,4200011,-0.7200000000000131,-0.7200000000000131,0.0,16.965,-17.685000000000013,-0.7200000000001812,1.680877659282487e-13,0.08771321196584758,-0.046906111657246646,-263.4102900219631,1.3399999999998897,-0.19300000000005182,-0.2572222222222267,-0.355000000000004,0.07538549400342662,2.0590995568530177,1.3672187321530553,10.0,-4.0,3.0,0.0,464,464,0,1686.0,1720,1473,0,0.24011627906976743,0.19604651162790698,0.8563953488372092,6.881465517241379,0.20340356307916185,0.1,1.0062277580071175,-0.0004270462633452035,0.0,nan,2.952026933827965,0.0,0.0,4990.0,47.5,0.0,1.3184676958261865,,
noise,0.05,4200012,-3.039999999999992,-3.039999999999992,0.0,15.31,-18.349999999999994,-3.0400000000001812,1.8918200339612667e-13,0.36899164287598263,-0.04707810842552613,-264.37617094908825,4.990000000000023,-0.09300000000000914,-0.6866666666666659,-4.785000000000025,-0.15476870359794404,2.366607801274088,1.4237578526556254,13.0,-4.5,4.0,0.0,377,377,0,1310.0,1455,1266,0,0.2323024054982818,0.18006872852233677,0.8701030927835052,7.2175066312997345,0.2407675828458362,0.111383326,1.168702290076336,-0.0023206106870228946,0.0,nan,6.508992454275872,1.0,52.0,4764.0,109.5,0.0,1.3055396916047972,,
noise,0.05,4200013,0.8550000000003308,0.8550000000003308,0.0,15.095,-14.23999999999967,0.8599999999997822,-0.004999999999451332,0.08199024732742685,0.05958896874899215,334.63331292472947,1.1249999999998863,-0.0874999999999815,-0.24999999999996525,-0.5449999999999875,0.24214734437464305,2.2197042838923027,1.3557966876070817,11.0,-3.0,5.0,-1.0,408,408,0,1471.0,1450,1224,0,0.2496551724137931,0.20289655172413792,0.8441379310344828,6.553921568627451,0.24166224610151935,0.109104087,1.0261726716519375,0.0005812372535692256,0.0,nan,2.102186362811965,0.0,0.0,4835.0,15.5,0.0,1.2752712735579668,,
noise,0.05,4200014,-2.389999999999901,-2.389999999999901,0.0,14.33,-16.7199999999999,-2.39999999999989,0.009999999999989129,0.34185943058390184,-0.039949586395249224,-224.34458467853673,4.849999999999909,-0.09499999999998324,-0.6427777777777758,-4.420000000000073,0.0508280982295831,2.3988951744143434,1.544831524842947,15.0,-4.0,4.0,2.0,362,362,0,1272.0,1412,1222,0,0.22662889518413598,0.1801699716713881,0.8654390934844193,7.276243093922652,0.24819904740567375,0.129967328,1.126572327044025,-0.0018789308176099852,0.0,nan,4.878128527464347,0.0,94.0,4622.0,63.5,0.0,1.2941176470588236,,
noise,0.05,4200015,2.7550000000006207,2.7550000000006207,0.0,14.94,-12.184999999999379,2.7799999999999088,-0.024999999999288036,0.06267519943306911,0.2511816042910641,1410.5586009338156,0.4299999999999784,-0.0845000000000013,-0.14888888888890822,-0.2650000000000432,-0.04854368932038835,2.403223823077654,1.6807538549400343,13.0,-4.0,4.0,-5.0,409,409,0,1507.0,1525,1302,0,0.24,0.19763934426229507,0.8537704918032787,6.9119804400978,0.22971083404464873,0.115758066,0.9913735899137359,0.0018281353682817656,0.0,nan,1.69996981921911,0.0,0.0,4914.0,45.5,0.0,1.3005714285714285,,
noise,0.05,4200016,0.040000000001043645,0.040000000001043645,0.0,13.540000000000001,-13.499999999998957,-0.009999999999744914,0.05000000000078856,0.07315512007218375,0.00312447615904199,17.546096705562448,1.0199999999999392,-0.08799999999998959,-0.2294444444444505,-0.49500000000000455,0.10736721873215306,2.057679819136145,1.3615077098800685,10.0,-3.0,4.0,-4.0,376,376,0,1336.0,1420,1221,0,0.23873239436619717,0.18816901408450704,0.8598591549295774,7.023936170212766,0.24673986648660082,0.11200258299999999,1.0134730538922156,2.9940119761260213e-05,0.0,nan,2.649848643822065,0.0,14.0,4863.0,71.5,0.0,1.3232438606510566,,
noise,0.05,4200017,-2.419999999999817,-2.419999999999817,0.0,13.58,-15.999999999999817,-2.3999999999997876,-0.020000000000029328,0.1325227123700814,-0.10434868998117751,-585.9901347654644,3.2549999999998533,-0.19549999999993015,-0.43444444444445196,-1.1499999999999773,-0.163906339234723,2.38426678187925,1.3849229011993147,11.0,-5.0,4.0,-1.0,367,367,0,1275.0,1510,1326,0,0.21456953642384105,0.16887417218543047,0.8781456953642384,7.727520435967302,0.2316586777566313,0.126661398,1.0650980392156864,-0.0018980392156861309,0.0,nan,2.045530280992492,0.0,39.0,4764.0,34.5,0.0,1.3220823798627002,,
noise,0.05,4200018,0.8900000000002137,0.8900000000002137,0.0,15.865,-14.974999999999786,0.9308333333330316,-0.04083333333281791,0.1069556174545805,0.04754976322655697,267.0248391831475,1.259999999999991,-0.077999999999939,-0.2594444444444485,-1.080000000000041,0.05311250713877784,2.3592365036119047,1.5733866362078812,13.0,-4.0,4.0,-8.0,428,428,0,1512.0,1604,1368,0,0.23566084788029926,0.1885286783042394,0.8528678304239401,6.94392523364486,0.21843649829837702,0.1115747205,1.0492724867724867,0.00058862433862448,0.0,nan,2.5073748980766317,0.0,0.0,4902.0,25.5,0.0,1.2935465448315249,,
noise,0.05,4200019,3.805000000000291,3.805000000000291,0.0,13.34,-9.534999999999709,3.729999999999982,0.07500000000030882,0.05168113045070674,0.4207117172794248,2362.5875509357124,0.2699999999998681,-0.031500000000019665,-0.07888888888884872,-0.15499999999993008,-0.20045688178183896,2.161212463302293,1.3906339234723015,14.0,-4.0,3.0,5.0,367,367,0,1285.0,1347,1158,0,0.2412769116555308,0.19079435783221974,0.8596881959910914,6.825613079019074,0.2601693614230483,0.13342557,1.0381322957198444,0.0029610894941636506,0.0,nan,2.2041644774945164,0.0,0.0,4759.0,17.0,0.0,1.2952598515134208,,
noise,0.05,4200020,-2.920000000000357,-2.920000000000357,0.0,15.195,-18.115000000000357,-2.9199999999999275,-4.2943426592501055e-13,0.21922968213810362,-0.07611065309671511,-427.4140084870887,3.3549999999999613,-0.14649999999992075,-0.5111111111110821,-2.7549999999999386,0.22958309537407195,2.299617279465384,1.5031410622501429,16.0,-3.0,4.0,0.0,402,402,0,1440.0,1552,1337,0,0.23195876288659795,0.18556701030927836,0.8614690721649485,7.186567164179104,0.2257386890083871,0.104358918,1.0552083333333333,-0.0020277777777780257,0.0,nan,5.38749924867405,0.0,22.0,4801.0,34.5,0.0,1.302113078241005,,
noise,0.05,4200021,0.6699999999999591,0.6699999999999591,0.0,14.855,-14.185000000000041,0.6699999999996189,3.4017233474514796e-13,0.07353296458140737,0.05206605568489808,292.38694796267254,0.9950000000000614,-0.09499999999997044,-0.1899999999999949,-0.4049999999999727,-0.16105082809822957,2.138358661445244,1.4837235865219873,9.0,-4.0,3.0,0.0,394,394,0,1442.0,1505,1287,0,0.23588039867109634,0.19162790697674417,0.8551495016611296,7.086294416243655,0.2328052318137059,0.115750804,1.0301664355062414,0.00046463245492368865,0.0,nan,2.4477556242971494,0.0,0.0,4722.0,25.5,0.0,1.3089663049685893,,
noise,0.05,4200022,-1.2549999999994839,-1.2549999999994839,0.0,14.115,-15.369999999999484,-1.2900000000000176,0.035000000000533715,0.12037835127149399,-0.05957407204599122,-334.54965762440276,1.7199999999999704,-0.16999999999990792,-0.3716666666666397,-1.224999999999966,-0.1901770416904626,2.151549857106926,1.3232438606510566,10.0,-4.0,4.0,-3.0,400,400,0,1391.0,1537,1332,0,0.22706571242680545,0.18100195185426154,0.8666232921275211,7.1725,0.2280130293159609,0.108481972,1.0147375988497485,-0.0009022286125086153,0.0,nan,1.798760031677754,0.0,33.0,4874.0,22.5,0.0,1.3049685893774985,,
noise,0.05,4200023,-4.18500000000013,-4.18500000000013,0.0,12.915000000000001,-17.10000000000013,-4.159999999999908,-0.0250000000002224,0.2421799192759227,-0.09874594799513584,-554.5268597396935,4.945000000000164,-0.13899999999997018,-0.6744444444444326,-2.880000000000024,0.06910336950314107,2.384827168540588,1.422615648201028,14.0,-4.0,4.0,1.0,357,357,0,1277.0,1473,1283,0,0.21860149355057706,0.173387644263408,0.8710115410726409,7.719887955182073,0.2378781897654657,0.112723657,1.0113547376664056,-0.00327721221613166,0.0,nan,2.312336726090766,2.0,35.0,4697.0,58.5,0.0,1.282124500285551,,
noise,0.05,4200024,0.7800000000001432,0.7800000000001432,0.0,13.93,-13.149999999999856,0.7199999999998906,0.06000000000025263,0.132427022378952,0.03365735162714114,189.00933034611822,1.814999999999742,-0.06449999999998964,-0.28111111111108755,-1.5699999999998795,-0.010279840091376356,2.461330280980625,1.6287835522558538,15.0,-4.0,4.0,4.0,386,386,0,1394.0,1433,1222,0,0.23726448011165388,0.19455687369155616,0.8527564549895325,6.8782383419689115,0.24443859916561847,0.1279827,0.9992826398852224,0.0005595408895266451,0.0,nan,2.134807727034186,0.0,0.0,4749.0,19.5,0.0,1.2914285714285714,,
noise,0.05,4200025,2.2199999999992883,2.2199999999992883,0.0,14.0,-11.780000000000712,2.21999999999989,-6.017408793468348e-13,0.061053383193268036,0.20778069325909182,1166.8324390705768,0.7450000000002319,-0.06499999999995794,-0.15388888888890997,-0.3100000000000591,0.22729868646487722,2.3866101740052397,1.6847515705311251,10.0,-4.0,5.0,-2.0,383,383,0,1392.0,1432,1223,0,0.2409217877094972,0.19441340782122904,0.854050279329609,6.932114882506528,0.24464179780559442,0.127571468,1.0057471264367817,0.0015948275862063853,0.0,nan,2.16981060181463,0.0,0.0,4723.0,20.0,0.0,1.292,,
noise,0.05,4200026,1.3500000000001648,1.3500000000001648,0.0,16.335,-14.984999999999836,1.359999999999892,-0.009999999999727116,0.06936020068039085,0.11122063717539961,624.5808757049983,1.1200000000000188,-0.10150000000000005,-0.1738888888888839,-0.35000000000002274,-0.19760137064534553,2.406163550162265,1.5362649914334665,13.0,-4.0,4.0,-1.0,444,444,0,1605.0,1522,1284,0,0.2621550591327201,0.21090670170827858,0.8436268068331143,6.31981981981982,0.23022686732105263,0.1149381055,1.0177570093457944,0.0008411214953272055,0.0,nan,2.094974554923572,0.0,2.0,4810.0,43.5,0.0,1.2992575671045117,,
noise,0.05,4200027,0.5299999999999159,0.5299999999999159,0.0,15.540000000000001,-15.010000000000085,0.5299999999998001,1.1579626146840383e-13,0.11423520948914066,0.02651171597719044,148.88163925335206,1.754999999999967,-0.08500000000000511,-0.28722222222221677,-1.220000000000013,0.09822958309537407,2.37504450187741,1.5796687607081668,10.0,-4.0,4.0,0.0,420,420,0,1520.0,1527,1294,0,0.24492468893254749,0.1990831696136215,0.8474132285527177,6.716666666666667,0.2283558503154098,0.124071212,1.0223684210526316,0.0003486842105262604,0.0,nan,1.783011751049703,0.0,0.0,5016.0,42.5,0.0,1.3053173241852487,,
noise,0.05,4200028,-1.500000000000071,-1.500000000000071,0.0,14.790000000000001,-16.29000000000007,-1.499999999999966,-1.0502709812953981e-13,0.1265534019566272,-0.06772973652945818,-380.34935985957964,2.929999999999879,-0.09500000000001733,-0.4027777777777399,-1.049999999999983,-0.287835522558538,2.201309367976504,1.3672187321530553,11.0,-5.0,3.0,0.0,377,377,0,1342.0,1524,1319,0,0.21325459317585302,0.17611548556430445,0.865485564304462,7.541114058355437,0.22817908351971095,0.110954307,1.102086438152012,-0.0011177347242921542,0.0,nan,1.8823645474325938,0.0,12.0,4813.0,55.5,0.0,1.2860411899313502,,
noise,0.05,4200029,-1.5400000000004894,-1.5400000000004894,0.0,12.465,-14.00500000000049,-1.539999999999618,-8.715250743307479e-13,0.11383083839678731,-0.07730769731597761,-434.13624049107824,3.375000000000341,-0.16499999999998916,-0.41166666666668383,-0.7149999999999608,-0.07252998286693318,2.4631827752832827,1.480868075385494,14.0,-4.0,3.0,0.0,359,359,0,1232.0,1444,1269,0,0.2257617728531856,0.1706371191135734,0.878808864265928,7.557103064066852,0.24181197009431346,0.110314122,1.0117694805194806,-0.0012500000000003973,0.0,nan,1.6523823746913866,0.0,2.0,4797.0,75.5,0.0,1.287835522558538,,
noise,0.1,4200000,-0.80499999999995,-0.80499999999995,0.0,11.42,-12.22499999999995,-0.8799999999999262,0.0749999999999762,0.14490428866518787,-0.03174509217341632,-178.27066965764317,2.215000000000032,-0.06299999999999953,-0.33833333333332877,-1.7900000000000347,0.004568817818389492,1.7876988532376452,1.0108509423186751,12.0,-3.0,3.0,5.0,342,342,0,1183.0,1480,1305,0,0.19932432432432431,0.15986486486486487,0.8817567567567568,8.14327485380117,0.23674424962787552,0.135500543,0.9653423499577346,-0.0006804733727810228,0.0,nan,1.6882520024532026,0.0,24.0,4784.0,40.5,0.0,1.3141062250142777,,
noise,0.1,4200001,-6.35000000000008,-6.35000000000008,0.0,11.4,-17.750000000000078,-6.350000000000108,2.842170943040401e-14,0.3936309441558574,-0.0921820675544946,-517.6661268959025,6.615000000000009,-0.11649999999998073,-0.7972222222221872,-5.1299999999997965,0.10622501427755568,1.9335391050570734,1.029126213592233,16.0,-3.0,4.0,0.0,354,354,0,1238.0,1629,1447,0,0.18968692449355432,0.1519950890116636,0.8882750153468385,8.689265536723164,0.21509504366011065,0.121174684,0.9208400646203554,-0.005129240710823974,0.0,nan,5.820340467982983,2.0,80.0,4915.0,65.5,0.0,1.3203883495145632,,
noise,0.1,4200002,0.26999999999978286,0.26999999999978286,0.0,11.965,-11.695000000000217,0.2699999999999636,-1.8074430840897548e-13,0.05777151928126408,0.02670618952124853,149.9737428371294,0.7449999999999477,-0.11999999999996476,-0.18999999999999773,-0.33500000000002217,0.1096516276413478,1.8748610285437932,1.1776127926898914,7.0,-3.0,4.0,0.0,388,388,0,1394.0,1596,1387,0,0.21177944862155387,0.17468671679197995,0.8690476190476191,7.688144329896907,0.21957340025094102,0.12873119049999998,0.8583213773314203,0.00019368723098980118,0.0,nan,1.8841152091096784,0.0,7.0,4808.0,30.5,0.0,1.2918332381496287,,
noise,0.1,4200003,-0.2299999999993645,-0.2299999999993645,0.0,9.98,-10.209999999999365,-0.23000000000005408,6.895872761703004e-13,0.12295330658156792,-0.010689307598329438,-60.02786236439042,1.899999999999892,-0.06999999999992638,-0.29222222222218697,-1.4449999999998795,-0.025128498001142203,1.879112751327946,1.0211307824100515,13.0,-4.0,3.0,0.0,303,303,0,1082.0,1357,1195,0,0.19896831245394253,0.15946941783345614,0.8806190125276345,8.422442244224422,0.25738911882656823,0.147741117,0.922365988909427,-0.00021256931608074352,0.0,nan,1.666997572177849,0.0,11.0,4675.0,32.0,0.0,1.2611428571428571,,
noise,0.1,4200004,-0.6300000000000523,-0.6300000000000523,0.0,12.245000000000001,-12.875000000000053,-0.6300000000000909,3.863576125695545e-14,0.05817788812483408,-0.061879179805833934,-347.49443352032245,1.2649999999998869,-0.11449999999997969,-0.19111111111107468,-0.2899999999999494,-0.04397487150199886,1.7696621518991342,1.0513992004568817,6.0,-4.0,3.0,0.0,387,387,0,1410.0,1646,1437,0,0.20899149453219928,0.17132442284325639,0.8730255164034022,7.96640826873385,0.21289537712895376,0.113536601,0.8684397163120567,-0.000446808510638335,0.0,nan,2.4715083155823674,0.0,7.0,4938.0,38.5,0.0,1.3049685893774985,,
noise,0.1,4200005,-1.3149999999997561,-1.3149999999997561,0.0,13.02,-14.334999999999756,-1.3100000000003993,-0.004999999999356852,0.06459394451733573,-0.11633111695582604,-653.2797576534775,1.5099999999998772,-0.1365000000000265,-0.22777777777778063,-0.37999999999999545,0.07766990291262135,1.9775202808052148,1.203883495145631,11.0,-3.0,4.0,1.0,422,422,0,1467.0,1658,1440,0,0.2189384800965018,0.17696019300361882,0.8685162846803377,7.341232227488152,0.21133153953623188,0.123635497,0.8875255623721882,-0.0008963871847305768,0.0,nan,2.660567178672719,0.0,31.0,4897.0,47.5,0.0,1.2912621359223302,,
noise,0.1,4200006,-1.4650000000001455,-1.4650000000001455,0.0,12.135,-13.600000000000145,-1.4799999999997637,0.014999999999618208,0.05941336091187286,-0.1409014478047563,-791.2591753921554,1.9300000000002342,-0.1274999999999508,-0.199444444444462,-0.2750000000000199,-0.11878926327812679,1.987868953752213,1.203883495145631,9.0,-3.0,4.0,3.0,408,408,0,1399.0,1645,1441,0,0.2133738601823708,0.17009118541033436,0.8759878419452888,7.563725490196078,0.2128829918277541,0.101937557,0.8674052894924946,-0.0010471765546820196,0.0,nan,2.8497113102236025,0.0,8.0,4911.0,32.5,0.0,1.315037164093768,,
noise,0.1,4200007,-2.2000000000000455,-2.2000000000000455,0.0,11.035,-13.235000000000046,-2.200000000000127,8.171241461241152e-14,0.16641318984291467,-0.07554346253019728,-424.22884079048004,2.8050000000000637,-0.08650000000003927,-0.3949999999999913,-2.07499999999996,0.07652769845802398,1.8183884155210346,1.0131353512278698,8.0,-3.0,3.0,0.0,333,333,0,1178.0,1501,1325,0,0.19586942038640906,0.1569620253164557,0.882744836775483,8.486486486486486,0.23345258436424282,0.119943893,0.9367572156196944,-0.0018675721561969825,0.0,nan,2.467374543889477,0.0,74.0,4723.0,29.5,0.0,1.2941176470588236,,
noise,0.1,4200008,-0.8950000000001097,-0.8950000000001097,0.0,11.97,-12.86500000000011,-0.9099999999999997,0.01499999999988999,0.08427165004698518,-0.0606880927504671,-340.80565511574724,1.1700000000001722,-0.09149999999999067,-0.24388888888889604,-0.8099999999999454,-0.02741290691033695,1.84255864928439,1.0496858937749858,15.0,-3.0,4.0,1.0,363,363,0,1309.0,1513,1321,0,0.21348314606741572,0.17303370786516853,0.8730998017184401,7.807162534435261,0.23153917536929183,0.108819213,0.9144385026737968,-0.0006837280366692969,0.0,nan,2.1790202566686334,0.0,23.0,4705.0,29.0,0.0,1.280411193603655,,
noise,0.1,4200009,-0.08999999999980446,-0.08999999999980446,0.0,12.375,-12.464999999999804,-0.1099999999999818,0.020000000000177348,0.05786198970150758,-0.00888814430574615,-49.91308353251554,0.744999999999834,-0.08149999999998271,-0.1850000000000149,-0.3199999999999932,0.13649343232438607,1.8766012495884326,1.107367218732153,12.0,-3.0,3.0,-2.0,382,382,0,1330.0,1564,1377,0,0.21419437340153452,0.170076726342711,0.8804347826086957,7.698952879581152,0.22402092414788735,0.1062677455,0.9304511278195489,-6.766917293218381e-05,0.0,nan,1.9000830796429944,0.0,6.0,4883.0,36.5,0.0,1.3129640205596802,,
noise,0.1,4200010,-1.389999999999759,-1.389999999999759,0.0,11.915000000000001,-13.30499999999976,-1.3928571428569922,0.0028571428572332636,0.10208345212954764,-0.07780748962893602,-436.9429203341896,2.534999999999826,-0.09650000000001455,-0.2766666666666566,-1.1149999999999523,-0.012564249000571102,1.633760677100876,0.9160479725870931,7.0,-3.0,3.0,4.0,346,346,0,1272.0,1532,1342,0,0.20430809399477806,0.16605744125326372,0.8759791122715405,8.306358381502891,0.22870322576470586,0.116989989,0.9367138364779874,-0.0010927672955972948,0.0,nan,3.4031578899370527,0.0,39.0,4656.0,25.5,0.0,1.2792689891490576,,
noise,0.1,4200011,-2.009999999999934,-2.009999999999934,0.0,14.790000000000001,-16.799999999999933,-2.010000000000145,2.1094237467877974e-13,0.08307709043812955,-0.1382536897373377,-776.3901808026418,2.099999999999966,-0.15149999999999295,-0.25555555555556947,-0.41500000000000625,-0.0211307824100514,1.8582272892490563,1.0662478583666477,9.0,-4.0,4.0,0.0,447,447,0,1630.0,1803,1555,0,0.22074320576816417,0.1808097615085968,0.8624514697726012,7.512304250559284,0.19407098080344257,0.1,0.907361963190184,-0.0012331288343557878,0.0,nan,2.938154861005911,0.0,45.0,4982.0,36.5,0.0,1.3218982275586049,,
noise,0.1,4200012,-6.779999999999973,-6.779999999999973,0.0,11.715,-18.494999999999973,-6.780000000000149,1.758593271006248e-13,0.3752169749959604,-0.1032545426370278,-579.8457399506639,7.015000000000015,-0.10000000000000284,-0.8994444444444143,-3.5999999999999375,0.045688178183894916,1.8359853879593593,0.9171901770416905,11.0,-3.0,3.5,0.0,300,300,0,1106.0,1495,1323,0,0.17859531772575252,0.1479598662207358,0.8849498327759198,9.393333333333333,0.23430371576490291,0.128479454,1.0592224231464737,-0.006130198915009017,0.0,nan,6.30361104771699,1.0,161.0,4756.0,148.0,0.0,1.3329525985151343,,
noise,0.1,4200013,0.3599999999997294,0.3599999999997294,0.0,12.280000000000001,-11.920000000000272,0.3699999999998006,-0.010000000000071174,0.07359642313005503,0.027951668975896505,156.96797221948614,1.1950000000002206,-0.06950000000005047,-0.2000000000000218,-0.7600000000001614,0.11193603655054254,1.8077282753016313,1.029126213592233,11.0,-3.0,3.0,-2.0,348,348,0,1238.0,1493,1308,0,0.2056262558606832,0.16584058941728064,0.8760884125920965,8.048850574712644,0.23458099709322602,0.117698401,0.9919224555735057,0.0002907915993535779,0.0,nan,2.700780072570327,0.0,8.0,4815.0,18.5,0.0,1.2857142857142858,,
noise,0.1,4200014,-1.5400000000000489,-1.5400000000000489,0.0,11.36,-12.900000000000048,-1.5499999999999816,0.00999999999993273,0.17698785593770733,-0.04972092550291998,-279.21741845896923,2.714999999999904,-0.10900000000003016,-0.4222222222222156,-2.1800000000000637,0.047972587093089665,2.030882400669203,1.1387778412335807,13.0,-4.0,3.0,2.0,350,350,0,1240.0,1471,1284,0,0.21210061182868797,0.16859279401767505,0.8728755948334467,7.871428571428571,0.23803815731790334,0.119534528,0.9161290322580645,-0.001241935483871007,0.0,nan,3.2947327643616044,0.0,51.0,4604.0,25.0,0.0,1.2794285714285714,,
noise,0.1,4200015,-0.4100000000001387,-0.4100000000001387,0.0,12.665000000000001,-13.07500000000014,-0.38999999999999946,-0.02000000000013924,0.0810221847217018,-0.02891624251932077,-162.38472043936645,1.6399999999999295,-0.1280000000000271,-0.2250000000000164,-0.6500000000000483,-0.0034266133637921186,1.7684298275612924,1.0371216447744147,9.0,-3.0,4.0,-4.0,377,377,0,1336.0,1573,1375,0,0.2161474888747616,0.16986649713922441,0.8741258741258742,7.819628647214854,0.22269229805856142,0.107383887,0.9479790419161677,-0.000306886227545014,0.0,nan,1.863360492920282,0.0,24.0,4887.0,67.5,0.0,1.296,,
noise,0.1,4200016,0.09500000000019782,0.09500000000019782,0.0,12.700000000000001,-12.604999999999803,0.04999999999992818,0.04500000000026964,0.06769706986015973,0.008018916387070233,45.031767003302924,1.0049999999999244,-0.08249999999999884,-0.22999999999999135,-0.46499999999991815,0.045688178183894916,1.6275653994524273,0.8509423186750429,9.0,-3.0,4.0,-3.0,353,353,0,1273.0,1497,1307,0,0.20774883099532399,0.17007348029392116,0.8730794923179692,7.943342776203966,0.23403152553712375,0.123995996,0.997643362136685,7.462686567179719e-05,0.0,nan,3.2318923428370354,0.0,73.0,4845.0,71.5,0.0,1.3409480296973157,,
noise,0.1,4200017,-3.3000000000003666,-3.3000000000003666,0.0,12.34,-15.640000000000366,-3.3000000000000216,-3.4505731605349865e-13,0.14119403435208325,-0.13355481301796746,-750.0027349944888,4.834999999999866,-0.11100000000006102,-0.4750000000000164,-1.3999999999999773,-0.0508280982295831,1.6170275236186438,0.7338663620788121,13.0,-3.0,3.0,0.0,298,298,0,1052.0,1548,1391,1,0.1731266149870801,0.1359173126614987,0.898578811369509,9.865771812080537,0.2258808553997413,0.1289057685,1.173003802281369,-0.003136882129277915,0.0,nan,2.1954340774144745,1.0,149.0,4753.0,54.0,0.0,1.3583285632512878,,
noise,0.1,4200018,0.12000000000006139,0.12000000000006139,0.0,13.725,-13.604999999999938,0.14999999999981817,-0.029999999999756777,0.0652456769293094,0.010509727509725671,59.01939584371731,0.7700000000001239,-0.10999999999997385,-0.18611111111109502,-0.37999999999999545,-0.06624785836664764,1.9885904205985523,1.2609937178754997,7.0,-4.0,3.0,-5.0,426,426,0,1513.0,1676,1449,0,0.22374701670644392,0.18054892601431982,0.8645584725536993,7.335680751173709,0.20904138009199522,0.103815233,0.9071381361533377,7.931262392601546e-05,0.0,nan,2.4454086875513563,0.0,0.0,4872.0,24.5,0.0,1.2775556824671617,,
noise,0.1,4200019,1.4450000000010164,1.4450000000010164,0.0,11.93,-10.484999999998983,1.4200000000000372,0.025000000000979128,0.05011730082879565,0.1647563360476189,925.2208875973747,0.549999999999784,-0.09499999999990934,-0.13166666666663376,-0.19499999999993634,-0.16162193032552827,2.144316461270424,1.3575099942889777,14.0,-4.0,3.0,-5.0,404,404,0,1391.0,1472,1262,0,0.234375,0.1889945652173913,0.8573369565217391,6.767326732673268,0.23804611640408163,0.13519569850000002,0.8576563623292596,0.0010388209920927508,0.0,nan,2.0811018297772557,0.0,11.0,4764.0,17.5,0.0,1.2718446601941749,,
noise,0.1,4200020,-6.9699999999998425,-6.9699999999998425,0.0,12.945,-19.914999999999843,-6.970000000000017,1.7408297026122455e-13,0.3484575606767297,-0.1142996333648797,-641.8715708957212,7.224999999999795,-0.1599999999999852,-0.6883333333333215,-4.545000000000044,0.09537407195888065,1.9731308384214938,1.1713306681896059,15.0,-3.0,4.0,0.0,383,383,0,1410.0,1577,1362,0,0.22130627774254916,0.17882054533925174,0.8636651870640456,7.673629242819843,0.22215553521460318,0.108457453,0.9180851063829787,-0.004943262411347406,0.0,nan,8.200563112317512,1.0,122.0,4804.0,50.5,0.0,1.2855511136493432,,
noise,0.1,4200021,-0.6200000000002888,-0.6200000000002888,0.0,13.105,-13.72500000000029,-0.6200000000001817,-1.0702549957386509e-13,0.07052363378913988,-0.05023645198787767,-282.1124565706122,0.9400000000002819,-0.09999999999998295,-0.20611111111112893,-0.4750000000000796,-0.09251856082238721,1.8963748507646536,1.0976584808680754,8.0,-4.0,4.0,0.0,379,379,0,1408.0,1622,1401,0,0.20900123304562268,0.17361282367447595,0.8637484586929717,7.9762532981530345,0.21587597454938273,0.1,0.9307528409090909,-0.0004403409090911142,0.0,nan,2.659254298092533,0.0,6.0,4704.0,29.5,0.0,1.3072529982866934,,
noise,0.1,4200022,-1.0899999999998329,-1.0899999999998329,0.0,11.77,-12.859999999999832,-1.1100000000001267,0.020000000000293783,0.09632950089251005,-0.06465902315346436,-363.1051784007677,1.5599999999996612,-0.0754999999999583,-0.3149999999999977,-0.9200000000000159,-0.0034266133637921186,1.609860293877172,0.8201027984009137,9.0,-3.0,3.0,-2.0,311,311,0,1080.0,1532,1373,0,0.1821148825065274,0.1409921671018277,0.8962140992167101,9.340836012861736,0.22875816993464052,0.1167230605,1.0898148148148148,-0.0010092592592591046,0.0,nan,1.9160174085529356,0.0,59.0,4863.0,29.5,0.0,1.350085665334095,,
noise,0.1,4200023,-3.9999999999998295,-3.9999999999998295,0.0,9.865,-13.86499999999983,-4.010000000000036,0.010000000000206732,0.18835756270606696,-0.12134974847179661,-681.4628480105512,4.454999999999885,-0.0999999999999929,-0.528888888888899,-2.169999999999945,0.0057110222729868645,1.6201090151250195,0.7447173043974872,14.0,-3.0,2.0,-2.0,254,254,0,882.0,1434,1300,0,0.15271966527196654,0.12301255230125523,0.9065550906555091,10.763779527559056,0.24435671588337993,0.12477315250000001,1.1184807256235827,-0.004535147392290056,0.0,nan,2.2886879732877015,2.0,110.0,4693.0,50.5,0.0,1.313535122786979,,
noise,0.1,4200024,-3.4200000000001296,-3.4200000000001296,0.0,11.785,-15.20500000000013,-3.420000000000037,-9.281464485866309e-14,0.1689727827599054,-0.1156568343354235,-649.4931939345561,4.025000000000048,-0.11499999999991246,-0.4600000000000001,-1.7649999999998869,0.026270702455739578,1.8884952639337163,1.0188463735008566,11.0,-3.0,3.0,0.0,339,339,0,1208.0,1500,1314,0,0.19666666666666666,0.16106666666666666,0.876,8.300884955752212,0.23342813803604806,0.123471414,0.9755794701986755,-0.002831125827814677,0.0,nan,3.53453593916902,0.0,38.0,4798.0,21.5,0.0,1.3116066323613493,,
noise,0.1,4200025,0.8750000000000426,0.8750000000000426,0.0,12.13,-11.254999999999958,0.8800000000000554,-0.005000000000012772,0.056844716896826394,0.08795892165450103,493.9502389866452,0.779999999999859,-0.08450000000003682,-0.17166666666664632,-0.32499999999998863,0.029697315819531698,1.6674489246683741,0.9982866933181039,7.0,-3.0,3.0,-1.0,386,386,0,1309.0,1528,1337,0,0.21858638743455497,0.1713350785340314,0.875,7.422279792746114,0.2292514881140236,0.11381495950000001,0.9266615737203973,0.0006684491978609952,0.0,nan,2.184528464874793,0.0,10.0,4761.0,14.0,0.0,1.332,,
noise,0.1,4200026,-2.6099999999992747,-2.6099999999992747,0.0,13.17,-15.779999999999275,-2.5599999999998797,-0.04999999999939497,0.11348511761981148,-0.13142063053806036,-738.0178228768528,2.8749999999995026,-0.10800000000003676,-0.3183333333333407,-1.3099999999999739,0.09137635636778983,1.8129837872993702,1.0770988006853226,10.0,-3.0,3.0,-5.0,398,398,0,1427.0,1640,1438,0,0.21402439024390243,0.17402439024390243,0.8768292682926829,7.733668341708543,0.21364153744078143,0.10373707,0.9229152067274001,-0.0018290119131039065,0.0,nan,2.3954814057345093,0.0,30.0,4843.0,49.5,0.0,1.3198172472872645,,
noise,0.1,4200027,-2.4849999999999426,-2.4849999999999426,0.0,14.27,-16.754999999999942,-2.4699999999999465,-0.014999999999996128,0.11438084197755874,-0.12414666437571494,-697.1694671138712,2.895000000000053,-0.1429999999999836,-0.39277777777778844,-0.8200000000000216,0.14677327241576243,1.807288889210274,1.0331239291833239,7.0,-3.0,4.0,-1.0,389,389,0,1429.0,1637,1426,0,0.2156383628588882,0.17458766035430665,0.8711056811240073,7.874035989717224,0.2139119325938838,0.106413364,0.9986004198740378,-0.0017389783065080073,0.0,nan,1.9406186595275328,0.0,29.0,4987.0,62.5,0.0,1.3131428571428572,,
noise,0.1,4200028,-2.66500000000039,-2.66500000000039,0.0,10.545,-13.21000000000039,-2.669999999999878,0.0049999999994878586,0.13087549706001247,-0.11635922514655782,-653.4376046037162,3.0650000000002535,-0.08249999999997894,-0.42277777777778325,-1.3649999999999096,0.04169046259280411,1.630652379360291,0.9360365505425471,9.0,-3.0,3.0,-1.0,318,318,0,1131.0,1578,1404,0,0.17553865652724968,0.14334600760456273,0.8897338403041825,9.377358490566039,0.2217784175824873,0.120868293,0.9323607427055703,-0.0023563218390808046,0.0,nan,1.7695086027659974,0.0,103.0,4854.0,72.5,0.0,1.3312356979405033,,
noise,0.1,4200029,-3.0849999999992264,-3.0849999999992264,0.0,10.325000000000001,-13.409999999999227,-3.0900000000000554,0.005000000000829008,0.09020859788847081,-0.19542008013872525,-1097.419039156367,3.8349999999994253,-0.14449999999997373,-0.32833333333331577,-0.7199999999999847,-0.012564249000571102,1.7268867856929107,0.9914334665905197,10.0,-3.0,3.0,-1.0,323,323,0,1167.0,1504,1334,0,0.19481382978723405,0.15518617021276596,0.886968085106383,8.786377708978328,0.23296207194474036,0.101838409,0.8847472150814053,-0.0026435304198793716,0.0,nan,1.6610836028799025,0.0,50.0,4787.0,76.5,0.0,1.2798400913763563,,
noise,0.2,4200000,-0.5499999999998408,-0.5499999999998408,0.0,10.055,-10.60499999999984,-0.5499999999999452,1.0436096431476471e-13,0.06293224912789916,-0.04994032767633821,-280.4495135546755,0.7699999999998681,-0.0794999999999831,-0.19388888888889097,-0.530000000000058,-0.020559680182752713,1.4408695284475992,0.6384922901199315,10.0,-2.0,3.0,0.0,276,276,0,984.0,1458,1311,0,0.16529492455418382,0.13497942386831277,0.8991769547325102,10.032608695652174,0.24032142922390107,0.1335461055,1.0218495934959348,-0.0005589430894307326,0.0,nan,3.0225812182851586,0.0,111.0,4758.0,15.5,0.0,1.3226727584237579,,
noise,0.2,4200001,-2.900000000000034,-2.900000000000034,0.0,9.0,-11.900000000000034,-2.8999999999999626,-7.149836278586008e-14,0.15700488419708708,-0.10554721693005917,-592.720693322758,3.664999999999935,-0.09499999999999317,-0.3916666666666752,-1.7750000000000057,0.08509423186750428,1.3741350967453017,0.6116504854368932,6.0,-2.0,3.0,0.0,245,245,0,868.0,1555,1427,1,0.13504823151125403,0.11163987138263666,0.917684887459807,12.175510204081633,0.2252256496851256,0.129805481,1.0368663594470047,-0.0033410138248848318,0.0,nan,5.618295397595985,1.0,221.0,4914.0,65.5,0.0,1.3445714285714285,,
noise,0.2,4200002,-0.5099999999999341,-0.5099999999999341,0.0,10.025,-10.534999999999934,-0.5099999999999998,6.572520305780927e-14,0.05350710095134156,-0.05446540108640045,-305.86093345716114,0.8999999999998636,-0.07300000000003024,-0.18055555555555397,-0.3250000000000455,0.10850942318675043,1.60797967488215,0.8315248429468874,7.0,-3.0,3.0,0.0,334,334,0,1238.0,1542,1350,0,0.1880674448767834,0.16057068741893646,0.8754863813229572,8.658682634730539,0.2271910769818182,0.1343862665,0.8097738287560582,-0.00041195476575115836,0.0,nan,1.7556521894909676,0.0,33.0,4811.0,34.5,0.0,1.2754285714285714,,
noise,0.2,4200003,0.030000000000114824,0.030000000000114824,0.0,8.345,-8.314999999999886,0.029999999999981684,1.3314002678121994e-13,0.06213143544886038,0.0027591278101135827,15.4944127959368,0.5200000000000387,-0.05950000000000129,-0.18777777777777593,-0.4200000000000159,-0.03597944031981725,1.3637916404791064,0.5979440319817247,7.0,-2.0,2.0,0.0,247,247,0,882.0,1340,1218,0,0.16567164179104477,0.1316417910447761,0.908955223880597,10.356275303643725,0.26129174070254113,0.1776101015,0.9461451247165533,3.4013605442307055e-05,0.0,nan,1.8589291101692553,0.0,52.0,4677.0,32.5,0.0,1.2915951972555746,,
noise,0.2,4200004,-1.7099999999999511,-1.7099999999999511,0.0,10.045,-11.754999999999951,-1.709999999999963,1.199040866595169e-14,0.05946315661881639,-0.16432744453960324,-922.8123648585919,1.9349999999999454,-0.15300000000002284,-0.21277777777777532,-0.32999999999995566,-0.021701884637350087,1.509379645789934,0.7561393489434609,6.0,-3.0,3.0,0.0,325,325,0,1184.0,1601,1415,0,0.1811367895065584,0.14790755777638975,0.8838226108682073,9.28,0.2188868042526579,0.120030849,0.8483952702702703,-0.0014442567567567156,0.0,nan,2.8462740613493103,0.0,131.0,4944.0,41.0,0.0,1.3409480296973157,,
noise,0.2,4200005,-1.260000000000332,-1.260000000000332,0.0,10.625,-11.885000000000332,-1.290000000000109,0.029999999999777094,0.08178075540139294,-0.08804027261258658,-494.40708093550387,1.7800000000000864,-0.099999999999946,-0.2750000000000025,-0.6400000000000148,-0.05025699600228441,1.5449808909402507,0.7252998286693318,9.0,-3.0,3.0,-2.0,295,295,0,1042.0,1583,1424,0,0.1610865445356917,0.13164876816171825,0.899557801642451,10.193220338983052,0.2213567548842505,0.124205397,1.0196737044145874,-0.0012092130518237352,0.0,nan,2.7053424686990395,0.0,77.0,4905.0,61.5,0.0,1.3358081096516277,,
noise,0.2,4200006,-1.3149999999995714,-1.3149999999995714,0.0,9.69,-11.004999999999571,-1.3199999999999268,0.005000000000355387,0.055586926555986904,-0.13518080922705647,-759.1338293845006,1.4449999999996095,-0.14649999999996055,-0.1866666666666611,-0.25499999999999545,-0.03769274700171331,1.6850049659888637,0.7846944603083952,9.0,-3.0,3.0,-1.0,309,309,0,1079.0,1576,1420,0,0.16687817258883247,0.1369289340101523,0.9010152284263959,9.6957928802589,0.2222152195508259,0.1130099815,0.8980537534754403,-0.0012187210379977491,0.0,nan,2.5113712776518264,0.0,65.0,4913.0,27.5,0.0,1.3419096626643796,,
noise,0.2,4200007,-3.259999999999934,-3.259999999999934,0.0,9.275,-12.534999999999934,-3.2600000000000176,8.348877145181177e-14,0.19013335999050393,-0.09797634370686681,-550.2049988645815,3.314999999999884,-0.06449999999996975,-0.4427777777777398,-2.409999999999954,0.0799543118218161,1.4212241239427508,0.6647629925756711,9.0,-2.0,3.0,0.0,261,261,0,932.0,1548,1405,0,0.14405684754521964,0.12041343669250645,0.9076227390180879,11.314176245210728,0.2263553841927555,0.1196230435,0.9951716738197425,-0.003497854077253148,0.0,nan,2.7037889347978745,1.0,192.0,4701.0,37.0,0.0,1.3318103940605368,,
noise,0.2,4200008,-0.870000000000033,-0.870000000000033,0.0,9.325000000000001,-10.195000000000034,-0.8700000000000178,-1.5210055437364645e-14,0.055482463686135866,-0.08960360159116432,-503.1862554417173,0.9150000000000915,-0.09650000000001739,-0.18500000000001174,-0.3150000000001114,0.07081667618503712,1.6562393897427339,0.8383780696744717,8.0,-3.0,4.0,0.0,316,316,0,1108.0,1496,1321,0,0.18114973262032086,0.1481283422459893,0.8830213903743316,8.914556962025317,0.23421607960910307,0.124579923,0.8416064981949458,-0.0007851985559567085,0.0,nan,2.006215519445757,0.0,48.0,4751.0,32.5,0.0,1.282124500285551,,
noise,0.2,4200009,-0.8599999999997863,-0.8599999999997863,0.0,9.585,-10.444999999999787,-0.9100000000000182,0.05000000000023197,0.05085610273654521,-0.09663118976580731,-542.6510282364507,1.279999999999859,-0.07099999999998372,-0.18277777777777893,-0.2899999999999636,0.11878926327812679,1.5629366246808567,0.7035979440319817,12.0,-2.0,3.0,-5.0,300,300,0,1091.0,1499,1330,0,0.17745163442294865,0.1455637091394263,0.8872581721147431,9.43,0.23374795158249834,0.121317401,0.8785517873510541,-0.0007882676443627738,0.0,nan,1.9395615020274075,0.0,89.0,4902.0,27.5,0.0,1.3340948029697315,,
noise,0.2,4200010,-1.9399999999999409,-1.9399999999999409,0.0,8.955,-10.894999999999941,-1.939999999999873,-6.794564910705958e-14,0.07904944307152251,-0.14023772786968017,-787.5319284638812,3.1549999999997596,-0.1089999999999264,-0.2838888888888881,-0.5850000000000506,-0.015419760137064534,1.1669794527345727,0.4894346087949743,7.0,-2.0,2.0,0.0,237,237,0,852.0,1526,1397,0,0.13761467889908258,0.11166448230668415,0.9154652686762779,12.333333333333334,0.22960363216535432,0.11801421000000001,1.051056338028169,-0.0022769953051642497,0.0,nan,4.7330509773632325,0.0,80.0,4669.0,34.5,0.0,1.3375214163335236,,
noise,0.2,4200011,-2.7800000000001432,-2.7800000000001432,0.0,12.96,-15.740000000000144,-2.779999999999981,-1.6209256159527285e-13,0.11662859101876502,-0.13620771842437127,-764.9006354559034,3.034999999999968,-0.21150000000003075,-0.30388888888889354,-0.4300000000000068,0.05311250713877784,1.6618919772170435,0.8960593946316391,8.0,-3.0,4.0,0.0,392,392,0,1436.0,1780,1559,0,0.19382022471910113,0.16134831460674157,0.8758426966292134,8.517857142857142,0.19659628158717662,0.1,0.9025069637883009,-0.0019359331476324116,0.0,nan,3.1322103989684535,0.0,199.0,4997.0,25.5,0.0,1.3516295025728988,,
noise,0.2,4200012,-7.099999999999909,-7.099999999999909,0.0,10.805,-17.90499999999991,-7.099999999999856,-5.3290705182007514e-14,0.386068027901145,-0.10508880725501726,-590.1464056407177,8.044999999999817,-0.10750000000002015,-0.9205555555555347,-3.4499999999999886,-0.029697315819531698,1.5532533862822782,0.6407766990291263,11.0,-3.0,2.0,0.0,243,243,0,866.0,1552,1428,0,0.13917525773195877,0.1115979381443299,0.9201030927835051,12.263374485596708,0.2256873855722581,0.13428941700000002,1.247690531177829,-0.008198614318706592,0.0,nan,6.30361104771699,3.0,389.0,4783.0,157.0,0.0,1.3706453455168475,,
noise,0.2,4200013,-2.339999999999975,-2.339999999999975,0.0,8.305,-10.644999999999975,-2.309999999999964,-0.030000000000010907,0.12155626049832785,-0.11000197370839956,-617.7372366579732,2.544999999999959,-0.0679999999999623,-0.34111111111109615,-1.224999999999966,0.02912621359223301,1.480795501997502,0.6687607081667618,8.0,-3.0,3.0,-2.0,253,253,0,906.0,1483,1347,0,0.14969656102494944,0.12218476062036412,0.9082939986513824,11.185770750988143,0.2362482798433491,0.144628412,0.9166666666666666,-0.002582781456953615,0.0,nan,2.651244295608447,0.0,114.0,4814.0,22.5,0.0,1.3243860651056538,,
noise,0.2,4200014,-2.3600000000004684,-2.3600000000004684,0.0,9.31,-11.670000000000469,-2.3599999999999275,-5.409006575973763e-13,0.1901500271909505,-0.07092144284667641,-398.27300044669056,2.9649999999999466,-0.0799999999999926,-0.4149999999999889,-2.4149999999999068,0.0508280982295831,1.4978523172850178,0.6596230725299829,12.0,-2.0,3.0,0.0,271,271,0,950.0,1484,1349,0,0.15902964959568733,0.1280323450134771,0.9090296495956873,10.453874538745387,0.23604082817813768,0.146482024,0.98,-0.0024842105263162824,0.0,nan,4.390686553497738,0.0,96.0,4623.0,44.5,0.0,1.332,,
noise,0.2,4200015,-0.6999999999999318,-0.6999999999999318,0.0,10.44,-11.139999999999931,-0.6799999999999276,-0.020000000000004237,0.06870309267077192,-0.058221542066057744,-326.95426543156816,1.419999999999746,-0.12800000000000294,-0.17777777777776294,-0.26000000000004775,-0.059394631639063396,1.6041463547021302,0.8109651627641348,9.0,-3.0,3.0,-4.0,331,331,0,1150.0,1602,1430,0,0.17790262172284643,0.14357053682896379,0.8926342072409488,9.16012084592145,0.21865600015624997,0.104869391,0.9078260869565218,-0.0006086956521738537,0.0,nan,1.8349651048289328,0.0,112.0,4891.0,50.5,0.0,1.2994285714285714,,
noise,0.2,4200016,-0.9800000000002456,-0.9800000000002456,0.0,9.65,-10.630000000000246,-0.990000000000018,0.009999999999772413,0.06794233525233138,-0.08242283664821845,-462.8612890487996,1.3500000000001364,-0.058999999999994626,-0.22499999999999748,-0.6499999999999915,0.09594517418617933,1.394670694238066,0.5688178183894917,7.0,-2.0,3.0,-2.0,266,266,0,948.0,1541,1397,0,0.1537962362102531,0.12303698896820246,0.9065541855937703,11.045112781954888,0.22732156001299547,0.103855263,1.0179324894514767,-0.0010337552742618625,0.0,nan,3.9556643398434734,0.0,75.0,4858.0,78.5,0.0,1.375214163335237,,
noise,0.2,4200017,-3.2399999999997675,-3.2399999999997675,0.0,9.41,-12.649999999999768,-3.2499999999999294,0.01000000000016188,0.12566521191005975,-0.147330239076311,-827.3612890293932,3.324999999999804,-0.14000000000001336,-0.40388888888888314,-1.0499999999999687,-0.06910336950314107,1.3511503849740794,0.5111364934323244,7.0,-3.0,2.0,1.0,212,212,0,755.0,1527,1420,1,0.12835625409299278,0.09888670595939751,0.9299279633267845,13.90566037735849,0.22900789904786886,0.175305551,1.2463576158940397,-0.0042913907284765134,0.0,nan,2.4897465545284336,0.0,234.0,4779.0,72.0,0.0,1.3932455638236978,,
noise,0.2,4200018,-5.5450000000001864,-5.5450000000001864,0.0,10.53,-16.075000000000188,-5.449999999999962,-0.09500000000022446,0.2421168345579357,-0.13086952150009765,-734.9229640963115,5.875000000000327,-0.149000000000008,-0.7294444444444442,-2.290000000000049,-0.10451170759565963,1.5623121214305098,0.7315819531696174,7.0,-3.0,2.0,-7.0,252,252,0,895.0,1715,1579,0,0.12536443148688048,0.1043731778425656,0.9206997084548105,13.071428571428571,0.20422374213309988,0.105804005,1.176536312849162,-0.006195530726257192,0.0,nan,3.905095495926437,3.0,481.0,4943.0,117.5,0.0,1.42604226156482,,
noise,0.2,4200019,0.7549999999997681,0.7549999999997681,0.0,9.24,-8.485000000000232,0.7700000000001277,-0.015000000000359615,0.043517582276127814,0.09913891095579203,556.733618811746,0.38999999999998636,-0.06000000000003354,-0.12500000000002684,-0.21000000000003638,-0.09194745859508852,1.6310445650026448,0.8035408338092519,12.0,-3.0,3.0,-3.0,312,312,0,1105.0,1438,1277,0,0.19193324061196107,0.15368567454798332,0.8880389429763561,8.701923076923077,0.2436823057896936,0.12420342100000001,0.8361990950226245,0.0006832579185518263,0.0,nan,2.0391449416936793,0.0,25.0,4786.0,16.5,0.0,1.2946887492861223,,
noise,0.2,4200020,-1.8599999999998431,-1.8599999999998431,0.0,9.975,-11.834999999999843,-1.8699999999998913,0.010000000000048193,0.06537385225220066,-0.1625813847953674,-913.0070305988339,2.3699999999999193,-0.14999999999997726,-0.21349999999999625,-0.28999999999999204,-0.0633923472301542,1.5064990465276513,0.7144488863506567,9.0,-3.0,2.0,-2.0,276,276,0,1002.0,1507,1357,0,0.16323822163238222,0.13297942932979429,0.900464499004645,10.376811594202898,0.23248984586511628,0.11391775,0.9955089820359282,-0.0018562874251495441,0.0,nan,3.1203467188199885,0.0,106.0,4798.0,24.0,0.0,1.318857142857143,,
noise,0.2,4200021,-0.4400000000002251,-0.4400000000002251,0.0,10.59,-11.030000000000225,-0.43999999999987266,-3.5244029916725594e-13,0.048869031768696156,-0.05144946857526174,-288.924384479263,0.7100000000001074,-0.09499999999998891,-0.14333333333334983,-0.29999999999998295,0.0,1.529455695015524,0.7549971444888635,7.0,-2.5,3.0,0.0,302,302,0,1102.0,1592,1426,0,0.17022613065326633,0.13844221105527638,0.8957286432160804,9.993377483443709,0.22006683233710692,0.108876683,0.9609800362976406,-0.0003992740471871371,0.0,nan,2.6427129365554154,0.0,97.0,4676.0,27.5,0.0,1.3358081096516277,,
noise,0.2,4200022,-3.579999999999984,-3.579999999999984,0.0,8.835,-12.414999999999985,-3.570000000000072,-0.009999999999912301,0.18040524988810697,-0.11339549636072639,-636.7942156840189,3.679999999999893,-0.06800000000001204,-0.5077777777777785,-1.734999999999829,0.047401484865790974,1.3290811477018813,0.5876641918903484,7.0,-2.0,2.5,-2.0,238,238,0,808.0,1637,1521,0,0.1240073304825901,0.09871716554673182,0.9291386682956628,13.268907563025211,0.21399780667706425,0.117598113,1.0934405940594059,-0.004430693069306911,0.0,nan,2.256694085087941,0.0,322.0,4837.0,48.0,0.0,1.4091428571428573,,
noise,0.2,4200023,-9.25999999999965,-9.25999999999965,0.0,7.83,-17.089999999999648,-9.260000000000058,4.085620730620576e-13,0.4040475085464127,-0.13096055437798965,-735.4341767276693,9.454999999999615,-0.10150000000002136,-1.0249999999999804,-4.875000000000114,-0.03712164477441462,1.2835085171904974,0.36379211878926326,15.0,-1.0,1.0,0.0,163,163,0,594.0,1500,1407,0,0.098,0.0792,0.938,17.834355828220858,0.2335831330046729,0.143652255,1.3181818181818181,-0.015589225589225,0.0,nan,2.248667372260651,4.0,347.0,4694.0,83.5,0.0,1.376927470017133,,
noise,0.2,4200024,-1.860000000000582,-1.860000000000582,0.0,11.92,-13.780000000000582,-1.859999999999927,-6.550315845288424e-13,0.19084251883444983,-0.055692890103775684,-312.7541340794649,3.1050000000001177,-0.09300000000002909,-0.4211111111111497,-2.3650000000001086,-0.06053683609366076,1.8000544276583161,0.9765848086807538,10.0,-3.0,3.0,0.0,332,332,0,1242.0,1616,1428,0,0.18378712871287128,0.1537128712871287,0.8836633663366337,9.168674698795181,0.21670755115551427,0.128632607,0.9597423510466989,-0.0014975845410632705,0.0,nan,3.1886817498504465,0.0,162.0,4763.0,20.5,0.0,1.3093196112064036,,
noise,0.2,4200025,0.8699999999997488,0.8699999999997488,0.0,11.305,-10.435000000000251,0.8799999999999456,-0.010000000000196851,0.04137888136067068,0.12014410269080694,674.6923122826088,0.4950000000002319,-0.0714999999999918,-0.09777777777780886,-0.14500000000001023,0.05711022272986865,1.5417822498137246,0.8520845231296402,6.0,-3.0,3.0,-2.0,360,360,0,1300.0,1578,1385,0,0.20215462610899873,0.16476552598225602,0.8776932826362485,8.230555555555556,0.22194248819225887,0.118218921,0.8696153846153846,0.000669230769230576,0.0,nan,2.113325720779104,0.0,65.0,4718.0,19.5,0.0,1.3171428571428572,,
noise,0.2,4200026,-2.800000000000125,-2.800000000000125,0.0,9.775,-12.575000000000125,-2.80000000000004,-8.526512829121202e-14,0.12084353900618418,-0.13240261028090144,-743.5323189567576,2.925000000000125,-0.09999999999999858,-0.3466666666666672,-1.384999999999934,0.006282124500285551,1.4864572151025337,0.626499143346659,11.0,-2.0,3.0,-5.0,257,257,0,949.0,1577,1437,0,0.1439441978440076,0.12035510462904249,0.9112238427393786,11.727626459143968,0.22218719893841274,0.124393774,1.030031612223393,-0.0029504741833510273,0.0,nan,2.5750723588628994,0.0,168.0,4852.0,46.5,0.0,1.3723586521987436,,
noise,0.2,4200027,-1.2499999999999432,-1.2499999999999432,0.0,11.715,-12.964999999999943,-1.2500000000002003,2.5712765250318625e-13,0.11640252763606262,-0.06136341957443794,-344.59808276060596,1.8549999999997908,-0.10900000000002447,-0.3094444444444441,-0.6399999999999437,0.0845231296402056,1.7469056557145808,0.8806396344945745,9.0,-3.0,3.0,0.0,332,332,0,1220.0,1598,1406,0,0.18335419274092615,0.15269086357947434,0.8798498122653317,9.048192771084338,0.21907435572117795,0.11560329,0.9602459016393443,-0.0010245901639343797,0.0,nan,1.823600129868968,0.0,138.0,4995.0,45.5,0.0,1.3098913664951402,,
noise,0.2,4200028,-4.890000000000043,-4.890000000000043,0.0,8.58,-13.470000000000043,-4.890000000000019,-2.398081733190338e-14,0.19694957386844475,-0.14187823103147315,-796.7444894364784,5.720000000000141,-0.060000000000030695,-0.5750000000000128,-1.5149999999999721,-0.06681896059394632,1.2693240041585634,0.49514563106796117,9.0,-3.0,2.0,0.0,164,164,0,560.0,1564,1482,0,0.09143222506393862,0.07161125319693094,0.9475703324808185,18.573170731707318,0.22366280985019207,0.2,1.5321428571428573,-0.008732142857142935,0.0,nan,2.7541590219578582,0.0,298.0,4851.0,157.5,0.0,1.3958810068649885,,
noise,0.2,4200029,-3.0900000000000176,-3.0900000000000176,0.0,8.55,-11.640000000000018,-3.090000000000129,1.1146639167236572e-13,0.11721724179231911,-0.15063605479155692,-845.925732884282,3.4850000000000847,-0.10000000000000142,-0.39944444444446486,-1.1749999999999545,-0.06681896059394632,1.3718184585697577,0.6881781838949171,7.0,-3.0,2.0,0.0,235,235,0,814.0,1545,1425,0,0.13592233009708737,0.10537216828478964,0.9223300970873787,12.638297872340425,0.22675127089889827,0.153080748,1.0503685503685503,-0.0037960687960688177,0.0,nan,1.8905757300215866,1.0,316.0,4815.0,113.5,0.0,1.3557966876070817,,
informed,0.0,4200000,13.714999999997872,13.714999999997872,0.0,41.46,-27.74500000000213,15.071316636179578,-1.356316636181706,0.7408945775487579,0.10577946032579626,594.0249007717536,16.17000000000189,-1.1415000000000872,-1.882222222222582,-3.2700000000004366,-0.047972587093089665,28.12850874416522,23.184466019417474,50.0,-47.0,42.0,25.0,595,595,0,2017.0,2059,1743,0,0.25012141816415734,0.19803632793323514,0.8465274405050995,6.389915966386555,0.16660763031307735,0.1,2.0555280118988595,0.0067997025285066294,0.0,nan,3.2516418387199857,0.0,0.0,7282.0,65.5,0.0,1.9451114922813035,,
informed,0.0,4200001,-10.000000000001364,-10.000000000001364,0.0,38.58,-48.58000000000136,-10.278788947677631,0.27878894767626683,1.0625856866829317,-0.05377717567535424,-301.9960713161919,27.1299999999992,-2.066499999999735,-3.127222222222321,-5.280000000001564,-14.625356938892061,26.009599709940524,25.180468303826384,50.0,-50.0,43.0,-10.0,531,531,0,1820.0,1968,1666,0,0.23373983739837398,0.18778373916632274,0.8465447154471545,6.8436911487758945,0.17138531566174975,0.1,2.11978021978022,-0.005494505494506244,0.0,nan,3.0861418259963513,0.0,0.0,7299.0,80.0,0.0,1.9439679817038307,,
informed,0.0,4200002,10.319999999998345,10.319999999998345,0.0,40.58,-30.260000000001654,10.063706983807329,0.25629301619101597,0.8576324496655078,0.0687607244740087,386.1390709204248,10.870000000000346,-1.523999999999978,-2.377222222222132,-3.800000000000182,2.0171330668189604,26.14146252270158,22.185037121644775,50.0,-45.0,40.0,-23.0,572,572,0,1995.0,2006,1682,0,0.24675972083748754,0.1999599077879122,0.8384845463609173,6.4475524475524475,0.1712034616227545,0.1,2.0340852130325815,0.005172932330826238,0.0,nan,3.055265013078451,0.0,0.0,7307.0,30.5,0.0,1.921264367816092,,
informed,0.0,4200003,5.609999999999673,5.609999999999673,0.0,28.87,-23.26000000000033,8.114114691707414,-2.5041146917077413,0.6817474986300637,0.04702201756743979,264.06118194927376,10.979999999999563,-1.0490000000002055,-1.732222222222188,-3.555000000000291,-3.162193032552827,26.712783075835205,23.333523700742433,50.0,-39.0,45.0,-46.0,428,428,0,1430.0,1789,1569,0,0.20905533817775293,0.1611267605633803,0.8770262716601454,7.845794392523365,0.19417145623391163,0.1,2.018881118881119,0.003923076923076694,0.0,nan,2.6473606636809905,0.0,0.0,6985.0,38.5,0.0,1.859437751004016,,
informed,0.0,4200004,-5.540000000000873,-5.540000000000873,0.0,39.575,-45.115000000000876,-4.934782846386898,-0.6052171536139754,1.034690440209397,-0.030595762391253157,-171.81638725063607,20.57999999999811,-1.8084999999999125,-2.763888888888889,-4.490000000000691,5.366076527698458,34.59370397375075,32.07538549400343,50.0,-50.0,50.0,-38.0,566,566,0,1900.0,1881,1569,0,0.25465178096757046,0.20578360229611178,0.8341307814992025,6.095406360424028,0.1706707425332624,0.1,2.082894736842105,-0.0029157894736846703,0.0,nan,3.017799472340875,0.0,0.0,7307.0,59.5,0.0,1.9890992541594952,,
informed,0.0,4200005,11.549999999998136,11.549999999998136,0.0,39.505,-27.955000000001867,11.4106078226914,0.13939217730673548,0.9753480074475716,0.06766815484937265,380.0035360929476,14.4300000000012,-1.639999999999145,-2.366666666666333,-3.909999999998945,24.283837806967448,23.777427069409413,30.489434608794973,50.0,-29.0,50.0,20.0,530,530,0,1870.0,1966,1654,0,0.23652085452695829,0.19342159702110054,0.8413021363173957,6.830188679245283,0.16794779753105907,0.1,2.1125668449197863,0.006176470588234297,0.0,nan,2.7510594373759716,0.0,0.0,7268.0,51.5,0.0,1.9415472779369627,,
informed,0.0,4200006,9.339999999996564,9.339999999996564,0.0,38.405,-29.065000000003437,9.083135327371439,0.2568646726251256,0.6728980079209985,0.07931577734388984,445.41300004012845,9.290000000001669,-1.0354999999996608,-1.823333333333494,-2.5650000000005093,-18.98286693318104,13.676391385505292,19.439748715019988,50.0,-45.0,0.0,-5.0,552,552,0,1867.0,1950,1662,0,0.24307692307692308,0.1928121449963854,0.8523076923076923,6.543478260869565,0.17812595369455853,0.1,2.057043385109802,0.0050026780931958035,0.0,nan,2.7738432916430313,0.0,0.0,7307.0,73.5,0.0,1.9358166189111747,,
informed,0.0,4200007,12.510000000001128,12.510000000001128,0.0,38.13,-25.619999999998875,13.169146478811662,-0.6591464788105341,1.16583208337815,0.06131733317767477,344.3392757372023,11.729999999999563,-1.716999999999325,-3.095000000000002,-6.119999999999436,10.726442033123929,29.08162134440481,26.181610508280983,50.0,-50.0,49.0,30.0,542,542,0,1872.0,1890,1582,0,0.24656084656084656,0.20103092783505155,0.837037037037037,6.405904059040591,0.17514559807627117,0.1,2.0368589743589745,0.00668269230769291,0.0,nan,2.919391044277329,0.0,0.0,7057.0,24.0,0.0,1.8880597014925373,,
informed,0.0,4200008,20.949999999998,20.949999999998,0.0,37.305,-16.355000000002,21.228324514991556,-0.2783245149935567,0.7921258887609289,0.1511303789117858,848.7017050395912,8.125,-1.1414999999996325,-1.6772222222221242,-3.25,13.801827527127356,21.60956482486392,22.401484865790977,50.0,-30.0,43.0,-27.0,528,528,0,1799.0,1908,1625,0,0.2389937106918239,0.18926880589163597,0.8516771488469602,6.691287878787879,0.17954032295487934,0.1,2.0736520289049474,0.011645358532516954,0.0,nan,2.3685567331071598,0.0,0.0,7045.0,29.0,0.0,1.852637614678899,,
informed,0.0,4200009,23.100000000003547,23.100000000003547,0.0,36.480000000000004,-13.379999999996457,26.85735042735142,-3.7573504273478733,0.7208932438062985,0.18310616881781766,1028.2679021777408,4.1150000000002365,-0.908000000000129,-1.2894444444447497,-2.1400000000003274,13.324957167332952,20.34996634944728,19.728155339805824,50.0,-20.0,48.0,-37.0,517,517,0,1727.0,1939,1680,0,0.23104693140794225,0.18098931041710334,0.8664259927797834,7.0,0.17814933476406816,0.1,2.1123335263462653,0.013375796178346003,0.0,nan,2.6934172564036936,0.0,0.0,7121.0,27.5,0.0,1.9268153230417382,,
informed,0.0,4200010,13.660000000002867,13.660000000002867,0.0,36.25,-22.589999999997133,13.619999999996487,0.04000000000637982,0.7421587780847961,0.10517579952175779,590.6349274431478,9.550000000000637,-0.8190000000000052,-2.1305555555554494,-3.7049999999999272,-1.9600228440890919,19.977388725953983,15.607081667618504,50.0,-38.0,34.0,2.0,502,502,0,1738.0,1900,1631,0,0.2336842105263158,0.18352692713833157,0.858421052631579,7.03386454183267,0.18359079164699682,0.1,2.0857307249712314,0.007859608745686345,0.0,nan,2.43555027633325,0.0,0.0,6947.0,46.5,0.0,1.835812356979405,,
informed,0.0,4200011,17.94999999999891,17.94999999999891,0.0,44.415,-26.46500000000109,20.671207599248074,-2.7212075992491656,0.9002762757854904,0.11393327951681148,639.8142404123192,8.019999999998618,-1.6405000000000654,-2.157222222222016,-3.3699999999989814,-22.4346087949743,20.7000037619221,26.790976584808682,50.0,-50.0,17.0,-50.0,645,645,0,2108.0,2023,1696,0,0.26940187839841817,0.21139189731247493,0.8383588729609491,5.765891472868217,0.16785473815578633,0.1,2.1069734345351043,0.008515180265654131,0.0,nan,3.5408992441325,0.0,0.0,7256.0,28.5,0.0,1.9982768523836876,,
informed,0.0,4200012,0.5599999999940337,0.5599999999940337,0.0,43.87,-43.310000000005964,4.300800000001911,-3.7408000000078774,0.9104808253517926,0.003514626459848275,19.73706074535539,11.195000000001528,-1.540499999999701,-2.8255555555554364,-4.110000000000127,-2.0445459737292975,30.69896321256955,26.25699600228441,50.0,-48.0,49.0,-42.0,612,612,0,2108.0,1980,1649,0,0.2681818181818182,0.2160943106099436,0.8328282828282828,5.9297385620915035,0.16922022604651163,0.1,2.0811195445920303,0.00026565464895352643,0.0,nan,3.4159378340905695,0.0,0.0,7188.0,37.5,0.0,1.9649626651349799,,
informed,0.0,4200013,4.9800000000071805,4.9800000000071805,0.0,45.84,-40.85999999999282,4.923333333333402,0.05666666667377829,0.9933065743962919,0.02864890215236868,160.8834191993915,16.699999999995043,-1.8739999999994323,-2.6388888888887374,-4.864999999999782,2.621359223300971,33.00942150578833,29.45631067961165,50.0,-48.0,46.0,-2.0,651,651,0,2206.0,2123,1767,0,0.2675459255770137,0.21124198027386767,0.832312764955252,5.975422427035331,0.15825789929467232,0.1,2.0779691749773344,0.002257479601091197,0.0,nan,3.8740525858666075,0.0,0.0,7434.0,86.5,0.0,1.978711162255466,,
informed,0.0,4200014,-2.0150000000035106,-2.0150000000035106,0.0,40.18,-42.19500000000351,-2.1479543864424726,0.13295438643896196,0.789926061265281,-0.014576409462757213,-81.85663037090772,21.515000000003965,-1.504500000000098,-1.9411111111114425,-2.910000000000764,4.857795545402627,29.080321534774185,25.632210165619647,50.0,-32.0,50.0,-17.0,565,565,0,1925.0,1888,1573,0,0.2552966101694915,0.20685579196217493,0.833156779661017,6.125663716814159,0.17878471715482502,0.1,2.0872727272727274,-0.0010467532467550705,0.0,nan,2.95500329806142,0.0,0.0,7144.0,79.0,0.0,1.8998282770463653,,
informed,0.0,4200015,31.43499999999858,31.43499999999858,0.0,46.14,-14.70500000000142,32.21757062259852,-0.7825706225999411,0.632661550206717,0.2839252225299153,1594.4366857277346,5.1200000000008,-0.88400000000006,-1.3577777777776987,-1.889999999999418,-1.4945745288406624,25.371142252553952,21.999428897772702,50.0,-44.0,34.0,-39.0,619,619,0,2217.0,2108,1747,0,0.2528462998102467,0.21144492131616596,0.8287476280834914,6.22778675282714,0.16433193996153847,0.1,2.081190798376184,0.014179070816417944,0.0,nan,2.5260551884752633,0.0,0.0,7589.0,42.0,0.0,1.9799311926605505,,
informed,0.0,4200016,18.80000000000166,18.80000000000166,0.0,41.12,-22.319999999998338,18.537258338253046,0.26274166174861335,0.7412871023729902,0.1449216789077851,813.8355562386912,11.030000000000655,-0.9195000000000162,-2.010000000000117,-5.960000000000036,10.024557395773844,17.880368108519555,17.01713306681896,50.0,-21.0,45.0,8.0,584,584,0,2000.0,1972,1659,0,0.25760649087221094,0.20456172650097168,0.8412778904665315,6.217465753424658,0.17614371921472083,0.1,2.056,0.00940000000000083,0.0,nan,3.2830020553235206,0.0,0.0,7248.0,35.5,0.0,1.972461273666093,,
informed,0.0,4200017,19.37499999999794,19.37499999999794,0.0,39.04,-19.66500000000206,19.36333333333255,0.011666666665387737,0.9393143308558496,0.11786713145683342,661.9055424583406,12.270000000001346,-1.1165000000002692,-2.4683333333335518,-4.1800000000012005,13.691033695031411,24.54855500753039,24.937178754997145,50.0,-36.0,50.0,-1.0,550,550,0,1885.0,1993,1696,0,0.24234821876567988,0.19021190716448033,0.8509784244856999,6.707272727272727,0.16973029388397792,0.1,2.071087533156499,0.010278514588858324,0.0,nan,3.297153911452707,0.0,0.0,7228.0,74.0,0.0,1.9971280873061459,,
informed,0.0,4200018,20.709999999999695,20.709999999999695,0.0,40.885,-20.175000000000303,20.43368421052731,0.27631578947238467,0.8259150948144341,0.14328695272174988,804.6554369843699,8.574999999998909,-0.9280000000004519,-2.1533333333330926,-5.765000000000327,16.11707595659623,21.408498654429756,23.24328954882924,50.0,-24.0,47.0,9.0,556,556,0,1947.0,1951,1636,0,0.2450025627883137,0.20113636363636364,0.8385443362378268,6.451438848920863,0.17488203478193948,0.1,2.0998972778633798,0.010636877247046582,0.0,nan,3.0222082087064175,0.0,0.0,7319.0,41.0,0.0,1.9346330275229358,,
informed,0.0,4200019,11.72000000000071,11.72000000000071,0.0,35.86,-24.13999999999929,12.10827876216764,-0.38827876216693014,0.9646360306315866,0.06942662978033662,389.87859022120875,12.089999999999236,-1.1975000000001272,-2.647777777777618,-4.589999999999236,6.974871501998858,26.50343872117127,23.547115933752142,50.0,-43.0,46.0,-24.0,528,528,0,1748.0,1941,1669,0,0.23802163833075735,0.1820454072068319,0.859866048428645,6.837121212121212,0.17506095303249097,0.1,2.051487414187643,0.006704805491991253,0.0,nan,3.1923246645773844,0.0,0.0,7230.0,37.5,0.0,1.934021801491681,,
informed,0.0,4200020,19.9299999999962,19.9299999999962,0.0,38.300000000000004,-18.370000000003806,20.61865670015562,-0.6886567001594202,0.7068117167645098,0.1611259570045245,904.8337959616642,5.960000000000491,-0.6540000000003602,-1.553888888888802,-2.7649999999998727,16.81781838949172,21.446743625669647,23.524842946887492,50.0,-23.0,46.0,-20.0,527,527,0,1792.0,1920,1640,0,0.23333333333333334,0.1883342091434577,0.8541666666666666,6.755218216318785,0.1797620392570386,0.1,2.1372767857142856,0.011121651785712163,0.0,nan,2.7484583318567113,0.0,0.0,7182.0,14.5,0.0,1.8606510565391206,,
informed,0.0,4200021,4.129999999999654,4.129999999999654,0.0,41.61,-37.480000000000345,5.593217122393059,-1.463217122393405,0.8720906707052121,0.027061406333946898,151.96853115676834,15.879999999998745,-1.541999999999598,-2.5033333333334564,-5.025000000000546,10.155910908052542,26.990770217614994,25.070816676185036,50.0,-34.0,49.0,-34.0,575,575,0,1974.0,2036,1725,0,0.24901768172888017,0.19583333333333333,0.8472495088408645,6.540869565217391,0.16776691921927236,0.1,2.10790273556231,0.0020921985815601086,0.0,nan,2.9166185933138373,0.0,0.0,7193.0,37.0,0.0,1.972,,
informed,0.0,4200022,19.249999999999773,19.249999999999773,0.0,42.93,-23.680000000000227,19.288095238097945,-0.0380952380981725,0.9409765042811705,0.11689983703050029,656.4735145972619,12.820000000001698,-1.1729999999999108,-2.5100000000000855,-4.360000000000127,-12.897772701313535,26.375367743298895,25.93489434608795,50.0,-46.0,39.0,-16.0,588,588,0,2030.0,2024,1708,0,0.25296442687747034,0.2029188324670132,0.8438735177865613,6.346938775510204,0.16986908411078142,0.1,2.1147783251231527,0.009482758620689544,0.0,nan,2.964927043458081,0.0,0.0,7250.0,49.0,0.0,1.941614195764167,,
informed,0.0,4200023,1.9299999999939246,1.9299999999939246,0.0,36.59,-34.66000000000608,1.8499999999941377,0.07999999999978691,0.9708587703948379,0.011359604264636256,63.79204219159118,24.0550000000012,-1.8154999999999744,-2.6738888888888948,-3.730000000000473,-15.229011993146774,29.861924458685053,29.498572244431752,50.0,-50.0,45.0,18.0,537,537,0,1774.0,1931,1637,0,0.24029000517866392,0.1890250399573788,0.84774728120145,6.644320297951583,0.17374673391498185,0.1,2.0625704622322436,0.001087936865836485,0.0,nan,2.4567633202563584,0.0,0.0,7065.0,47.5,0.0,1.8846153846153846,,
informed,0.0,4200024,25.889999999999873,25.889999999999873,0.0,37.58,-11.690000000000126,26.636800257596708,-0.7468002575968349,0.6661010219393256,0.22210273257369711,1247.2606049593455,5.864999999998872,-0.7665000000002238,-1.3561111111112294,-2.75,4.774414620217019,25.01047060886881,21.587664191890347,50.0,-39.0,40.0,-26.0,535,535,0,1790.0,1857,1583,0,0.24878836833602586,0.19393282773564463,0.8524501884760366,6.429906542056075,0.18333774850458223,0.1,2.099441340782123,0.014463687150837918,0.0,nan,2.4619469038019206,0.0,0.0,7207.0,22.0,0.0,1.8379152348224512,,
informed,0.0,4200025,17.0450000000028,17.0450000000028,0.0,34.71,-17.6649999999972,16.804029904409475,0.24097009559332605,0.7085250261237849,0.1374686798755355,771.9818069668736,7.614999999999782,-1.1565000000001873,-1.6466666666666596,-2.0399999999999636,-5.169046259280411,26.82421532634144,24.118218161050827,50.0,-45.0,34.0,-33.0,510,510,0,1679.0,1919,1664,0,0.22720166753517457,0.17618048268625394,0.8671182907764461,7.025490196078431,0.17910008073187272,0.1,2.0673019654556284,0.010151876116737821,0.0,nan,2.657576400891685,0.0,0.0,7081.0,70.5,0.0,1.936426116838488,,
informed,0.0,4200026,4.860000000001037,4.860000000001037,0.0,40.63,-35.769999999998966,6.006499793155586,-1.1464997931545495,1.0501144733908208,0.026446096378198204,148.51313977661061,11.695000000001073,-1.5569999999999249,-2.7361111111108585,-4.3400000000001455,20.01713306681896,26.348903162968437,29.731581953169616,50.0,-30.0,50.0,-40.0,562,562,0,1970.0,2031,1727,0,0.24766125061546038,0.19927169734978759,0.8503200393894633,6.686832740213523,0.16502037738344014,0.1,2.06243654822335,0.002467005076142658,0.0,nan,3.1945813599712327,0.0,0.0,7239.0,42.5,0.0,1.967853042479908,,
informed,0.0,4200027,11.159999999997126,11.159999999997126,0.0,44.765,-33.605000000002875,11.150831911788428,0.009168088208697966,1.0654575425802173,0.059853561519661265,336.1191845094166,10.929999999999836,-2.052999999999929,-2.511666666666871,-2.9149999999999636,5.878926327812678,32.59917287565367,29.93032552826956,50.0,-48.0,48.0,-6.0,637,637,0,2152.0,2022,1667,0,0.26904055390702275,0.21765955294831596,0.824431256181998,5.791208791208791,0.16547752476435643,0.1,2.0801579925650557,0.00518587360594662,0.0,nan,2.4263790905818126,0.0,0.0,7384.0,58.0,0.0,1.9781357882623705,,
informed,0.0,4200028,-11.579999999999018,-11.579999999999018,0.0,40.31,-51.88999999999902,-10.51588684752296,-1.0641131524760574,1.1460114110913193,-0.05774063672578049,-324.2536490154988,22.080000000000837,-2.381500000000142,-3.2750000000002424,-5.350000000001273,6.235294117647059,29.800948808228608,25.1730439748715,50.0,-48.0,50.0,43.0,562,562,0,1937.0,1956,1632,0,0.24897750511247443,0.2023610530714584,0.8343558282208589,6.384341637010676,0.1692353857205732,0.1,2.0810531750129067,-0.005978316985027887,0.0,nan,2.902420351274,0.0,0.0,7325.0,58.0,0.0,1.9223245109321059,,
informed,0.0,4200029,-4.819999999994252,-4.819999999994252,0.0,35.160000000000004,-39.979999999994256,-3.7439650660864725,-1.0760349339077795,0.9927879107827864,-0.027742941713610816,-155.79582414002218,16.25999999999658,-1.7345000000002981,-2.5477777777778607,-5.669999999999163,28.90005711022273,15.437009494479842,29.19931467732724,50.0,5.0,50.0,41.0,496,496,0,1705.0,1733,1460,0,0.24812463935372187,0.2008718190386428,0.842469705712637,6.4375,0.18786628689197,0.1,2.0621700879765394,-0.002826979472137391,0.0,nan,2.302231850736479,0.0,0.0,7127.0,62.5,0.0,1.8798850574712644,,
informed,0.005,4200000,6.014999999999077,6.014999999999077,0.0,43.135,-37.12000000000092,6.010000000000028,0.004999999999048654,0.22978039062247022,0.14958381991740818,840.0167056045091,3.1550000000007685,-0.29599999999996235,-0.6672222222222138,-1.3650000000001796,-0.1393489434608795,5.007475785209612,3.6116504854368934,24.0,-9.0,7.0,9.0,666,666,0,2305.0,2492,2155,0,0.24157303370786518,0.18499197431781703,0.8647672552166934,6.9774774774774775,0.14024949122730923,0.1,1.8713665943600868,0.002609544468546237,0.0,nan,3.7407106714143685,0.0,0.0,7417.0,66.5,0.0,1.892959358900973,,
informed,0.005,4200001,11.750000000000057,11.750000000000057,0.0,43.68,-31.929999999999943,11.73999999999996,0.010000000000097486,0.2395292489107478,0.28031172580462566,1574.1443999941139,2.7600000000000477,-0.27200000000001406,-0.5505555555555665,-1.2550000000002228,-1.162193032552827,5.1281653137644625,3.906910336950314,28.0,-9.0,7.0,-2.0,653,653,0,2344.0,2389,2037,0,0.25156969443281707,0.196232733361239,0.8526580159062369,6.777947932618683,0.14596100642228738,0.1,1.863481228668942,0.005012798634812311,0.0,nan,3.1789476515058124,0.0,0.0,7391.0,86.0,0.0,1.9059633027522935,,
informed,0.005,4200002,3.999999999999403,3.999999999999403,0.0,36.96,-32.9600000000006,3.969999999999581,0.02999999999982217,0.2910866623392345,0.07852349768778333,440.96380127646853,2.3300000000001546,-0.27499999999998287,-0.8516666666666973,-2.065000000000282,-0.9274700171330669,4.948263959696865,3.679040548258138,26.0,-8.0,7.0,-2.0,565,565,0,2056.0,2306,1995,0,0.22506504770164787,0.17831743278404164,0.8651344319167389,7.612389380530973,0.1510001442248264,0.1,1.7976653696498055,0.0019455252918285035,0.0,nan,3.366376619857266,0.0,0.0,7306.0,35.5,0.0,1.8924669350201264,,
informed,0.005,4200003,7.879999999999654,7.879999999999654,0.0,33.26,-25.380000000000344,8.150000000000036,-0.2700000000003815,0.1843959516775673,0.2441950108932213,1371.324042191469,1.5400000000003615,-0.22600000000011844,-0.42666666666670966,-0.6900000000001683,0.5545402627070246,5.206777499319465,3.9720159908623645,18.0,-8.0,10.0,-8.0,509,509,0,1750.0,2040,1784,0,0.221078431372549,0.1715686274509804,0.8745098039215686,7.512770137524558,0.17120817188910697,0.1,1.9005714285714286,0.004502857142856946,0.0,nan,3.188047078650963,0.0,0.0,7073.0,40.5,0.0,1.8367697594501717,,
informed,0.005,4200004,8.984999999998777,8.984999999998777,0.0,39.965,-30.980000000001226,9.020000000000797,-0.03500000000201986,0.18898867916850856,0.2716716015411228,1525.6241207028868,2.4299999999998363,-0.25299999999992334,-0.4683333333333779,-0.6850000000000591,0.15305539691604797,4.6020990141636355,3.506567675613935,19.0,-7.0,7.0,-1.0,615,615,0,2131.0,2265,1952,0,0.23841059602649006,0.18816777041942606,0.8618101545253863,6.856910569105691,0.15431028412903228,0.1,1.8754106053496011,0.004216330361332134,0.0,nan,3.2079223885264185,0.0,0.0,7372.0,63.5,0.0,1.9198626216370922,,
informed,0.005,4200005,9.780000000000655,9.780000000000655,0.0,42.855000000000004,-33.07499999999935,9.790000000000363,-0.009999999999708464,0.2216083803019058,0.2521823146289988,1416.178282272348,2.0650000000001114,-0.24899999999987724,-0.5044444444444657,-1.3299999999999272,0.653912050256996,4.708418084458497,3.5859508852084523,18.0,-8.0,8.0,14.0,631,631,0,2276.0,2350,2003,0,0.24468085106382978,0.19370212765957448,0.8523404255319149,6.898573692551506,0.14873954165758094,0.1,1.882908611599297,0.004297012302284998,0.0,nan,4.018480716754653,0.0,0.0,7246.0,55.0,0.0,1.8642611683848798,,
informed,0.005,4200006,8.799999999999528,8.799999999999528,0.0,39.865,-31.065000000000474,8.799999999999926,-3.979039320256561e-13,0.2503174503389062,0.20088776958070434,1128.1239006504497,2.3250000000003297,-0.1830000000000268,-0.6172222222222545,-2.1399999999999295,-0.2581382067390063,4.429492143086145,3.241576242147344,19.0,-8.0,6.0,0.0,593,593,0,2106.0,2275,1974,0,0.2347252747252747,0.18514285714285714,0.8676923076923077,7.165261382799326,0.15333338850505937,0.1,1.8929249762583096,0.004178537511870621,0.0,nan,3.6127004782373073,0.0,0.0,7213.0,77.5,0.0,1.892836676217765,,
informed,0.005,4200007,4.180000000000064,4.180000000000064,0.0,39.445,-35.26499999999994,4.217500000000445,-0.03750000000038156,0.28071089674852934,0.08509008578713034,477.8397394984026,4.199999999999932,-0.40049999999995956,-0.8911111111110981,-1.3749999999998863,0.15248429468874927,5.256976365761592,3.8029697315819533,27.0,-8.0,9.0,3.0,598,598,0,2131.0,2276,1955,0,0.24077328646748683,0.18725834797891036,0.8589630931458699,7.075250836120401,0.15322720375417764,0.1,1.851008916001877,0.001961520412951696,0.0,nan,3.205617043611203,0.0,0.0,6978.0,23.5,0.0,1.8535469107551488,,
informed,0.005,4200008,2.820000000000249,2.820000000000249,0.0,37.835,-35.01499999999975,2.7814285714278237,0.03857142857242524,0.27196346224215917,0.059251656753578186,332.7390725496343,3.6900000000000546,-0.36100000000008653,-0.8372222222222061,-1.6099999999999852,-0.05996573386636208,4.5328109993303825,3.076527698458024,24.0,-6.0,7.0,-2.0,597,597,0,2106.0,2287,1972,0,0.23524267599475296,0.18417140358548317,0.8622649759510276,7.134003350083752,0.15286711054310723,0.1,1.7965337132003798,0.0013390313390314573,0.0,nan,3.7751290587060082,0.0,0.0,7140.0,33.5,0.0,1.825242718446602,,
informed,0.005,4200009,8.625,8.625,0.0,41.980000000000004,-33.355000000000004,8.950000000000259,-0.32500000000025864,0.23845450317010822,0.20668812553543994,1160.696914918442,2.2800000000000864,-0.24300000000000635,-0.6033333333333357,-1.264999999999759,0.11707595659623073,4.20185971098288,3.1781838949171903,19.0,-6.0,6.0,-19.0,628,628,0,2239.0,2394,2046,0,0.23475355054302421,0.18705096073517127,0.8546365914786967,7.070063694267516,0.14599811270652174,0.1,1.8749441715051363,0.0038521661456007144,0.0,nan,3.4055105096467053,0.0,0.0,7207.0,28.0,0.0,1.9165237278444827,,
informed,0.005,4200010,3.37999999999991,3.37999999999991,0.0,36.72,-33.34000000000009,3.3433333333329784,0.036666666666931746,0.2842126421258894,0.06795716604939098,381.6265340632913,3.6700000000001296,-0.35999999999997384,-0.7938888888889531,-2.3750000000002274,0.7509994288977727,5.704779512039178,4.184466019417476,26.0,-9.0,11.0,-2.0,549,549,0,1934.0,2180,1873,0,0.22522935779816514,0.17743119266055046,0.8591743119266055,7.382513661202186,0.15977897074885217,0.1,1.8986556359875906,0.0017476732161323216,0.0,nan,2.7979649826405018,0.0,0.0,7114.0,53.5,0.0,1.8304597701149425,,
informed,0.005,4200011,7.9350000000013665,7.9350000000013665,0.0,44.83,-36.89499999999863,7.860000000001269,0.07500000000009788,0.2478010119904855,0.18298091996737254,1027.5645431728046,2.6350000000007014,-0.28850000000000475,-0.6383333333332833,-1.5449999999999875,-0.6927470017133067,5.148325255236644,3.78697886921759,21.0,-9.0,7.0,-5.0,665,665,0,2375.0,2400,2052,0,0.25333333333333335,0.19791666666666666,0.855,6.6947368421052635,0.14495392318890743,0.1,1.887578947368421,0.003341052631579523,0.0,nan,3.0180390311177265,0.0,0.0,7348.0,33.5,0.0,1.952326249282022,,
informed,0.005,4200012,0.9349999999987659,0.9349999999987659,0.0,47.410000000000004,-46.47500000000124,0.9433333333339479,-0.008333333335181936,0.3957368322434786,0.013501035808471012,75.81766282170256,6.835000000001514,-0.3685000000001536,-1.2205555555556313,-3.2950000000003,-0.1473443746430611,5.081179096589434,3.506567675613935,25.0,-8.0,7.0,-1.0,685,685,0,2467.0,2409,2038,0,0.25653798256537985,0.20481527604815275,0.8459941884599419,6.491970802919708,0.14433156038928127,0.1,1.9217673287393595,0.0003790028374538978,0.0,nan,6.25285323820343,0.0,4.0,7181.0,36.0,0.0,1.909718228867165,,
informed,0.005,4200013,6.200000000002092,6.200000000002092,0.0,39.58,-33.37999999999791,6.179999999999048,0.02000000000304425,0.23020721371830183,0.15389861532287316,864.2472689358734,2.0949999999999136,-0.39349999999990926,-0.64277777777773,-0.9000000000000057,0.11136493432324386,5.032463648151271,3.6282124500285553,22.0,-7.0,7.0,6.0,603,603,0,2128.0,2326,2005,0,0.2343078245915735,0.1829750644883921,0.8619948409286329,7.182421227197347,0.14983349000129087,0.1,1.8599624060150375,0.0029135338345874493,0.0,nan,4.328110817352543,0.0,0.0,7140.0,84.5,0.0,1.8925904652498564,,
informed,0.005,4200014,-1.3150000000000404,-1.3150000000000404,0.0,39.86,-41.17500000000004,-1.3100000000006715,-0.004999999999368843,0.406169686768866,-0.01850036070900093,-103.89233316712141,5.095000000000468,-0.35649999999999976,-1.231666666666655,-3.8650000000002365,0.7624214734437464,4.557968987023305,3.31296402055968,23.0,-6.0,9.0,1.0,622,622,0,2183.0,2307,1979,0,0.23840485478977028,0.18925010836584308,0.857824013870828,6.890675241157556,0.1511357908624729,0.1,1.825927622537792,-0.0006023820430600276,0.0,nan,4.37902707234986,0.0,0.0,7101.0,90.0,0.0,1.8609044075558099,,
informed,0.005,4200015,1.1500000000003183,1.1500000000003183,0.0,40.815,-39.66499999999968,0.5500000000008552,0.5999999999994631,0.3100560095596056,0.021194327375767538,119.02082103215342,4.01500000000064,-0.5709999999997734,-0.9233333333332452,-1.4699999999999847,-0.7087378640776699,5.122344212255656,3.5711022272986863,25.0,-9.0,7.0,12.0,640,640,0,2254.0,2430,2085,0,0.23045267489711935,0.18551440329218108,0.8580246913580247,7.0546875,0.14380943934102144,0.1,1.8107808340727596,0.0005102040816327943,0.0,nan,2.938069294128846,0.0,0.0,7555.0,43.5,0.0,1.9140893470790379,,
informed,0.005,4200016,8.074999999997843,8.074999999997843,0.0,42.285000000000004,-34.21000000000216,8.049999999999596,0.02499999999824709,0.2669427962804935,0.17285672355945364,970.7101713686299,2.325000000000159,-0.25349999999999107,-0.7500000000001248,-1.3800000000000239,0.4568817818389492,5.055742649462589,3.6093660765276985,22.0,-7.0,9.0,1.0,645,645,0,2275.0,2280,1922,0,0.2469298245614035,0.19956140350877194,0.8429824561403508,6.514728682170543,0.1524899276290606,0.1,1.8586813186813187,0.0035494505494496013,0.0,nan,3.780712803313883,0.0,0.0,7330.0,39.5,0.0,1.8914417001723147,,
informed,0.005,4200017,11.470000000000482,11.470000000000482,0.0,39.645,-28.17499999999952,11.427142857142401,0.04285714285808062,0.20120432555979464,0.32575272405553546,1829.3270639425646,1.3450000000001978,-0.2629999999999583,-0.40944444444441314,-0.6299999999997681,1.2284408909194746,5.009335866890648,3.9571673329525985,25.0,-7.0,9.0,-6.0,570,570,0,2100.0,2262,1946,0,0.23297966401414677,0.1856763925729443,0.8603006189213086,7.382456140350877,0.15402582718672567,0.1,1.887857142857143,0.005461904761904991,0.0,nan,2.795193421174389,0.0,0.0,7058.0,72.5,0.0,1.8719862227324915,,
informed,0.005,4200018,5.730000000000246,5.730000000000246,0.0,48.795,-43.064999999999756,5.759999999999144,-0.02999999999889802,0.2884952381982231,0.113495312253165,637.3547510225305,2.905000000000257,-0.5509999999997361,-0.8911111111110885,-1.2899999999997362,0.07538549400342662,4.510287062476851,3.3797829811536264,20.0,-7.0,8.0,-5.0,731,731,0,2601.0,2567,2187,0,0.25866770549279317,0.20264900662251656,0.851967276977016,6.503419972640219,0.135871215702924,0.1,1.8760092272203,0.002202998846597557,0.0,nan,4.088065038823038,0.0,0.0,7384.0,50.5,0.0,1.93348623853211,,
informed,0.005,4200019,2.734999999999445,2.734999999999445,0.0,34.44,-31.705000000000553,2.5099999999990925,0.2250000000003527,0.29198567963175637,0.053525129890885564,300.5806597452895,4.395000000000323,-0.25600000000001155,-0.8561111111111409,-2.359999999999715,-0.09251856082238721,5.0398192833098605,3.7030268418046832,30.0,-8.0,9.0,15.0,526,526,0,1837.0,2169,1893,0,0.21991701244813278,0.16938681420009222,0.8727524204702628,7.722433460076045,0.1610431415362252,0.1,1.874795862819815,0.0014888405008162467,0.0,nan,3.197842531847476,0.0,0.0,7061.0,36.0,0.0,1.8471665712650258,,
informed,0.005,4200020,13.079999999999927,13.079999999999927,0.0,39.045,-25.965000000000074,13.12361111110987,-0.04361111110994287,0.22100883412637162,0.33818945490712454,1899.167917613838,1.449999999999818,-0.2575000000002561,-0.5066666666665706,-1.1050000000000892,-0.35237007424328953,5.67507740214913,4.238149628783552,38.0,-9.0,9.0,-6.0,576,576,0,2072.0,2177,1859,0,0.23977951309141018,0.19035369774919614,0.8539274230592558,7.006944444444445,0.16014450892045978,0.1,1.884411196911197,0.0063127413127412775,0.0,nan,3.559426707105477,0.0,0.0,7058.0,14.5,0.0,1.8048220436280138,,
informed,0.005,4200021,8.580000000000979,8.580000000000979,0.0,42.21,-33.62999999999902,8.650317460316323,-0.07031746031534425,0.25541531265295325,0.191956272783045,1077.9673628629434,3.4449999999994816,-0.2629999999999882,-0.6049999999999613,-1.7649999999998727,0.42547115933752144,5.177490709172872,3.8635065676756137,27.0,-7.0,8.0,-2.0,623,623,0,2234.0,2399,2074,0,0.23593163818257606,0.1862442684451855,0.8645268862025844,7.179775280898877,0.145811487563204,0.1,1.8894359892569381,0.0038406445837067945,0.0,nan,3.0833060360558338,0.0,0.0,7257.0,39.5,0.0,1.9308571428571428,,
informed,0.005,4200022,4.5699999999987995,4.5699999999987995,0.0,38.82,-34.2500000000012,4.440000000000213,0.1299999999985868,0.2344969881222899,0.11136298987627205,625.380284671067,3.0400000000000773,-0.3449999999999931,-0.6816666666666672,-1.3399999999997476,-0.1604797258709309,4.29999436846551,3.2615648201027985,26.0,-7.0,7.0,-9.0,603,603,0,2123.0,2255,1944,0,0.2376940133037694,0.18829268292682927,0.8620842572062084,6.963515754560531,0.1549111322361296,0.1,1.8285445124823363,0.0021526142251525196,0.0,nan,4.1652747565898185,0.0,0.0,7204.0,51.5,0.0,1.834096109839817,,
informed,0.005,4200023,10.645000000000437,10.645000000000437,0.0,38.605000000000004,-27.959999999999567,10.60624999999948,0.038750000000955964,0.19614539612330062,0.31011980209994816,1741.5373845015959,1.4549999999999272,-0.24800000000002453,-0.44111111111114887,-0.7400000000001228,0.6202170188463735,5.00499147297052,3.73043974871502,21.0,-7.0,8.0,13.0,585,585,0,2063.0,2223,1920,0,0.23931623931623933,0.18560503823661717,0.863697705802969,7.082051282051282,0.1572503006267447,0.1,1.871303926320892,0.005159961221522267,0.0,nan,2.8911330412363756,0.0,0.0,7059.0,43.0,0.0,1.8359062321326471,,
informed,0.005,4200024,8.239999999999782,8.239999999999782,0.0,38.415,-30.175000000000217,8.079999999999506,0.16000000000027548,0.24652660337994914,0.19099648330100946,1072.5774804597631,2.6850000000000023,-0.24799999999995634,-0.604999999999974,-1.4249999999999545,0.3854940034266134,5.254069785733378,3.9548829240434036,25.0,-7.0,8.0,8.0,584,584,0,2064.0,2162,1848,0,0.242368177613321,0.19093432007400554,0.8547641073080481,6.866438356164384,0.16167484472037036,0.1,1.8611918604651163,0.003992248062015398,0.0,nan,2.942439664082175,0.0,0.0,7126.0,22.5,0.0,1.824370709382151,,
informed,0.005,4200025,8.774999999998187,8.774999999998187,0.0,36.175000000000004,-27.400000000001818,8.76999999999963,0.0049999999985566035,0.2785519971329151,0.1800125565745644,1010.8951277263982,4.000000000000568,-0.23699999999993504,-0.6211111111111494,-2.3200000000005048,-0.6716162193032553,5.53036265486167,4.2741290691033695,28.0,-9.0,8.0,-1.0,543,543,0,1875.0,2093,1817,0,0.22981366459627328,0.179168657429527,0.8681318681318682,7.2007366482504604,0.16693155564658058,0.1,1.9293333333333333,0.004679999999999033,0.0,nan,2.8903282634132728,0.0,0.0,7075.0,69.0,0.0,1.8734974241556954,,
informed,0.005,4200026,7.600000000001046,7.600000000001046,0.0,40.02,-32.41999999999896,7.659618563255206,-0.05961856325416015,0.2518824855667932,0.1724160031645439,968.2352212408072,2.899999999999636,-0.26199999999992085,-0.6794444444444265,-1.5300000000000296,-0.5968018275271274,5.88425102310669,4.251856082238721,23.0,-11.0,8.0,-12.0,607,607,0,2168.0,2311,1982,0,0.2362613587191692,0.18762440501947208,0.8576373864128083,7.072487644151565,0.1510190823079255,0.1,1.8459409594095941,0.003505535055351036,0.0,nan,3.3668190819370953,0.0,0.0,7277.0,43.5,0.0,1.8767908309455588,,
informed,0.005,4200027,10.905000000000655,10.905000000000655,0.0,44.17,-33.26499999999935,10.829999999999467,0.07500000000118767,0.2574157346141106,0.24207644419135524,1359.426823478325,1.4299999999999926,-0.3459999999999468,-0.5711111111110496,-0.9949999999999477,0.3746430611079383,4.652899843873469,3.4071958880639635,19.0,-7.0,9.0,5.0,658,658,0,2295.0,2330,1996,0,0.2532188841201717,0.19699570815450643,0.8566523605150215,6.574468085106383,0.14959554873195877,0.1,1.9246187363834422,0.00475163398692839,0.0,nan,2.8709923797128765,0.0,0.0,7395.0,60.0,0.0,1.9052268811028146,,
informed,0.005,4200028,-13.609999999999332,-13.609999999999332,0.0,44.86,-58.46999999999933,-13.580000000000243,-0.02999999999908809,0.784787403883321,-0.09909872175138465,-556.507928606042,19.08500000000015,-0.6069999999999238,-2.3272222222222023,-8.900000000000091,-0.22901199314677329,4.5102311632618495,3.1096516276413477,22.0,-8.0,7.0,-6.0,659,659,0,2266.0,2416,2086,0,0.24130794701986755,0.18758278145695365,0.8634105960264901,6.831562974203338,0.14443713281193038,0.1,1.9796999117387466,-0.006006178287731391,0.0,nan,5.298367935966713,9.0,3.0,7292.0,63.5,0.0,1.868043602983362,,
informed,0.005,4200029,5.760000000000105,5.760000000000105,0.0,37.78,-32.0199999999999,5.909999999999134,-0.14999999999902958,0.23778447831612798,0.13842066541672104,777.327864839519,3.059999999999718,-0.21649999999983152,-0.6755555555555364,-1.4300000000000637,0.6807538549400343,5.372186626678436,4.0456881781838945,27.0,-6.0,10.0,10.0,561,561,0,1990.0,2098,1800,0,0.23975214489990468,0.18970448045757865,0.8579599618684461,6.948306595365419,0.16638381755677484,0.1,1.8984924623115578,0.002894472361809098,0.0,nan,2.8424851707917145,0.0,0.0,7146.0,65.0,0.0,1.8269340974212034,,
informed,0.01,4200000,5.830000000000609,5.830000000000609,0.0,33.74,-27.909999999999393,6.255714285714943,-0.42571428571433323,0.14194822016686676,0.23469322598850975,1317.9649418728284,0.8249999999999886,-0.1895000000000209,-0.3299999999999699,-0.6800000000002342,-0.052541404911479156,3.6197918880538125,2.5836664762992574,16.0,-6.0,5.0,12.0,571,571,0,1916.0,2377,2110,0,0.22044594026083297,0.16121161127471603,0.8876735380732015,7.858143607705779,0.14717001197473684,0.1,1.7609603340292275,0.0030427974947811113,0.0,nan,3.5012475483068863,0.0,0.0,7171.0,64.0,0.0,1.8672768878718535,,
informed,0.01,4200001,-0.8499999999988006,-0.8499999999988006,0.0,40.58,-41.4299999999988,-0.8599999999998171,0.010000000001016529,0.20963530769686767,-0.02316948852985884,-130.11271831498706,2.9199999999998028,-0.354999999999923,-0.7177777777776745,-1.0950000000000273,-0.43746430611079384,3.0039857723648766,2.0948029697315818,19.0,-5.0,4.0,1.0,679,679,0,2433.0,2620,2271,0,0.23969465648854962,0.18572519083969466,0.866793893129771,7.203240058910162,0.13314669593926665,0.1,1.6678997122893546,-0.0003493629264277849,0.0,nan,3.566358683396099,0.0,0.0,7400.0,89.5,0.0,1.8365825688073394,,
informed,0.01,4200002,7.070000000000505,7.070000000000505,0.0,38.595,-31.524999999999494,7.039999999999917,0.030000000000587335,0.17300043186445968,0.23352542860502798,1311.4069510993106,1.3350000000000364,-0.18750000000011083,-0.44944444444447146,-0.9850000000000136,-0.3632210165619646,3.171744132413592,2.3575099942889777,18.0,-5.0,5.0,-1.0,625,625,0,2231.0,2425,2100,0,0.23587628865979382,0.184,0.865979381443299,7.24,0.1437133454593479,0.1,1.7299417301658448,0.0031689825190499795,0.0,nan,3.219775659048768,0.0,0.0,7330.0,34.0,0.0,1.8663990825688073,,
informed,0.01,4200003,4.900000000000119,4.900000000000119,0.0,30.2,-25.29999999999988,4.849999999999761,0.050000000000358646,0.14630997640420604,0.1913745097097545,1074.7003604522706,0.9299999999996658,-0.19650000000005433,-0.34611111111106635,-0.6599999999998545,0.1776127926898915,3.705596614790113,2.6447744146202172,14.0,-5.0,7.0,-2.0,486,486,0,1718.0,2040,1788,0,0.21715686274509804,0.1684313725490196,0.8764705882352941,7.8765432098765435,0.17128233134838078,0.1,1.7578579743888243,0.0028521536670547843,0.0,nan,2.8643892978493244,0.0,0.0,6917.0,41.0,0.0,1.745277618775043,,
informed,0.01,4200004,-4.065000000000666,-4.065000000000666,0.0,43.295,-47.36000000000067,-4.0399999999993295,-0.025000000001336176,0.29625391851662564,-0.07840764282505737,-440.3131960160262,10.065000000000907,-0.5060000000000497,-1.0888888888888966,-1.8199999999999932,-0.3626499143346659,3.0140274852018125,2.001713306681896,28.0,-5.0,4.0,-1.0,716,716,0,2557.0,2649,2282,0,0.25066062665156663,0.1930539826349566,0.8614571536428841,6.886871508379889,0.1317726027340385,0.093707814,1.6931951505670708,-0.0015897536175207923,0.0,nan,6.330119460201575,0.0,9.0,7428.0,72.5,0.0,1.8555045871559632,,
informed,0.01,4200005,-9.449999999999363,-9.449999999999363,0.0,43.38,-52.829999999999366,-9.094285714284984,-0.35571428571437913,0.3614386960944862,-0.1494029294137334,-839.0008801960128,14.12999999999954,-0.6859999999997513,-1.2849999999999981,-2.5600000000000023,-0.2752712735579669,3.470633861147139,2.0925185608223873,20.0,-6.0,5.0,6.0,683,683,0,2516.0,2617,2230,0,0.2353840275124188,0.192281238058846,0.8521207489491784,7.096632503660322,0.1332870951418738,0.1,1.7241653418124006,-0.003755961844196885,0.0,nan,5.108554239526118,0.0,21.0,7304.0,58.5,0.0,1.8418338108882522,,
informed,0.01,4200006,-4.979999999999947,-4.979999999999947,0.0,38.045,-43.02499999999995,-4.966931818181942,-0.013068181818004732,0.33928451957270916,-0.08387397955256296,-471.010461081857,9.339999999999833,-0.42000000000005855,-1.083333333333387,-2.875,-0.009137635636778984,3.2393438885059784,2.2341519131924614,18.0,-5.0,5.0,-1.0,649,649,0,2287.0,2437,2102,0,0.23922855970455478,0.18768978251949117,0.8625359048009849,6.993836671802773,0.1430441590911704,0.1,1.6635330126803674,-0.0021775251421075415,0.0,nan,5.458670319359317,0.0,11.0,7161.0,77.5,0.0,1.8204245553643144,,
informed,0.01,4200007,2.1849999999990786,2.1849999999990786,0.0,37.745,-35.56000000000092,2.183333333332649,0.0016666666664297836,0.18717107108797607,0.06670750032648132,374.60879588649476,2.540000000000049,-0.4124999999999261,-0.5416666666666762,-0.9200000000000159,0.021701884637350087,3.7132494131289744,2.431753283837807,17.0,-6.0,6.0,1.0,621,621,0,2207.0,2403,2083,0,0.23928422804827298,0.1836870578443612,0.8668331252600916,7.223832528180354,0.14532571447147022,0.1,1.7102401449932034,0.0009900317172628359,0.0,nan,3.8760462866997076,0.0,0.0,6986.0,22.0,0.0,1.7979393245563824,,
informed,0.01,4200008,2.6099999999997863,2.6099999999997863,0.0,36.11,-33.50000000000021,2.600000000000131,0.009999999999655174,0.1931487978944691,0.07721655985885673,433.6244405749501,2.049999999999841,-0.33150000000001967,-0.5383333333333064,-1.1100000000000705,0.029697315819531698,3.783433163001824,2.414620217018846,24.0,-6.0,5.0,-6.0,574,574,0,2078.0,2314,1997,0,0.226447709593777,0.17960242005185825,0.8630077787381158,7.510452961672474,0.15106889879368512,0.1,1.7377285851780557,0.0012560153994224188,0.0,nan,2.6472493284481873,0.0,0.0,7171.0,30.5,0.0,1.7854691075514875,,
informed,0.01,4200009,2.1200000000014825,2.1200000000014825,0.0,41.63,-39.50999999999852,2.4900000000003377,-0.36999999999885524,0.28958965929701413,0.04183259078967773,234.91895795580697,5.129999999999427,-0.31000000000009315,-0.8077777777777853,-2.759999999999991,-0.11593375214163336,3.1481109842068205,2.1364934323243863,21.0,-5.0,5.0,-12.0,664,664,0,2428.0,2537,2175,0,0.2408356326369728,0.19140717382735514,0.8573117855735121,7.096385542168675,0.13761184587810651,0.1,1.7145799011532126,0.0008731466227353717,0.0,nan,3.1646051788463363,0.0,0.0,7260.0,29.5,0.0,1.840870062965083,,
informed,0.01,4200010,-3.8500000000007617,-3.8500000000007617,0.0,31.560000000000002,-35.410000000000764,-3.902857142857263,0.05285714285650123,0.2352523712121165,-0.09351659193338349,-525.1604051736074,7.115000000000407,-0.25150000000006534,-0.816111111111141,-1.4600000000001927,-0.13135351227869788,3.200673534572817,2.251284980011422,17.0,-6.0,5.0,2.0,502,502,0,1802.0,2208,1944,0,0.20969202898550723,0.1632246376811594,0.8804347826086957,8.270916334661354,0.15810312481822306,0.1,1.751387347391787,-0.002136514983352254,0.0,nan,2.4923139864712787,0.0,6.0,7006.0,47.0,0.0,1.7268041237113403,,
informed,0.01,4200011,0.9799999999988813,0.9799999999988813,0.0,39.645,-38.66500000000112,0.8600000000005602,0.11999999999832112,0.4312949093724316,0.0129841551066347,72.91501984476281,8.514999999999631,-0.18449999999997999,-1.152222222222248,-3.765000000000029,-0.251284980011422,3.3133889481033556,2.3415191319246147,14.0,-6.0,5.0,-6.0,654,654,0,2370.0,2546,2204,0,0.23527101335428122,0.1861743912018853,0.8656716417910447,7.2629969418960245,0.1365226536383648,0.1,1.6727848101265823,0.00041350210970416936,0.0,nan,3.6023087354176626,2.0,15.0,7210.0,40.5,0.0,1.8272884283246977,,
informed,0.01,4200012,-2.060000000000059,-2.060000000000059,0.0,38.64,-40.70000000000006,-2.0600000000008527,7.935874180020619e-13,0.21454376689760604,-0.05486725968155013,-308.1176476753358,6.130000000000223,-0.39650000000001445,-0.703888888888885,-1.1600000000000676,0.07881210736721873,3.4824454874298074,2.4089091947458594,17.0,-6.0,5.0,0.0,659,659,0,2290.0,2459,2125,0,0.24278161854412364,0.1862545750305002,0.8641724278161854,6.955993930197269,0.14156076994871794,0.1,1.6873362445414848,-0.0008995633187773184,0.0,nan,5.231203611346729,0.0,6.0,7082.0,37.5,0.0,1.8151549942594718,,
informed,0.01,4200013,-4.040000000000262,-4.040000000000262,0.0,45.935,-49.975000000000264,-4.040000000000329,6.661338147750939e-14,0.42035243638137,-0.05491990122491162,-308.41326638501215,7.620000000000346,-0.30649999999985766,-1.303888888888862,-4.044999999999931,0.2107367218732153,3.7164826617384024,2.5910908052541406,30.0,-5.0,5.0,1.0,754,754,0,2673.0,2679,2278,0,0.2553191489361702,0.19955207166853303,0.8503172825681224,6.574270557029178,0.12993281202241314,0.092578357,1.7184811073699962,-0.0015114104002993873,0.0,nan,7.753327522110657,0.0,7.0,7402.0,117.5,0.0,1.8581275129236072,,
informed,0.01,4200014,8.250000000000227,8.250000000000227,0.0,37.34,-29.089999999999776,8.307500000000418,-0.057500000000191065,0.2108558290016731,0.22357862889569144,1255.5487845692794,1.7550000000002228,-0.16249999999995735,-0.5088888888888997,-1.5200000000003797,0.6402055968018275,3.5826960171862265,2.562535693889206,22.0,-5.0,6.0,-3.0,596,596,0,2087.0,2287,1979,0,0.23393091386095322,0.1825098382160035,0.8653257542632269,7.157718120805369,0.15268577824201313,0.1,1.7891710589362722,0.003953042644945006,0.0,nan,3.787051683985383,0.0,0.0,7088.0,88.5,0.0,1.8322839152833428,,
informed,0.01,4200015,0.9399999999997419,0.9399999999997419,0.0,39.15,-38.21000000000026,0.859999999999741,0.08000000000000096,0.2735116553563401,0.019638755666295173,110.28520896231834,4.309999999999945,-0.2460000000000832,-0.8344444444444592,-2.3799999999999955,-0.327812678469446,3.4724859241977217,2.141633352370074,28.0,-5.0,4.5,2.0,657,657,0,2330.0,2531,2185,0,0.2342947451600158,0.18411694982220467,0.8632951402607665,7.178082191780822,0.13817813460814554,0.1,1.6802575107296138,0.000403433476394739,0.0,nan,2.8443886587164613,0.0,0.0,7469.0,42.0,0.0,1.8524871355060035,,
informed,0.01,4200016,2.2799999999996317,2.2799999999996317,0.0,42.31,-40.03000000000037,2.1900000000002193,0.08999999999941233,0.29181255652302357,0.04464705557501049,250.7241261773466,5.959999999999923,-0.2509999999999266,-0.8972222222222115,-2.015000000000029,-0.14563106796116504,4.248281412706511,2.749857224443175,27.0,-6.0,6.0,-10.0,701,701,0,2514.0,2513,2141,0,0.2502984480700358,0.20007958615200955,0.8519697572622363,6.639087018544936,0.13900908282835525,0.1,1.682975338106603,0.0009069212410499728,0.0,nan,4.536306656398974,0.0,0.0,7314.0,45.5,0.0,1.84954233409611,,
informed,0.01,4200017,4.910000000000764,4.910000000000764,0.0,40.785000000000004,-35.87499999999924,5.045384615385261,-0.1353846153844973,0.24411097707747717,0.11493601473006396,645.4452928275809,2.9599999999995816,-0.18150000000008498,-0.6672222222222027,-2.0099999999999056,0.40605368360936606,3.464950212050611,2.5077098800685325,13.0,-5.0,6.0,-12.0,669,669,0,2366.0,2457,2120,0,0.24786324786324787,0.1925925925925926,0.8628408628408628,6.841554559043348,0.1416729884403259,0.1,1.723795435333897,0.0020752324598481676,0.0,nan,3.074350543170398,0.0,0.0,7194.0,75.0,0.0,1.865097588978186,,
informed,0.01,4200018,-5.720000000000482,-5.720000000000482,0.0,40.155,-45.87500000000048,-5.700000000000239,-0.020000000000242935,0.4058090238957273,-0.0805445723506524,-452.3135346969776,10.95000000000033,-0.5085000000000419,-1.3627777777777794,-2.589999999999989,-0.29697315819531694,3.045774329551577,2.129069103369503,15.0,-5.0,4.0,-5.0,674,674,0,2411.0,2620,2270,0,0.23435114503816795,0.18404580152671757,0.8664122137404581,7.255192878338279,0.13328842459587473,0.1,1.6654914973040231,-0.002372459560348603,0.0,nan,5.214844317195349,1.0,16.0,7312.0,66.5,0.0,1.8578796561604585,,
informed,0.01,4200019,1.8050000000000068,1.8050000000000068,0.0,33.410000000000004,-31.604999999999997,1.796666666666536,0.00833333333347075,0.2284405870379274,0.045150845775813464,253.55325692843994,2.669999999999959,-0.22050000000017458,-0.6427777777777521,-2.109999999999843,-0.14848657909765847,3.6989350875741462,2.639634494574529,24.0,-6.0,5.0,5.0,567,567,0,1933.0,2183,1902,0,0.22812643151626202,0.1770957398076042,0.8712780577187357,7.204585537918871,0.16018174797065568,0.1,1.7284014485256078,0.0009337816864976755,0.0,nan,4.006329721941566,0.0,0.0,7053.0,39.0,0.0,1.812,,
informed,0.01,4200020,-1.075000000000415,-1.075000000000415,0.0,39.035000000000004,-40.11000000000042,-0.9780000000008765,-0.09699999999953846,0.3378253768171809,-0.018183527835399442,-102.1130972386842,8.455000000000382,-0.35150000000000425,-1.1672222222222137,-2.670000000000016,0.1387778412335808,4.2176153523268205,2.7589948600799543,21.0,-6.0,7.0,-1.0,619,619,0,2201.0,2362,2031,0,0.23581710414902624,0.1863674851820491,0.8598645215918713,7.096930533117932,0.14778517574194916,0.1,1.7735120399818265,-0.0004884143571105929,0.0,nan,6.546587552275098,0.0,31.0,7226.0,38.5,0.0,1.8002289639381797,,
informed,0.01,4200021,8.43500000000023,8.43500000000023,0.0,36.72,-28.28499999999977,8.389999999999898,0.04500000000033211,0.15164629141903752,0.3178448978142985,1784.9191450157414,1.1799999999998931,-0.16599999999996268,-0.3616666666666409,-0.7699999999999818,0.173043974871502,3.3535755934186473,2.4197601370645345,14.0,-6.0,6.0,1.0,615,615,0,2175.0,2431,2121,0,0.2332373508844097,0.17893870835047307,0.8724804607157548,7.401626016260162,0.14359131864965008,0.1,1.6882758620689655,0.0038781609195403357,0.0,nan,3.022920755976991,0.0,0.0,7191.0,38.0,0.0,1.847254004576659,,
informed,0.01,4200022,6.440000000000623,6.440000000000623,0.0,40.15,-33.709999999999376,6.485833333333393,-0.04583333333277029,0.16056845856226157,0.22918573379549567,1287.036560376269,1.8299999999996146,-0.2505000000000137,-0.3677777777777749,-0.720000000000141,-0.3586521987435751,3.6522734460187976,2.5128498001142203,17.0,-7.0,6.0,-10.0,639,639,0,2290.0,2475,2142,0,0.23797979797979799,0.18505050505050505,0.8654545454545455,7.225352112676056,0.14119729714759402,0.1,1.7532751091703056,0.00281222707423608,0.0,nan,4.373337468102528,0.0,0.0,7233.0,51.0,0.0,1.7916428162564395,,
informed,0.01,4200023,8.97500000000025,8.97500000000025,0.0,36.67,-27.69499999999975,8.969999999999935,0.005000000000315197,0.18095509245224445,0.28341680574284167,1591.5815734917492,1.440000000000225,-0.1869999999999663,-0.4066666666666394,-0.810000000000116,0.336950314106225,3.936184212335878,2.778983438035408,17.0,-5.0,7.0,7.0,578,578,0,2027.0,2209,1912,0,0.23585332729741965,0.1835219556360344,0.8655500226346763,7.129757785467128,0.15809055431898505,0.1,1.8090774543660582,0.0044277257030094965,0.0,nan,2.8566330699579803,0.0,0.0,7110.0,47.5,0.0,1.7813394390383515,,
informed,0.01,4200024,7.240000000000634,7.240000000000634,0.0,40.67,-33.42999999999937,7.239999999999937,6.972200594645983e-13,0.1736511375424476,0.23824450076705825,1337.9078082992896,2.3599999999998715,-0.21050000000004015,-0.3811111111111103,-0.7849999999999682,-0.09137635636778983,3.5371391530923337,2.576813249571673,19.0,-6.0,6.0,0.0,616,616,0,2270.0,2360,2017,0,0.24194915254237287,0.1923728813559322,0.8546610169491525,7.10551948051948,0.14807054701993214,0.1,1.7916299559471365,0.00318942731277561,0.0,nan,4.484973468539696,0.0,0.0,7195.0,24.5,0.0,1.7735849056603774,,
informed,0.01,4200025,11.945000000000576,11.945000000000576,0.0,36.785000000000004,-24.839999999999428,11.919999999999638,0.02500000000093827,0.1636902638004359,0.4169896319573553,2341.6854650553673,0.900000000000091,-0.10000000000002274,-0.2210000000000008,-0.6899999999999409,-0.04454597372929754,3.6328130055855823,2.7184466019417477,13.0,-6.0,6.0,1.0,576,576,0,1987.0,2267,1984,0,0.23026025584472873,0.1752977503308337,0.8751654168504631,7.380208333333333,0.1541977950384106,0.1,1.8512833417211878,0.00601157523905414,0.0,nan,3.539741325289463,0.0,0.0,7027.0,70.5,0.0,1.8780767029192902,,
informed,0.01,4200026,7.079999999999018,7.079999999999018,0.0,42.265,-35.18500000000098,7.259183673469277,-0.1791836734702592,0.19934682750290536,0.20294851623132856,1139.696419747092,2.2300000000003593,-0.16550000000014786,-0.4705555555555918,-1.7500000000001705,0.19531696173615076,3.5258044919277185,2.40434037692747,15.0,-6.0,6.0,-9.0,700,700,0,2435.0,2552,2208,0,0.25235109717868337,0.1908307210031348,0.8652037617554859,6.8,0.13687883110039217,0.1,1.7357289527720738,0.002907597535933888,0.0,nan,3.858163614902895,0.0,0.0,7220.0,43.0,0.0,1.8573065902578796,,
informed,0.01,4200027,-3.7500000000004263,-3.7500000000004263,0.0,41.625,-45.375000000000426,-3.7800000000001677,0.029999999999741345,0.26910550912430675,-0.07962888421832887,-447.171311903762,4.935000000000571,-0.4310000000000229,-0.8700000000000251,-2.19500000000005,0.011422044545973729,2.9972166375333513,2.018275271273558,16.0,-5.0,5.0,2.0,683,683,0,2514.0,2629,2269,0,0.2403955876759224,0.1912514263978699,0.8630658044883986,7.171303074670571,0.13254935149562241,0.096382449,1.655727923627685,-0.001491646778043129,0.0,nan,4.378179459973704,0.0,3.0,7362.0,58.5,0.0,1.791044776119403,,
informed,0.01,4200028,-5.3500000000008185,-5.3500000000008185,0.0,38.19,-43.540000000000816,-5.370000000000315,0.019999999999496865,0.2762405962111211,-0.11066957207140027,-621.4862636440768,6.630000000000962,-0.41149999999996256,-0.8800000000000097,-2.259999999999991,-0.14220445459737294,2.8324213246161074,1.912621359223301,15.0,-5.0,5.0,-2.0,649,649,0,2290.0,2555,2230,0,0.23209393346379648,0.1792563600782779,0.87279843444227,7.372881355932203,0.13653859842694868,0.1,1.6676855895196507,-0.0023362445414850737,0.0,nan,3.9748603358465835,0.0,2.0,7239.0,58.5,0.0,1.8175559380378659,,
informed,0.01,4200029,-1.335000000000207,-1.335000000000207,0.0,34.325,-35.66000000000021,-1.4599999999989821,0.1249999999987752,0.30223773524209774,-0.025240301057913868,-141.74176428200272,5.58500000000015,-0.36199999999997057,-1.0450000000000113,-2.244999999999834,0.6333523700742433,3.530936315347905,2.353512278697887,24.0,-5.0,7.0,5.0,537,537,0,1915.0,2259,1982,0,0.21868083222664897,0.16954404603806994,0.8773793714032758,7.8975791433891995,0.15458361759237924,0.1,1.7924281984334203,-0.0006971279373369227,0.0,nan,3.413787711903074,0.0,13.0,7232.0,62.5,0.0,1.813966800228964,,
informed,0.02,4200000,-0.3599999999994452,-0.3599999999994452,0.0,32.63,-32.98999999999945,-0.5700000000000722,0.21000000000062702,0.15983575313519824,-0.012870354828557274,-72.27595249950943,2.2999999999994998,-0.23600000000003546,-0.4899999999999822,-0.7699999999999534,0.11136493432324386,2.51497897958148,1.6716162193032553,13.0,-3.0,4.0,9.0,580,580,0,2073.0,2410,2117,0,0.2236514522821577,0.17203319502074688,0.8784232365145228,7.805172413793104,0.14515995139601495,0.1,1.5740472744814278,-0.0001736613603470551,0.0,nan,4.796408990422828,0.0,0.0,7110.0,66.5,0.0,1.759725400457666,,
informed,0.02,4200001,-9.264999999999532,-9.264999999999532,0.0,35.71,-44.97499999999953,-9.280000000000097,0.01500000000056545,0.3155729092994815,-0.16776743371406203,-942.1302855751476,10.474999999999682,-0.3309999999999732,-0.9527777777777513,-3.2999999999999545,-0.1690462592804112,2.3902479276184496,1.562535693889206,11.0,-4.0,4.0,3.0,705,705,0,2567.0,2610,2230,0,0.24597701149425288,0.19670498084291188,0.8544061302681992,6.865248226950355,0.13402925957975462,0.099211646,1.3911180366186209,-0.0036092715231786257,0.0,nan,5.211428785588415,1.0,69.0,7338.0,90.0,0.0,1.7154285714285715,,
informed,0.02,4200002,-5.489999999999384,-5.489999999999384,0.0,36.575,-42.06499999999939,-5.490000000000021,6.368239269249898e-13,0.2116922899299035,-0.14819353402909904,-832.2092878477577,7.065000000000168,-0.3704999999999529,-0.7694444444444584,-1.2500000000000853,0.011422044545973729,2.3933292453618273,1.5842375785265563,16.0,-4.0,4.0,0.0,656,656,0,2392.0,2558,2200,0,0.2329945269741986,0.18702111024237686,0.8600469116497264,7.253048780487805,0.13643591548904538,0.1,1.5290551839464883,-0.002295150501671983,0.0,nan,7.806336056011321,1.0,23.0,7336.0,31.0,0.0,1.772675086107922,,
informed,0.02,4200003,-6.9199999999994475,-6.9199999999994475,0.0,28.625,-35.54499999999945,-6.920000000000029,5.81756864903582e-13,0.28405381783840006,-0.13920903244240201,-781.7550914746283,8.50999999999975,-0.3964999999999904,-0.9072222222222197,-3.019999999999925,-0.05311250713877784,2.3816426881991517,1.4111936036550543,14.0,-4.0,4.0,0.0,526,526,0,1872.0,2277,2010,0,0.21256038647342995,0.16442687747035573,0.8827404479578392,8.15019011406844,0.15345470435824177,0.1,1.5291132478632479,-0.0036965811965809013,0.0,nan,3.815228382634093,0.0,2.0,7049.0,40.5,0.0,1.7106918238993711,,
informed,0.02,4200004,-3.200000000001012,-3.200000000001012,0.0,37.265,-40.46500000000101,-3.1999999999999105,-1.1013412404281553e-12,0.2212319960112441,-0.08265402209177147,-464.159555363862,6.190000000000509,-0.4414999999999508,-0.7283333333333878,-1.5200000000002376,0.051970302684180465,2.2020019320021627,1.40434037692747,13.0,-4.0,4.0,0.0,648,648,0,2304.0,2572,2234,0,0.22822706065318818,0.1791601866251944,0.8685847589424572,7.416666666666667,0.1359197003007782,0.1,1.6174045138888888,-0.001388888888889328,0.0,nan,4.377907070108857,0.0,45.0,7327.0,62.5,0.0,1.7873070325900515,,
informed,0.02,4200005,-9.27499999999992,-9.27499999999992,0.0,40.6,-49.87499999999992,-9.130000000000045,-0.14499999999987523,0.278267422851991,-0.19046426440004072,-1069.5887028760708,9.75999999999982,-0.48549999999996485,-0.9599999999999826,-2.590000000000032,0.05825242718446602,2.481002433274936,1.59565962307253,16.0,-4.0,4.0,3.0,736,736,0,2649.0,2709,2331,0,0.24769287559985234,0.1955703211517165,0.8604651162790697,6.8478260869565215,0.12908905129996306,0.098774231,1.532653831634579,-0.0035013212533031033,0.0,nan,4.292826485447671,0.0,45.0,7341.0,53.5,0.0,1.767867352773013,,
informed,0.02,4200006,-9.629999999999413,-9.629999999999413,0.0,34.305,-43.93499999999941,-9.629999999999967,5.542233338928781e-13,0.40430140441975315,-0.13610779192702582,-764.3394789942683,9.919999999999419,-0.286000000000044,-1.072222222222286,-4.910000000000309,-0.067390062821245,2.488585933834372,1.5442604226156482,14.0,-4.0,4.0,-1.0,598,598,0,2117.0,2536,2228,0,0.21451104100946372,0.1669558359621451,0.8785488958990536,7.966555183946488,0.1378230976329913,0.1,1.6204534718941899,-0.00454888993859207,0.0,nan,6.572435708763456,3.0,13.0,7226.0,77.5,0.0,1.7847738981110475,,
informed,0.02,4200007,-3.720000000000084,-3.720000000000084,0.0,34.705,-38.42500000000008,-3.7199999999999442,-1.3988810110276972e-13,0.22648771792548783,-0.09385560970743996,-527.0642246766896,5.64999999999992,-0.357999999999896,-0.7305555555555101,-1.5049999999999386,-0.009708737864077669,2.8367776129395263,1.744717304397487,15.0,-5.0,5.0,0.0,621,621,0,2176.0,2512,2198,0,0.22531847133757962,0.1732484076433121,0.875,7.584541062801932,0.13887393912151397,0.1,1.5948988970588236,-0.0017095588235294505,0.0,nan,3.8416097187048766,0.0,32.0,6987.0,28.5,0.0,1.7630223239839726,,
informed,0.02,4200008,-1.109999999999559,-1.109999999999559,0.0,32.93,-34.03999999999956,-1.1133333333335949,0.0033333333340359594,0.1953792278952408,-0.03246433723371842,-182.30972860406453,3.7499999999998863,-0.25949999999994305,-0.5788888888888961,-1.2499999999999432,-0.02912621359223301,2.7186260852880597,1.7355796687607081,15.0,-4.0,4.0,-6.0,593,593,0,2136.0,2376,2064,0,0.2239057239057239,0.1797979797979798,0.8686868686868687,7.487352445193929,0.14699921383951137,0.1,1.5416666666666667,-0.0005196629213481081,0.0,nan,2.882268190761258,0.0,5.0,7061.0,34.5,0.0,1.7178019461934746,,
informed,0.02,4200009,-4.43999999999906,-4.43999999999906,0.0,37.18,-41.61999999999906,-4.439999999999701,6.412648190234904e-13,0.3309386759279835,-0.07666504526942734,-430.5273043421604,6.639999999999844,-0.3594999999999615,-0.9044444444444777,-3.5450000000000728,-0.18332381496287836,2.1711667818022264,1.3700742432895487,13.0,-4.0,4.0,0.0,659,659,0,2376.0,2639,2289,0,0.2277377794619174,0.18006820765441456,0.8673740053050398,7.477996965098634,0.1321949823450891,0.1,1.5648148148148149,-0.001868686868686473,0.0,nan,3.8225111596353285,3.0,50.0,7147.0,45.0,0.0,1.775229357798165,,
informed,0.02,4200010,-14.219999999999231,-14.219999999999231,0.0,38.24,-52.45999999999923,-14.230000000000464,0.010000000001232578,0.6377385667140935,-0.1274145035258109,-715.5206462642947,17.96999999999923,-0.42899999999996363,-1.9772222222221798,-6.8450000000001125,-0.2644203312392918,2.681085618768321,1.633923472301542,20.0,-4.0,4.0,-1.0,604,604,0,2177.0,2458,2157,0,0.22660699755899105,0.1771358828315704,0.8775427176566314,7.6407284768211925,0.14145128793933226,0.1,1.7565457050987598,-0.0065319246669725455,0.0,nan,2.7256290533676455,13.0,162.0,7191.0,69.5,0.0,1.7627800114876508,,
informed,0.02,4200011,-9.705000000000041,-9.705000000000041,0.0,44.425000000000004,-54.130000000000045,-9.780000000000237,0.07500000000019647,0.3245564030871806,-0.17087058622056053,-959.5566352093294,10.590000000000174,-0.4775000000001043,-1.0216666666666374,-2.8899999999999153,-0.0508280982295831,2.3153050600282303,1.5162764134780127,12.0,-4.0,4.0,-5.0,796,796,0,2851.0,2881,2470,0,0.2540784449843804,0.19791738979521,0.8573412009718847,6.722361809045226,0.12065925720632165,0.087490428,1.5582251841459138,-0.003404068747807801,0.0,nan,4.607520765078189,0.0,44.0,7452.0,40.5,0.0,1.8214285714285714,,
informed,0.02,4200012,-10.5,-10.5,0.0,40.745,-51.245,-10.500000000000327,3.268496584496461e-13,0.33388345409669473,-0.17970342424522667,-1009.1591356850831,12.885000000000048,-0.5345000000000565,-1.2872222222222247,-2.2849999999998545,-0.0970873786407767,2.863892781688794,1.82181610508281,15.0,-5.0,4.0,0.0,699,699,0,2448.0,2602,2252,0,0.24250576479631053,0.188162951575711,0.865488086087625,6.944206008583691,0.13368007523423076,0.1,1.6644199346405228,-0.00428921568627451,0.0,nan,9.574682354549832,14.0,82.0,7061.0,38.5,0.0,1.834867663981588,,
informed,0.02,4200013,-6.119999999999891,-6.119999999999891,0.0,39.075,-45.194999999999894,-6.089999999999887,-0.0300000000000038,0.22074813828952888,-0.15842230354649747,-889.6509100575465,6.464999999999961,-0.3554999999999907,-0.7722222222222399,-1.4499999999999318,-0.04511707595659623,2.57513433038577,1.5596801827527127,12.0,-4.0,4.0,3.0,643,643,0,2373.0,2514,2152,0,0.2350835322195704,0.18878281622911694,0.8560063643595863,7.256609642301711,0.1386012570079618,0.1,1.6466498103666245,-0.002579013906447489,0.0,nan,6.854522275749346,0.0,47.0,7151.0,87.5,0.0,1.7274813539873781,,
informed,0.02,4200014,-12.21000000000059,-12.21000000000059,0.0,32.17,-44.38000000000059,-12.209999999999788,-8.029132914089132e-13,0.29113226106334245,-0.23965543466943906,-1345.8311789496584,13.44000000000068,-0.555999999999986,-1.0755555555555452,-2.224999999999966,0.03255282695602513,2.1123693379227992,1.2181610508280982,13.0,-4.0,4.0,0.0,584,584,0,2058.0,2409,2112,0,0.22166874221668742,0.17085927770859277,0.8767123287671232,7.741438356164384,0.14473855996427087,0.1,1.563168124392614,-0.0059329446064142815,0.0,nan,4.408185688126847,0.0,34.0,7116.0,96.5,0.0,1.7293577981651376,,
informed,0.02,4200015,0.17000000000058435,0.17000000000058435,0.0,36.56,-36.38999999999942,0.1400000000005092,0.03000000000007516,0.14825488414630614,0.006552422046839624,36.796386029957354,1.7199999999998852,-0.28600000000016335,-0.4338888888888495,-0.5799999999999841,-0.11193603655054254,2.444829336299362,1.5693889206167904,12.0,-4.0,4.0,-3.0,685,685,0,2429.0,2639,2296,0,0.23645320197044334,0.18408488063660478,0.870026525198939,7.204379562043796,0.1325230940910125,0.1,1.5051461506792918,6.998764923861027e-05,0.0,nan,4.6477591091844745,0.0,4.0,7555.0,45.0,0.0,1.7853463079564968,,
informed,0.02,4200016,1.3199999999990837,1.3199999999990837,0.0,37.245,-35.925000000000914,1.322000000000462,-0.0020000000013782326,0.1544836305833936,0.048826255017227274,274.19322430208695,1.8499999999996248,-0.2560000000000016,-0.43944444444443953,-0.7099999999999937,0.2581382067390063,2.6015987627865003,1.5214163335237008,23.0,-3.0,4.0,-4.0,696,696,0,2424.0,2553,2213,0,0.24676850763807284,0.1898942420681551,0.8668233450842147,6.847701149425287,0.1369075439133673,0.1,1.536509900990099,0.0005445544554451665,0.0,nan,4.852540004865426,0.0,0.0,7246.0,38.5,0.0,1.7844482561463693,,
informed,0.02,4200017,-3.4449999999998795,-3.4449999999998795,0.0,34.58,-38.02499999999988,-3.4228571428567363,-0.022142857143143235,0.24412590630262215,-0.08063754717334624,-452.8356526928048,4.334999999999923,-0.26900000000003954,-0.6927777777777746,-1.9899999999998954,0.3500856653340948,2.5148783411732776,1.6750428326670475,14.0,-4.0,5.0,3.0,601,601,0,2171.0,2490,2174,0,0.22208835341365463,0.17437751004016064,0.8730923694779117,7.760399334442596,0.1399159142568328,0.1,1.592814371257485,-0.0015868263473053337,0.0,nan,5.302548785510054,0.0,9.0,7172.0,70.5,0.0,1.8150488225157955,,
informed,0.02,4200018,-15.96000000000015,-15.96000000000015,0.0,43.800000000000004,-59.760000000000154,-15.890000000000098,-0.0700000000000518,0.3744674225813348,-0.24354588543731626,-1367.6787533674876,17.709999999999866,-0.8120000000000402,-1.4683333333333068,-2.2399999999999665,0.01770416904625928,2.4263510511920034,1.5276984580239863,14.0,-4.0,4.0,-8.0,734,734,0,2578.0,2735,2354,1,0.23619744058500913,0.18851919561243144,0.8606946983546618,6.9346049046321525,0.1276808836575192,0.098184515,1.6989914662529093,-0.006190845616757234,0.0,nan,5.0966829575304775,8.0,211.0,7302.0,60.5,0.0,1.82837528604119,,
informed,0.02,4200019,-0.9099999999995703,-0.9099999999995703,0.0,35.87,-36.77999999999957,-0.9100000000001831,6.128431095930864e-13,0.2156414915399246,-0.024114097722398652,-135.41735288334579,4.425000000000011,-0.19300000000008594,-0.6111111111110922,-1.6600000000000819,0.10051399200456881,2.6568779247294083,1.620788121073672,15.0,-4.0,5.0,4.0,640,640,0,2238.0,2510,2183,0,0.2290836653386454,0.17832669322709163,0.8697211155378486,7.3328125,0.13918502389473683,0.099765146,1.6027703306523682,-0.0004066130473635256,0.0,nan,3.7450374121453662,0.0,8.0,7169.0,33.5,0.0,1.771869639794168,,
informed,0.02,4200020,2.0000000000004263,2.0000000000004263,0.0,32.525,-30.524999999999572,2.0000000000003237,1.0258460747536446e-13,0.14011372345643688,0.08156639582936465,458.0517809375879,1.2650000000002706,-0.2149999999999892,-0.3627777777778015,-0.605000000000075,0.012564249000571102,2.772109974401841,1.8572244431753284,18.0,-4.0,4.0,0.0,613,613,0,2122.0,2408,2098,0,0.22799003322259137,0.17624584717607975,0.8712624584717608,7.350734094616639,0.145277519436409,0.1,1.5327521206409047,0.0009425070688032169,0.0,nan,4.26430189873096,0.0,0.0,7135.0,20.5,0.0,1.732418524871355,,
informed,0.02,4200021,-4.655000000000143,-4.655000000000143,0.0,34.71,-39.365000000000144,-4.780000000000093,0.12499999999994937,0.1628473652467684,-0.16334314012199638,-917.2848141205067,6.300000000000082,-0.3660000000000394,-0.541666666666662,-0.6599999999998829,-0.07252998286693318,2.5443848314059965,1.7435750999428898,14.0,-5.0,4.0,-5.0,667,667,0,2369.0,2620,2265,0,0.2316793893129771,0.18083969465648855,0.8645038167938931,7.32383808095952,0.1335430006378915,0.1,1.465175179400591,-0.001964964119881867,0.0,nan,4.778307656960299,0.0,1.0,7192.0,39.0,0.0,1.7709880068532267,,
informed,0.02,4200022,-10.429999999999382,-10.429999999999382,0.0,38.14,-48.56999999999938,-10.43000000000009,7.087663789206999e-13,0.3177690008969374,-0.1875576278106707,-1053.26592616439,11.444999999999936,-0.5115000000000165,-1.1450000000000229,-2.4499999999999886,-0.14677327241576243,2.3841853869708927,1.5608223872073101,12.0,-4.0,4.0,-5.0,668,668,0,2349.0,2550,2212,0,0.2384313725490196,0.18423529411764705,0.8674509803921568,7.12874251497006,0.1368886225600471,0.099925281,1.6236696466581524,-0.004440187313750269,0.0,nan,3.526114388138652,6.0,66.0,7139.0,49.5,0.0,1.750573394495413,,
informed,0.02,4200023,-5.004999999999939,-5.004999999999939,0.0,31.245,-36.24999999999994,-4.930000000000018,-0.07499999999992024,0.20153266185187457,-0.14191248077207702,-796.9368254410392,7.285000000000053,-0.39200000000000157,-0.6233333333333317,-1.3049999999999358,-0.06681896059394632,2.337974221799561,1.5014277555682467,11.0,-4.0,5.0,5.0,614,614,0,2175.0,2433,2119,0,0.23140156185778873,0.17879161528976573,0.8709412248253185,7.413680781758957,0.143614543225833,0.1,1.436551724137931,-0.002301149425287328,0.0,nan,3.329277482661832,0.0,12.0,6980.0,51.5,0.0,1.6958261863922242,,
informed,0.02,4200024,-18.11999999999938,-18.11999999999938,0.0,33.165,-51.28499999999938,-18.220000000000145,0.10000000000076525,0.9502481630755963,-0.10896401715497588,-611.9083920339424,20.53999999999985,-0.34600000000012016,-2.1855555555555366,-12.039999999999793,0.33066818960593947,2.5240751814359506,1.6967447173043975,12.0,-5.0,5.0,5.0,555,555,0,1977.0,2364,2068,0,0.20939086294416243,0.16725888324873098,0.8747884940778342,7.985585585585586,0.14779326876502966,0.1,1.6775417298937785,-0.009165402124430642,0.0,nan,4.428136964125781,7.0,80.0,7245.0,52.5,0.0,1.7379862700228832,,
informed,0.02,4200025,-7.670000000000982,-7.670000000000982,0.0,37.255,-44.925000000000985,-7.659999999999799,-0.01000000000118284,0.418761411627958,-0.10466239297979023,-587.7517942790295,10.165000000000916,-0.26299999999998813,-1.2400000000000264,-4.370000000000019,-0.32438606510565393,2.578936414436915,1.5602512849800114,15.0,-5.0,4.0,-2.0,661,661,0,2350.0,2599,2265,0,0.23316660253943824,0.18083878414774912,0.87148903424394,7.358547655068079,0.13446252514863305,0.1,1.5853191489361702,-0.0032638297872344606,0.0,nan,9.030441336202284,2.0,23.0,7056.0,76.0,0.0,1.7767601602747567,,
informed,0.02,4200026,-7.899999999999864,-7.899999999999864,0.0,42.96,-50.859999999999864,-7.880000000000268,-0.019999999999595452,0.3064748722010392,-0.1472970910099405,-827.1751396883411,11.804999999999666,-0.4925000000000039,-1.0544444444444676,-2.80000000000004,0.012564249000571102,2.5320023189764473,1.4780125642490005,17.0,-4.0,4.0,-4.0,793,793,0,2832.0,2900,2486,0,0.2489655172413793,0.19531034482758622,0.8572413793103448,6.791929382093317,0.12044389842822636,0.090522329,1.5169491525423728,-0.002789548022598822,0.0,nan,3.765186199682173,5.0,56.0,7340.0,44.5,0.0,1.804235832856325,,
informed,0.02,4200027,-21.459999999999496,-21.459999999999496,0.0,44.225,-65.68499999999949,-21.50000000000041,0.040000000000912195,0.40725984289976475,-0.3011064645004787,-1690.9212539535988,21.789999999999566,-0.7585000000000235,-1.576111111111034,-2.6599999999999113,0.23700742432895489,2.587215627901186,1.5562535693889206,13.0,-4.0,5.0,2.0,743,743,0,2686.0,2737,2329,2,0.24479356960175375,0.19627329192546583,0.8509316770186336,6.82099596231494,0.1271086345879342,0.092913363,1.6465003723008191,-0.007989575577066081,0.0,nan,5.439697866146089,10.0,89.0,7504.0,64.0,0.0,1.7543153049482163,,
informed,0.02,4200028,-13.86000000000007,-13.86000000000007,0.0,38.415,-52.27500000000007,-13.859999999999978,-9.237055564881302e-14,0.31374991871592695,-0.2524303442822851,-1417.5711404862968,14.805000000000092,-0.7265,-1.1588888888888675,-2.3549999999999756,0.018846373500856654,2.1785489265300537,1.3712164477441462,13.0,-4.0,4.0,1.0,662,662,0,2363.0,2652,2313,0,0.22737556561085973,0.1782051282051282,0.8721719457013575,7.5,0.13165081706415094,0.1,1.625687685146001,-0.0058654253068134024,0.0,nan,4.454719966048568,7.0,119.0,7265.0,58.0,0.0,1.7498568975386377,,
informed,0.02,4200029,-9.275000000000105,-9.275000000000105,0.0,30.965,-40.24000000000011,-9.27000000000022,-0.004999999999885318,0.2903876719146341,-0.18251463517907582,-1024.9460312779033,11.110000000000412,-0.44299999999993944,-0.967222222222222,-2.7550000000000097,0.1102227298686465,2.3973770900981672,1.40434037692747,15.0,-4.0,4.0,-1.0,600,600,0,2135.0,2458,2159,0,0.2241659886086249,0.17371847030105778,0.8783563873067535,7.695,0.1422801461021987,0.1,1.4503512880562062,-0.004344262295082017,0.0,nan,2.938818509644466,0.0,25.0,7166.0,68.5,0.0,1.7489994282447112,,
informed,0.05,4200000,-6.035000000000139,-6.035000000000139,0.0,26.855,-32.89000000000014,-6.050000000000109,0.01499999999997037,0.1622914880503434,-0.21249243999178494,-1193.2921589134385,7.120000000000232,-0.278499999999974,-0.5672222222222101,-1.1199999999999761,-0.0508280982295831,1.8328926091120916,1.0296973158195317,10.0,-3.0,3.0,3.0,541,541,0,1963.0,2477,2195,0,0.19983851433185304,0.15849818328623336,0.8861526039563988,8.635859519408502,0.14107602592646465,0.1,1.3680590932246561,-0.003074375955170728,0.0,nan,4.506776038782465,0.0,133.0,7278.0,69.5,0.0,1.7489971346704871,,
informed,0.05,4200001,-19.999999999999716,-19.999999999999716,0.0,35.2,-55.19999999999972,-20.00000000000027,5.542233338928781e-13,0.4038253556900485,-0.28300777223466705,-1589.2845671697526,20.149999999999636,-0.736999999999999,-1.6183333333333314,-2.7200000000000273,-0.04854368932038835,1.7617799307815722,0.9006282124500286,11.0,-3.0,3.0,0.0,611,611,0,2182.0,2592,2265,0,0.20717592592592593,0.1683641975308642,0.8738425925925926,7.949263502454992,0.13461764287567568,0.1,1.6131989000916591,-0.00916590284142975,0.0,nan,6.866056866060628,9.0,407.0,7385.0,95.0,0.0,1.7677752293577982,,
informed,0.05,4200002,-12.154999999999688,-12.154999999999688,0.0,29.755,-41.909999999999684,-12.150000000000059,-0.004999999999629523,0.3392619900097201,-0.20473010505878092,-1149.7012744058688,12.329999999999785,-0.3220000000000126,-1.1466666666666707,-2.7000000000001023,-0.009137635636778984,1.8594002763475155,1.1262135922330097,11.0,-3.0,3.0,1.0,611,611,0,2283.0,2633,2290,0,0.21078617546524878,0.17341435624762627,0.8697303456133688,8.057283142389526,0.13242481692930444,0.1,1.3033289531318442,-0.005324134910205733,0.0,nan,3.7634932623096518,7.0,174.0,7251.0,36.5,0.0,1.7603448275862068,,
informed,0.05,4200003,-11.609999999999829,-11.609999999999829,0.0,26.915,-38.52499999999983,-11.610000000000007,1.7763568394002505e-13,0.2870941355948213,-0.2310839857644688,-1297.696559340492,11.654999999999802,-0.4409999999999939,-1.0577777777777584,-2.0549999999999784,-0.06453455168475157,1.6755212790741516,0.810394060536836,8.0,-3.0,3.0,0.0,511,511,0,1762.0,2398,2149,0,0.18807339449541285,0.1469557964970809,0.896163469557965,8.898238747553815,0.1456415083931553,0.1,1.5275255391600453,-0.006589103291713865,0.0,nan,5.581475236671329,1.0,216.0,7169.0,43.5,0.0,1.7394043528064147,,
informed,0.05,4200004,-15.699999999999704,-15.699999999999704,0.0,35.645,-51.34499999999971,-15.700000000000143,4.3876013933186186e-13,0.3930245650119052,-0.2282663571208748,-1281.8736238644788,16.360000000000014,-0.6220000000000251,-1.5283333333333629,-3.100000000000051,-0.0970873786407767,1.8562711321533059,0.9868646487721302,11.0,-3.0,3.0,0.0,637,637,0,2254.0,2704,2374,1,0.21190828402366865,0.16671597633136095,0.8779585798816568,7.97331240188383,0.12921833604663213,0.1,1.581410825199645,-0.00696539485359348,0.0,nan,7.23932659072964,11.0,379.0,7378.0,76.0,0.0,1.8802292263610316,,
informed,0.05,4200005,-9.250000000000682,-9.250000000000682,0.0,32.855000000000004,-42.105000000000686,-9.249999999999801,-8.810729923425242e-13,0.28484691824008385,-0.18556333059077015,-1042.0665666241532,9.830000000000723,-0.4859999999999459,-0.9577777777778115,-2.190000000000083,-0.009708737864077669,1.89875593517063,0.9097658480868075,10.0,-3.0,3.0,0.0,550,550,0,1948.0,2539,2253,0,0.19456478928712093,0.15344623867664434,0.8873572272548247,8.712727272727273,0.1374404406708711,0.1,1.6866016427104722,-0.004748459958932589,0.0,nan,4.822782355204656,2.0,248.0,7260.0,54.5,0.0,1.8155784650630011,,
informed,0.05,4200006,-15.729999999999293,-15.729999999999293,0.0,31.945,-47.674999999999294,-15.737857142856951,0.007857142857657706,0.5902863016352238,-0.15227477587859808,-855.1282862734187,16.399999999999466,-0.4900000000000091,-1.6274999999999806,-6.534999999999968,-0.06396344945745289,2.074681633377708,0.9822958309537407,17.0,-3.0,3.0,1.0,528,528,0,1805.0,2508,2236,0,0.1810207336523126,0.14393939393939395,0.8915470494417863,8.984848484848484,0.13901096791540304,0.1,1.7698060941828255,-0.008714681440442821,0.0,nan,5.013200520088641,9.0,354.0,7312.0,100.5,0.0,1.8589449541284404,,
informed,0.05,4200007,-8.879999999999939,-8.879999999999939,0.0,27.035,-35.914999999999935,-8.88000000000004,1.0125233984581428e-13,0.2745555805859238,-0.18481815971311688,-1037.8819162648808,9.36499999999998,-0.45099999999999196,-0.9050000000000217,-1.9900000000000944,0.05653912050256996,1.6883723397593116,0.8229583095374072,10.0,-3.0,3.0,0.0,521,521,0,1844.0,2394,2111,0,0.19131161236424393,0.15405179615705933,0.8817878028404345,8.646833013435701,0.1454302038152174,0.1,1.4661062906724511,-0.004815618221258101,0.0,nan,4.4725224360735165,0.0,157.0,6990.0,32.5,0.0,1.7835820895522387,,
informed,0.05,4200008,-27.78999999999911,-27.78999999999911,0.0,31.295,-59.08499999999911,-27.799999999999716,0.010000000000605525,0.7952173779294004,-0.19969382511921568,-1121.4190759323205,27.88499999999911,-0.6269999999999811,-2.5233333333332886,-8.845000000000027,-0.006282124500285551,1.9652798523703383,0.9383209594517419,19.0,-3.0,3.0,-1.0,555,555,0,1949.0,2454,2176,3,0.20048899755501223,0.15884270578647106,0.8867155664221679,8.347747747747748,0.14227190649755303,0.1,1.6056952283222166,-0.014258594150846132,0.0,nan,8.196587367894837,19.0,343.0,7057.0,96.0,0.0,1.765616045845272,,
informed,0.05,4200009,-19.934999999999263,-19.934999999999263,0.0,39.35,-59.284999999999265,-19.9099999999998,-0.02499999999946212,0.4046098852938477,-0.2815410345981817,-1581.0478199195027,20.069999999999197,-0.6489999999999881,-1.3505555555555415,-3.4799999999999613,0.09537407195888065,2.0408552044973898,1.1062250142775556,13.0,-3.0,4.0,-5.0,658,658,0,2427.0,2754,2396,0,0.21532316630355847,0.17625272331154684,0.8700072621641249,7.826747720364741,0.1265428887151163,0.1,1.6213432220848785,-0.008213844252162861,0.0,nan,7.719215558537115,8.0,613.0,7405.0,50.5,0.0,1.8370625358577166,,
informed,0.05,4200010,-13.914999999999964,-13.914999999999964,0.0,27.2,-41.11499999999997,-13.929999999999719,0.014999999999755431,0.32146918225480775,-0.24734652683211075,-1389.0219859804945,14.434999999999889,-0.6989999999999439,-1.2427777777778002,-2.400000000000034,0.028555111364934323,1.7117480060195178,0.8897772701313535,14.0,-3.0,3.0,1.0,495,495,0,1803.0,2343,2062,0,0.18864703371745625,0.15390524967989758,0.8800682885189928,8.8989898989899,0.1489859741157625,0.1,1.5085967831392124,-0.007717692734331649,0.0,nan,3.508606687752368,10.0,243.0,6999.0,56.5,0.0,1.7428407789232532,,
informed,0.05,4200011,-10.61999999999989,-10.61999999999989,0.0,35.125,-45.74499999999989,-10.620000000000068,1.7763568394002505e-13,0.2307785139390042,-0.2629608504271467,-1476.7072227513358,11.42999999999978,-0.49650000000007993,-0.8327777777777735,-1.5399999999999636,0.00799543118218161,1.953469005612844,1.133066818960594,9.0,-3.0,4.0,0.0,661,661,0,2432.0,2724,2363,0,0.21916299559471367,0.17856093979441998,0.867474302496329,7.695915279878971,0.12714958118589273,0.1,1.4442845394736843,-0.004366776315789429,0.0,nan,5.613923506904439,0.0,342.0,7464.0,36.5,0.0,1.8130787037037037,,
informed,0.05,4200012,-18.635000000000176,-18.635000000000176,0.0,39.485,-58.120000000000175,-18.6499999999999,0.014999999999723457,0.35709084547379055,-0.29820342816245915,-1674.6186951457023,18.74000000000018,-0.4725000000000051,-1.2650000000000148,-3.0100000000001614,0.00799543118218161,1.91448953193356,1.016561964591662,9.0,-4.0,4.0,-1.0,591,591,0,2141.0,2593,2276,4,0.20632472040107983,0.1651369070574624,0.8777477824913228,8.245346869712352,0.13428401671362408,0.1,1.8442316674451191,-0.008703876693134131,0.0,nan,9.336436774691183,21.0,462.0,7087.0,39.5,0.0,1.8609994256174611,,
informed,0.05,4200013,-11.570000000000107,-11.570000000000107,0.0,36.015,-47.58500000000011,-11.619999999999887,0.04999999999978044,0.2765822580795915,-0.23904022685092383,-1342.376361140776,11.890000000000157,-0.43549999999997474,-0.9427777777777998,-2.1800000000001774,-0.07652769845802398,1.8208992463444753,0.9103369503141062,11.0,-3.0,3.0,-2.0,552,552,0,2030.0,2608,2302,0,0.19401840490797545,0.15567484662576686,0.8826687116564417,8.894927536231885,0.13339513710859555,0.1,1.7741379310344827,-0.005699507389162614,0.0,nan,7.150344506382298,3.0,361.0,7282.0,84.0,0.0,1.8237327188940091,,
informed,0.05,4200014,-20.169999999999902,-20.169999999999902,0.0,28.54,-48.7099999999999,-20.1700000000001,1.9895196601282805e-13,0.4731054986024652,-0.24361826949297208,-1368.0852399514233,20.27499999999992,-0.6315000000000908,-1.6183333333333425,-4.755000000000109,0.12450028555111364,2.149051686488539,1.096516276413478,16.0,-3.0,4.0,0.0,544,544,0,1966.0,2475,2175,0,0.19555555555555557,0.15886868686868688,0.8787878787878788,8.547794117647058,0.14090816716053378,0.1,1.451678535096643,-0.01025940996948113,0.0,nan,5.943729504038413,4.0,366.0,7088.0,131.0,0.0,1.7816618911174784,,
informed,0.05,4200015,-14.910000000000139,-14.910000000000139,0.0,28.69,-43.600000000000136,-15.089999999999977,0.17999999999983807,0.27818963184196316,-0.30626590730887515,-1719.895097201198,15.405000000000143,-0.42899999999993094,-0.9638888888888838,-2.700000000000017,0.0713877784123358,1.9862572570838768,0.9360365505425471,18.0,-3.0,4.0,4.0,582,582,0,2146.0,2621,2292,0,0.19992369324685236,0.16375429225486454,0.8744753910721099,8.441580756013746,0.1332847629557083,0.1,1.33690587138863,-0.006947809878844426,0.0,nan,4.255892030425326,0.0,246.0,7559.0,44.0,0.0,1.7766323024054982,,
informed,0.05,4200016,-28.93999999999977,-28.93999999999977,0.0,35.865,-64.80499999999978,-28.959999999999894,0.02000000000012392,0.613513533266235,-0.2695481348080778,-1513.6993849223854,29.0949999999998,-0.84999999999999,-2.199444444444427,-5.109999999999957,0.018846373500856654,1.9326728856603164,1.0068532267275843,15.0,-3.0,3.0,-4.0,640,640,0,2264.0,2676,2344,1,0.2148729446935725,0.16920777279521673,0.8759342301943199,7.8453125,0.13036214404712043,0.1,1.584143109540636,-0.01278268551236739,0.0,nan,6.32904597940944,19.0,588.0,7375.0,94.0,0.0,1.9208715596330275,,
informed,0.05,4200017,-11.089999999999804,-11.089999999999804,0.0,33.625,-44.714999999999804,-11.090000000000243,4.3876013933186186e-13,0.26409040224569924,-0.23996111949751658,-1347.5478108846949,11.51499999999993,-0.45600000000000307,-0.9544444444444701,-1.4400000000001683,0.14505996573386637,2.0115535461832814,1.151342090234152,14.0,-3.0,4.0,0.0,635,635,0,2310.0,2667,2329,0,0.2178477690288714,0.1732283464566929,0.8732658417697787,7.867716535433071,0.13060725220938085,0.1,1.4556277056277056,-0.004800865800865716,0.0,nan,7.27279246972074,0.0,271.0,7169.0,89.5,0.0,1.8135398737808377,,
informed,0.05,4200018,-18.375000000000284,-18.375000000000284,0.0,35.97,-54.34500000000028,-18.44999999999981,0.07499999999952678,0.4053244762341424,-0.259051713273162,-1454.754711338942,19.255000000000337,-0.7309999999999789,-1.4972222222222216,-2.840000000000046,0.10279840091376356,1.7997233571021682,0.9171901770416905,12.0,-3.0,4.0,3.0,583,583,0,2081.0,2605,2288,1,0.19884836852207294,0.15976967370441458,0.8783109404990403,8.39451114922813,0.13371068987283904,0.1,1.7284959154252764,-0.008829889476213496,0.0,nan,6.034872198002765,12.0,420.0,7270.0,83.5,0.0,1.8762945914844649,,
informed,0.05,4200019,-13.755000000000422,-13.755000000000422,0.0,30.325,-44.080000000000425,-13.749999999999979,-0.0050000000004430945,0.31921493137664775,-0.2462290835238555,-1382.7467681994628,14.3100000000004,-0.5025000000000673,-1.0538888888889315,-3.3150000000000546,-0.034266133637921185,1.8692168047483066,0.9537407195888064,12.0,-3.0,3.0,-1.0,565,565,0,1973.0,2469,2181,1,0.20170109356014582,0.1598217901984609,0.8833535844471446,8.231858407079645,0.14151592883218483,0.1,1.536999493157628,-0.006971616827166965,0.0,nan,5.9778528912573465,1.0,258.0,7245.0,49.5,0.0,1.7784773898111048,,
informed,0.05,4200020,-16.799999999999557,-16.799999999999557,0.0,33.65,-50.449999999999555,-16.80000000000018,6.217248937900877e-13,0.37301004578009617,-0.2573657226824212,-1445.2867069618892,17.664999999999708,-0.6880000000000236,-1.498888888888863,-2.3599999999998573,0.07081667618503712,2.007299462464937,0.9468874928612222,18.0,-3.0,3.0,0.0,516,516,0,1764.0,2348,2086,3,0.1895229982964225,0.1502555366269165,0.8884156729131175,8.598837209302326,0.14837982309718672,0.1,1.907596371882086,-0.009523809523809273,0.0,nan,8.455486463706233,10.0,428.0,7077.0,64.5,0.0,1.8456683878370626,,
informed,0.05,4200021,-19.169999999999476,-19.169999999999476,0.0,30.18,-49.349999999999476,-19.170000000000016,5.400124791776761e-13,0.4481646058729924,-0.24442549837123473,-1372.6183889468255,19.924999999999613,-0.4695000000000647,-1.6227777777777277,-3.434999999999775,-0.026270702455739578,1.9929618519385022,0.9663049685893775,20.0,-4.0,3.0,0.0,549,549,0,2014.0,2597,2296,0,0.18829418559876782,0.15510204081632653,0.8840970350404312,8.912568306010929,0.13449341845549137,0.1,1.4985104270109235,-0.00951837140019835,0.0,nan,3.832793130005137,8.0,316.0,7282.0,54.5,0.0,1.8883800801373785,,
informed,0.05,4200022,-16.349999999999397,-16.349999999999397,0.0,32.175,-48.524999999999395,-16.400000000000166,0.0500000000007681,0.3894594902955591,-0.23989291250205627,-1347.1647813855325,16.519999999999413,-0.6595000000000195,-1.5538888888888698,-2.5299999999999727,-0.054254711593375214,1.6728158449661985,0.7841233580810966,10.0,-3.0,3.0,5.0,560,560,0,1939.0,2493,2205,0,0.1953469715202567,0.15555555555555556,0.8844765342960289,8.389285714285714,0.13997897996989161,0.1,1.6593604951005674,-0.008432181536874367,0.0,nan,6.93775735570923,0.0,389.0,7368.0,51.5,0.0,1.855752718946766,,
informed,0.05,4200023,-12.569999999999666,-12.569999999999666,0.0,27.295,-39.86499999999967,-12.569999999999872,2.0605739337042905e-13,0.24667518846505043,-0.2911868513226914,-1635.2157586194326,12.589999999999662,-0.5114999999999525,-0.8844444444444248,-1.9800000000000466,-0.1513420902341519,1.8008967792865713,1.0148486579097658,10.0,-3.0,3.0,0.0,558,558,0,1942.0,2506,2231,0,0.2023144453312051,0.1549880287310455,0.8902633679169992,8.489247311827956,0.13928679925359425,0.1,1.4055097837281154,-0.006472708547888602,0.0,nan,4.154312393460343,0.0,196.0,7118.0,48.5,0.0,1.7600229095074456,,
informed,0.05,4200024,-15.959999999999638,-15.959999999999638,0.0,30.165,-46.12499999999964,-15.96000000000003,3.907985046680551e-13,0.44742364660377915,-0.20383366121183372,-1144.6671215978458,16.589999999999847,-0.4709999999999595,-1.4488888888888642,-4.674999999999898,0.027984009137635636,1.8605939103803713,1.073101085094232,10.0,-3.0,3.0,0.0,618,618,0,2224.0,2588,2254,0,0.21097372488408037,0.17187017001545596,0.8709428129829985,7.834951456310679,0.13497183281979894,0.1,1.3563399280575539,-0.0071762589928055925,0.0,nan,4.038619195248566,3.0,292.0,7308.0,38.5,0.0,1.7414187643020596,,
informed,0.05,4200025,-3.975000000000122,-3.975000000000122,0.0,27.855,-31.830000000000123,-3.959999999999927,-0.01500000000019508,0.13352505714921145,-0.17011253317722735,-955.2996425714506,4.320000000000363,-0.28899999999998865,-0.44888888888889905,-0.5699999999999932,0.038834951456310676,2.01385254407448,1.2164477441462023,10.0,-4.0,4.0,-1.0,588,588,0,2069.0,2447,2151,0,0.2170004086636698,0.16910502656313853,0.8790355537392726,7.819727891156463,0.14288205898854806,0.1,1.346302561623973,-0.0019212179797003974,0.0,nan,5.502604713987147,0.0,65.0,6936.0,74.5,0.0,1.721395881006865,,
informed,0.05,4200026,-15.509999999999934,-15.509999999999934,0.0,34.655,-50.164999999999935,-15.469999999999965,-0.03999999999996895,0.32450511266311033,-0.2731191835506829,-1533.753295846525,16.14500000000001,-0.44300000000002765,-1.1766666666666703,-2.430000000000007,-0.041119360365505425,1.9244792669491166,1.1936036550542548,12.0,-4.0,3.0,-4.0,743,743,0,2702.0,2886,2498,0,0.2331947331947332,0.18724878724878724,0.8655578655578655,7.246298788694482,0.12066063586650486,0.097684744,1.2825684678016285,-0.005740192450036985,0.0,nan,3.6942355402550096,5.0,240.0,7287.0,83.5,0.0,1.7965616045845272,,
informed,0.05,4200027,-18.180000000000888,-18.180000000000888,0.0,34.525,-52.70500000000089,-18.21000000000003,0.02999999999914138,0.43825776880870765,-0.2370424934350993,-1331.1577049815503,18.425000000000907,-0.5380000000000222,-1.4322222222222492,-4.329999999999984,-0.04283266704740148,1.814937000662647,0.9440319817247287,11.0,-3.0,3.0,2.0,660,660,0,2304.0,2740,2400,0,0.20985401459854014,0.1681751824817518,0.8759124087591241,7.787878787878788,0.12724278127574873,0.1,1.4984809027777777,-0.007890625000000385,0.0,nan,3.667158265731932,3.0,305.0,7430.0,57.0,0.0,1.8156232050545664,,
informed,0.05,4200028,-12.97999999999908,-12.97999999999908,0.0,34.595,-47.57499999999908,-12.979999999999931,8.5087492607272e-13,0.23954524513407205,-0.30963431785051715,-1738.8110543406526,13.474999999999227,-0.5650000000000631,-0.8933333333333656,-1.5900000000000318,-0.06567675613934894,1.9081488622616758,1.0925185608223873,11.0,-3.0,3.0,0.0,627,627,0,2250.0,2676,2341,1,0.2070254110612855,0.1681614349775785,0.874813153961136,8.003189792663477,0.13033306265856395,0.1,1.5375555555555556,-0.00576888888888848,0.0,nan,5.493995440565675,5.0,414.0,7280.0,63.5,0.0,1.758166189111748,,
informed,0.05,4200029,-10.939999999999912,-10.939999999999912,0.0,28.19,-39.12999999999991,-10.939999999999944,3.197442310920451e-14,0.2469118893787465,-0.25318459095500434,-1421.806757718031,13.040000000000362,-0.4825000000000272,-0.9094444444444463,-1.6000000000000227,0.16561964591661907,1.986816960589302,1.065676756139349,16.0,-3.0,3.0,0.0,546,546,0,1956.0,2414,2133,0,0.20339685169842586,0.16205468102734052,0.8835956917978459,8.327838827838828,0.14435768909079602,0.1,1.44120654396728,-0.005593047034764782,0.0,nan,5.124611121403611,1.0,400.0,7268.0,69.5,0.0,1.772101033295063,,
informed,0.1,4200000,-17.06999999999951,-17.06999999999951,0.0,29.72,-46.78999999999951,-17.060000000000066,-0.009999999999443787,0.35858272605992614,-0.27202330188809215,-1527.5991616330107,17.494999999999777,-0.48299999999998416,-1.3027777777777314,-2.8849999999999625,-0.09480296973158195,1.7006503790042795,0.8166761850371217,10.0,-3.5,3.0,2.0,570,570,0,2020.0,2705,2389,2,0.18410351201478742,0.14935304990757856,0.8831792975970425,8.940350877192982,0.12915919304772475,0.1,1.4712871287128713,-0.008450495049504708,0.0,nan,7.04655807818999,6.0,700.0,7425.0,88.0,0.0,1.8724256292906178,,
informed,0.1,4200001,-13.629999999999768,-13.629999999999768,0.0,29.92,-43.54999999999977,-13.630000000000068,3.0020430585864233e-13,0.3220562322774782,-0.24183886688026565,-1358.0926624019596,14.009999999999764,-0.6249999999999742,-1.1822222222221954,-2.324999999999946,-0.02227298686464877,1.6109511281006192,0.7955454026270703,10.0,-3.0,3.0,0.0,496,496,0,1726.0,2613,2360,0,0.1653272101033295,0.13210868733256792,0.9031764255644853,10.026209677419354,0.1334038416284948,0.1,1.7334878331402086,-0.007896871378910642,0.0,nan,4.6677048010953825,10.0,877.0,7373.0,84.5,0.0,1.9116465863453815,,
informed,0.1,4200002,-5.8900000000001,-5.8900000000001,0.0,23.905,-29.7950000000001,-5.869999999999887,-0.020000000000212736,0.1994634963373,-0.1687383580212992,-947.5826977304665,6.065000000000111,-0.30249999999996213,-0.655555555555583,-2.039999999999992,-0.07881210736721873,1.5074768783149202,0.6419189034837236,10.0,-3.0,2.0,2.0,419,419,0,1582.0,2404,2164,1,0.1589018302828619,0.13161397670549085,0.9001663893510815,10.904534606205251,0.14518284636469608,0.1,1.511061946902655,-0.0037231352718079015,0.0,nan,3.8639084257305014,3.0,306.0,7259.0,32.5,0.0,1.8669724770642202,,
informed,0.1,4200003,-8.500000000000313,-8.500000000000313,0.0,18.84,-27.340000000000312,-8.47000000000018,-0.030000000000132587,0.1985535750559289,-0.2446263108470783,-1373.7460900210162,8.510000000000389,-0.35649999999998416,-0.6861111111111486,-1.1600000000000534,0.05025699600228441,1.3458435675268707,0.579097658480868,10.0,-2.0,3.0,2.0,416,416,0,1436.0,2340,2137,0,0.15854700854700854,0.12273504273504274,0.9132478632478632,10.76201923076923,0.14935824492899913,0.1,1.3119777158774373,-0.005919220055710524,0.0,nan,5.6802497445376305,0.0,190.0,7061.0,46.5,0.0,1.812929061784897,,
informed,0.1,4200004,-8.109999999999701,-8.109999999999701,0.0,25.455000000000002,-33.5649999999997,-8.109999999999872,1.7053025658242404e-13,0.19350680032856377,-0.23948955315352147,-1344.89963939813,8.60999999999963,-0.3230000000000302,-0.6905555555555575,-1.410000000000025,0.08223872073101085,1.640812578884657,0.7926898914905768,11.0,-3.0,3.0,0.0,496,496,0,1808.0,2568,2300,0,0.1764018691588785,0.14080996884735203,0.8956386292834891,9.814516129032258,0.13589836298363211,0.1,1.4079092920353982,-0.004485619469026383,0.0,nan,8.277323827720336,5.0,398.0,7314.0,60.5,0.0,1.904297994269341,,
informed,0.1,4200005,-13.769999999999925,-13.769999999999925,0.0,36.49,-50.25999999999993,-13.770000000000119,1.936228954946273e-13,0.42406149056857356,-0.18555260507199925,-1042.0063354109857,13.864999999999895,-0.6804999999999666,-1.333888888888852,-3.2099999999999085,0.03255282695602513,1.8251908967954578,0.9303255282695603,13.0,-3.0,4.0,0.0,574,574,0,2020.0,2651,2354,0,0.19238023387400982,0.15239532251980384,0.8879668049792531,8.71951219512195,0.1312285329146848,0.1,1.8064356435643565,-0.0068168316831682795,0.0,nan,5.988702148825843,12.0,898.0,7411.0,105.5,0.0,1.9453709028177113,,
informed,0.1,4200006,-22.550000000000466,-22.550000000000466,0.0,28.625,-51.175000000000466,-22.549999999999716,-7.496225862269057e-13,0.4964550854693062,-0.25955448262824216,-1457.5781093345709,22.620000000000516,-0.6650000000000332,-1.8211111111111065,-4.624999999999886,-0.11136493432324386,1.4388911266532602,0.6116504854368932,9.0,-3.0,2.0,0.0,413,413,0,1410.0,2563,2363,3,0.14124073351541164,0.11002731174404994,0.9219664455715958,11.934624697336561,0.13610535558570871,0.1,2.030141843971631,-0.01599290780141877,0.0,nan,5.205287285830809,21.0,887.0,7333.0,99.0,0.0,2.0597014925373136,,
informed,0.1,4200007,-24.590000000000515,-24.590000000000515,0.0,40.125,-64.71500000000052,-24.599999999999987,0.009999999999472209,0.47655344114381554,-0.2948552535409851,-1655.816376707303,24.680000000000348,-0.9920000000000483,-1.8644444444444588,-3.890000000000015,0.023986293546544833,1.8069275562168474,0.8669331810394061,13.0,-3.0,3.0,2.0,555,555,0,2014.0,2693,2397,3,0.18603787597474936,0.14957296695135536,0.8900854066097289,9.176576576576577,0.1294166299342252,0.1,1.9923038728897715,-0.012209533267130345,0.0,nan,4.12888388357232,32.0,965.0,7139.0,55.5,0.0,1.8911174785100286,,
informed,0.1,4200008,-23.839999999999648,-23.839999999999648,0.0,27.61,-51.44999999999965,-23.840000000000103,4.547473508864641e-13,0.6811042034524608,-0.20001135030152226,-1123.2021996534215,23.85499999999965,-0.6290000000000215,-2.31611111111113,-5.730000000000018,0.07709880068532267,1.8869523535090074,0.7407195888063963,19.0,-3.0,3.0,0.0,438,438,0,1546.0,2393,2167,1,0.1625574592561638,0.1292101964061847,0.9055578771416631,10.41324200913242,0.14580645672940196,0.1,1.7858990944372575,-0.015420439844760445,0.0,nan,4.924146886702352,11.0,599.0,7097.0,85.5,0.0,1.8589449541284404,,
informed,0.1,4200009,-21.149999999999437,-21.149999999999437,0.0,33.305,-54.45499999999944,-21.119999999999578,-0.02999999999985903,0.5664893473172906,-0.2133440698037479,-1198.0746498903015,21.51499999999939,-0.7834999999999865,-1.83499999999997,-5.8799999999999955,-0.008566533409480296,1.5723320757655992,0.5910908052541405,11.0,-2.0,2.0,-2.0,452,452,0,1560.0,2620,2409,0,0.15381679389312977,0.11908396946564885,0.9194656488549618,11.126106194690266,0.13319036517303284,0.1,2.1349358974358976,-0.013557692307691946,0.0,nan,5.337683312969851,20.0,725.0,7451.0,104.5,0.0,2.0430045871559632,,
informed,0.1,4200010,-13.739999999999554,-13.739999999999554,0.0,26.375,-40.114999999999554,-13.749999999999869,0.010000000000314202,0.44217892900331573,-0.17756225040224477,-997.1349622236667,14.594999999999686,-0.5044999999999645,-1.47277777777779,-4.495000000000047,-0.07938320959451742,1.3258329782292018,0.44945745288406624,14.0,-2.0,1.0,1.0,340,340,0,1233.0,2315,2136,0,0.13131749460043196,0.10652267818574514,0.9226781857451404,13.091176470588236,0.15074658245654993,0.1,2.1390916463909164,-0.011143552311435162,0.0,nan,3.7019633631275424,10.0,466.0,7021.0,51.5,0.0,1.8785100286532952,,
informed,0.1,4200011,-19.670000000000357,-19.670000000000357,0.0,43.935,-63.60500000000036,-19.670000000000105,-2.5224267119483557e-13,0.5057286310620215,-0.222253582447891,-1248.107731436201,20.060000000000343,-0.9789999999999665,-1.8111111111111124,-3.275000000000091,-0.05825242718446602,1.8278351396633743,0.8555111364934324,11.0,-3.0,3.0,0.0,549,549,0,1882.0,2718,2446,1,0.1762325239146431,0.1384841795437822,0.8999264164827079,9.408014571948998,0.1273545283656112,0.1,2.3344845908607863,-0.010451647183847161,0.0,nan,9.209031973501403,25.0,1055.0,7493.0,65.0,0.0,2.0623916811091854,,
informed,0.1,4200012,-21.310000000000827,-21.310000000000827,0.0,34.83,-56.140000000000825,-21.31000000000014,-6.856737400084967e-13,0.6827747262203093,-0.17834788532014523,-1001.5468461821523,21.32500000000084,-0.5434999999999744,-2.1838888888889567,-7.120000000000346,-0.1016561964591662,1.8146408185690792,0.8475157053112508,15.0,-3.0,3.0,-1.0,498,498,0,1789.0,2503,2236,4,0.1769876148621654,0.14294846184578505,0.8933280063923292,9.524096385542169,0.13918121503958417,0.1,1.946897708216881,-0.011911682504192748,0.0,nan,9.304232436064902,16.0,831.0,7118.0,97.5,0.0,1.9460080413555427,,
informed,0.1,4200013,-11.08999999999969,-11.08999999999969,0.0,32.36,-43.44999999999969,-11.090000000000002,3.1086244689504383e-13,0.30199538377707363,-0.20984237500201725,-1178.410209357854,11.499999999999787,-0.5065000000000651,-1.0061111111111198,-2.0699999999999363,-0.01599086236436322,1.5782560653448205,0.7184466019417476,9.0,-3.0,3.0,1.0,448,448,0,1615.0,2520,2279,0,0.15793650793650793,0.12817460317460316,0.9043650793650794,10.712053571428571,0.13813685108141383,0.1,2.003715170278638,-0.006866873065015288,0.0,nan,6.95867928063113,8.0,652.0,7214.0,93.5,0.0,1.8970672800460036,,
informed,0.1,4200014,-14.119999999999834,-14.119999999999834,0.0,27.14,-41.259999999999835,-14.120000000000097,2.6290081223123707e-13,0.25543593247493673,-0.3158745658997298,-1773.8543672561061,14.544999999999845,-0.4549999999999953,-1.0072222222222156,-1.7199999999999704,0.202170188463735,1.5414382377586782,0.5802398629354655,12.0,-1.0,3.0,0.0,388,388,0,1396.0,2446,2244,1,0.14309076042518398,0.11414554374488961,0.9174161896974653,12.09020618556701,0.1425867563572013,0.1,1.9441260744985673,-0.01011461318051564,0.0,nan,7.573603760202152,3.0,574.0,7259.0,111.5,0.0,1.9490555237550087,,
informed,0.1,4200015,-14.030000000000456,-14.030000000000456,0.0,25.015,-39.04500000000046,-14.030000000000024,-4.3165471197426086e-13,0.24072501669278287,-0.33304153291947736,-1870.2587717506017,14.175000000000523,-0.5555000000000275,-0.9055555555555609,-1.4599999999999511,0.03597944031981725,1.838532503849142,0.9360365505425471,13.0,-3.0,3.0,-2.0,574,574,0,2054.0,2664,2358,0,0.18806306306306306,0.1542042042042042,0.8851351351351351,8.749128919860627,0.13109743520060108,0.1,1.2178675754625121,-0.006830574488802559,0.0,nan,7.072742072551588,0.0,538.0,7467.0,42.5,0.0,1.7987385321100917,,
informed,0.1,4200016,-13.13000000000008,-13.13000000000008,0.0,32.105000000000004,-45.235000000000085,-13.11999999999999,-0.010000000000090381,0.42974046469360166,-0.17459042746199407,-980.4461190233282,13.80000000000004,-0.48850000000004445,-1.3361111111111166,-4.485000000000028,0.08623643632210165,1.6194100881990685,0.739577384351799,8.0,-2.0,3.0,-2.0,530,530,0,1834.0,2666,2400,0,0.17629407351837958,0.13758439609902476,0.900225056264066,9.558490566037737,0.1307287265518018,0.1,1.750545256270447,-0.0071592148309706,0.0,nan,9.479149913191879,8.0,528.0,7410.0,59.5,0.0,2.055619266055046,,
informed,0.1,4200017,-6.110000000000667,-6.110000000000667,0.0,30.905,-37.01500000000067,-6.129999999999933,0.01999999999926594,0.2444907176185725,-0.142804136101228,-801.9440874065491,7.890000000000839,-0.37249999999998806,-0.67444444444448,-1.384999999999991,0.03769274700171331,1.64764724679041,0.7138777841233581,12.0,-3.0,3.0,2.0,504,504,0,1764.0,2499,2250,0,0.18207282913165265,0.1411764705882353,0.9003601440576231,9.422619047619047,0.13927190919423307,0.1,1.751984126984127,-0.0034637188208620565,0.0,nan,3.647260395302085,0.0,499.0,7326.0,84.5,0.0,1.9534750143595634,,
informed,0.1,4200018,-22.274999999999807,-22.274999999999807,0.0,44.895,-67.16999999999982,-22.19999999999993,-0.0749999999998785,0.5427920354613377,-0.23450180910913448,-1316.8900035773718,23.464999999999705,-1.1645000000000192,-2.025555555555545,-3.1999999999999886,0.07824100513992005,1.9240699329715296,0.7715591090805254,16.0,-2.0,3.0,3.0,482,482,0,1697.0,2630,2381,8,0.16197718631178706,0.12904942965779467,0.9053231939163499,10.41286307053942,0.13160331228691022,0.1,2.645550972304066,-0.013126104890983975,0.0,nan,8.200794593452647,32.0,915.0,7410.0,82.0,0.0,2.212925562608194,,
informed,0.1,4200019,-12.569999999999752,-12.569999999999752,0.0,26.85,-39.41999999999975,-12.57000000000028,5.275779813018744e-13,0.33509103975801763,-0.21435539273279355,-1203.7539282750113,12.574999999999747,-0.45500000000005214,-1.2066666666666588,-2.1850000000000875,-0.0017133066818960593,1.7211346018189573,0.828669331810394,10.0,-3.0,3.0,0.0,479,479,0,1682.0,2439,2191,0,0.1775317753177532,0.13792537925379253,0.8983189831898319,9.665970772442588,0.14323829516044317,0.1,1.5963139120095124,-0.007473246135552765,0.0,nan,5.733775853115063,13.0,476.0,7025.0,47.5,0.0,1.8181818181818181,,
informed,0.1,4200020,-17.049999999999812,-17.049999999999812,0.0,39.895,-56.944999999999816,-17.049999999999798,-1.4210854715202004e-14,0.44499220487259333,-0.2189444452323953,-1229.5246350579378,17.44999999999979,-0.6199999999999846,-1.5838888888888947,-3.0850000000000364,0.0005711022272986865,1.9734096791573685,1.1016561964591662,19.0,-3.0,3.0,0.0,584,584,0,2064.0,2584,2271,0,0.19775541795665635,0.15975232198142414,0.8788699690402477,8.313356164383562,0.1347730288140976,0.1,1.9328972868217054,-0.008260658914728592,0.0,nan,9.580994721502766,22.0,897.0,7125.0,54.0,0.0,1.8270114942528735,,
informed,0.1,4200021,-25.039999999999765,-25.039999999999765,0.0,32.485,-57.524999999999764,-25.02000000000011,-0.01999999999965496,0.5699394186110428,-0.2510542517561192,-1409.8434282840335,25.444999999999567,-0.9654999999999119,-2.2099999999999764,-3.8500000000000796,-0.08794974300399772,1.5624183797441382,0.5779554540262707,12.0,-2.0,2.0,2.0,375,375,0,1310.0,2493,2298,2,0.1299638989169675,0.10509426393902928,0.9217809867629362,12.781333333333333,0.1399643894367724,0.1,2.4797709923664124,-0.019114503816793714,0.0,nan,9.247282353147492,24.0,842.0,7274.0,50.0,0.0,2.176975945017182,,
informed,0.1,4200022,-23.024999999999793,-23.024999999999793,0.0,38.285000000000004,-61.309999999999796,-22.95333333333308,-0.07166666666671162,0.678435882236048,-0.19393347553755977,-1089.0707251455533,23.13999999999976,-1.0714999999999888,-2.6194444444444165,-4.409999999999968,-0.026841804683038265,1.8230923132488412,0.6744717304397487,18.0,-3.0,3.0,-1.0,383,383,0,1343.0,2379,2175,7,0.14333753678015973,0.11290458175704077,0.914249684741488,11.908616187989557,0.14577132324989484,0.1,2.8507073715562172,-0.017144452717795824,0.0,nan,7.4840017977979585,27.0,806.0,7255.0,81.0,0.0,2.028274668205424,,
informed,0.1,4200023,-9.429999999999836,-9.429999999999836,0.0,25.900000000000002,-35.32999999999984,-9.53000000000011,0.1000000000002732,0.2560532419747468,-0.21044730334259082,-1181.807300781619,9.66499999999985,-0.37849999999988737,-0.8438888888889013,-2.1149999999998954,-0.11136493432324386,1.7524208331872764,0.7430039977155911,16.0,-3.0,3.0,5.0,437,437,0,1539.0,2417,2187,0,0.15928837401737692,0.12734795200661977,0.9048407116259827,10.535469107551487,0.14448458156024846,0.1,1.6829109811565952,-0.006127355425600933,0.0,nan,3.579451809718541,7.0,462.0,7088.0,98.5,0.0,1.7911899313501145,,
informed,0.1,4200024,-21.729999999999393,-21.729999999999393,0.0,32.74,-54.469999999999395,-21.72999999999981,4.156675004196586e-13,0.5573987968404679,-0.22276945927273678,-1251.0047369488555,23.7849999999994,-1.1090000000000315,-2.1166666666666094,-4.400000000000077,0.02912621359223301,1.5505041576327838,0.5830953740719589,15.0,-2.0,2.0,0.0,379,379,0,1352.0,2468,2265,3,0.13452188006482982,0.10956239870340356,0.9177471636952999,12.49604221635884,0.14055103292822385,0.1,2.421597633136095,-0.016072485207100144,0.0,nan,6.501220713021091,37.0,869.0,7419.0,66.5,0.0,2.0184225676453655,,
informed,0.1,4200025,-28.830000000000382,-28.830000000000382,0.0,37.015,-65.84500000000038,-28.266000000000112,-0.5640000000002701,0.8780260103646447,-0.18762867523075033,-1053.6649066142136,29.470000000000255,-0.7100000000001045,-2.7877777777778032,-8.545000000000073,0.03940605368360937,2.0468918899341375,0.8252427184466019,20.0,-3.0,3.0,-4.0,476,476,0,1726.0,2491,2231,2,0.17061421116017664,0.13857888398233642,0.8956242472902449,9.92436974789916,0.13995616267617517,0.1,2.144553881807648,-0.01670336037079976,0.0,nan,9.906092813697986,26.0,670.0,7193.0,196.5,0.0,1.9902522935779816,,
informed,0.1,4200026,-13.129999999999598,-13.129999999999598,0.0,29.665,-42.7949999999996,-13.03999999999992,-0.08999999999967834,0.3011174099604381,-0.2491671651879134,-1399.2461307749181,13.71499999999952,-0.42049999999995286,-1.0872222222222296,-2.300000000000068,0.022844089091947458,1.5785335813738735,0.6716162193032553,11.0,-2.0,3.0,-3.0,451,451,0,1625.0,2566,2320,1,0.1558846453624318,0.12665627435697585,0.9041309431021044,10.835920177383592,0.13585967484360376,0.1,1.8255384615384616,-0.008079999999999752,0.0,nan,5.2485554782199335,5.0,575.0,7358.0,40.5,0.0,1.9931153184165233,,
informed,0.1,4200027,-19.749999999999574,-19.749999999999574,0.0,36.56,-56.309999999999576,-19.750000000000174,6.004086117172847e-13,0.633265444464402,-0.17821459206982593,-1000.7983123027905,19.814999999999557,-0.8444999999999311,-2.2699999999999645,-4.819999999999936,0.11079383209594518,1.612434902386353,0.6613363792118789,10.0,-2.0,3.0,0.0,429,429,0,1578.0,2509,2258,0,0.15145476285372658,0.12578716620167396,0.8999601434834595,11.111888111888112,0.13870673783366574,0.1,2.3168567807351077,-0.012515842839036485,0.0,nan,4.542652317425205,14.0,855.0,7446.0,69.5,0.0,2.064942528735632,,
informed,0.1,4200028,-8.500000000000327,-8.500000000000327,0.0,32.77,-41.27000000000033,-8.49999999999991,-4.1744385725905886e-13,0.3172270557914487,-0.15311250312571778,-859.8327047239513,9.465000000000288,-0.6069999999999551,-1.0344444444444463,-2.0000000000000853,0.10508280982295831,1.6170608041131516,0.7355796687607081,11.0,-2.0,3.0,0.0,461,461,0,1636.0,2533,2302,0,0.1630477694433478,0.1291748914330833,0.9088037899723648,10.488069414316703,0.1374458597281707,0.1,2.0030562347188265,-0.00519559902200509,0.0,nan,4.350668062401662,7.0,785.0,7322.0,62.0,0.0,1.9373923032739804,,
informed,0.1,4200029,-17.080000000000325,-17.080000000000325,0.0,26.185000000000002,-43.26500000000033,-17.080000000000112,-2.1316282072803006e-13,0.5964287492010795,-0.16364066978786274,-918.9556491739146,17.555000000000177,-0.430000000000004,-1.635000000000032,-7.119999999999948,0.09080525414049115,1.7144133109927144,0.7841233580810966,14.0,-3.0,3.0,0.0,451,451,0,1582.0,2411,2188,0,0.16507673164661965,0.1312318540024886,0.9075072583990046,10.197339246119734,0.14463625079327522,0.1,1.6551833122629582,-0.010796460176991356,0.0,nan,3.3183535106164106,11.0,661.0,7154.0,126.5,0.0,1.873134328358209,,
informed,0.2,4200000,-11.309999999999775,-11.309999999999775,0.0,18.29,-29.599999999999774,-11.309999999999967,1.9184653865522705e-13,0.2067093141546674,-0.31265437502353044,-1755.770766150477,11.309999999999832,-0.5555000000000134,-0.7588888888888887,-1.3100000000000165,-0.067390062821245,1.3757398658609792,0.5722444317532839,11.0,-3.0,2.0,0.0,360,360,0,1290.0,2462,2265,0,0.12713241267262387,0.10479285134037368,0.9199837530463039,13.130555555555556,0.14210591538333334,0.1,1.417829457364341,-0.008767441860464941,0.0,nan,5.354708946684501,6.0,862.0,7253.0,65.5,0.0,2.0011435105774726,,
informed,0.2,4200001,-31.249999999999417,-31.249999999999417,0.0,37.455,-68.70499999999942,-31.249999999999936,5.186961971048731e-13,0.855822830713098,-0.20865466795578944,-1171.7404120445724,32.31999999999954,-1.5244999999999855,-3.3605555555555338,-7.064999999999941,0.06053683609366076,1.5226414376576738,0.5436893203883495,14.0,-2.0,2.5,0.0,353,353,0,1208.0,2557,2373,4,0.12123582323034807,0.09448572545952288,0.9280406726632773,13.977337110481587,0.1361029800446184,0.1,3.1005794701986753,-0.025869205298012763,0.0,nan,6.6310325290507555,44.0,1505.0,7509.0,164.5,0.0,2.1762342135476462,,
informed,0.2,4200002,-21.55999999999929,-21.55999999999929,0.0,29.695,-51.25499999999929,-21.560000000000176,8.846257060213247e-13,0.545471208296513,-0.22585976697971857,-1268.3589541413057,24.509999999999465,-1.0449999999998965,-1.9916666666666505,-4.034999999999968,0.005139920045688178,1.4050886025420188,0.5785265562535694,8.0,-3.0,3.0,0.0,379,379,0,1350.0,2502,2303,3,0.13269384492406075,0.1079136690647482,0.9204636290967226,12.686015831134565,0.1391422512004,0.1,2.1996296296296296,-0.015970370370369847,0.0,nan,6.8367655389182564,21.0,1507.0,7438.0,44.5,0.0,2.002301495972382,,
informed,0.2,4200003,-7.244999999999919,-7.244999999999919,0.0,26.09,-33.33499999999992,-7.220000000000139,-0.024999999999780087,0.22854527457100085,-0.18114572737375956,-1017.258666257188,8.074999999999903,-0.3114999999999298,-0.7955555555555441,-1.6150000000000517,0.11250713877784123,1.6160312120010207,0.7384351798972016,12.0,-2.0,3.0,1.0,442,442,0,1587.0,2326,2074,8,0.16208082545141875,0.13645743766122098,0.8916595012897678,9.972850678733032,0.14993229931841653,0.1,1.6439823566477632,-0.004565217391304297,0.0,nan,7.467925972351869,16.0,1054.0,7036.0,62.0,0.0,1.842406876790831,,
informed,0.2,4200004,-22.15000000000026,-22.15000000000026,0.0,28.485,-50.63500000000026,-22.149999999999856,-4.050093593832571e-13,0.743350765956414,-0.1702714712462562,-956.1921898617555,22.345000000000255,-0.4749999999999487,-2.213333333333384,-8.30000000000041,-0.0057110222729868645,1.4077258656965281,0.5162764134780126,18.0,-2.0,2.0,0.0,351,351,0,1296.0,2523,2315,4,0.12326595323028142,0.10273483947681332,0.9175584621482362,13.794871794871796,0.13824743542760812,0.1,2.1979166666666665,-0.01709104938271625,0.0,nan,7.861820316932414,12.0,1415.0,7397.0,65.5,0.0,2.087205966724039,,
informed,0.2,4200005,-17.84999999999991,-17.84999999999991,0.0,34.955,-52.80499999999991,-17.850000000000037,1.2789769243681803e-13,0.5168088421363821,-0.1973650442557297,-1108.3413591705716,18.30499999999995,-0.8214999999999477,-1.7922222222222137,-3.4500000000000455,0.10736721873215306,1.6316779426572428,0.6659051970302684,10.0,-2.0,3.0,0.0,411,411,0,1452.0,2608,2392,5,0.13918711656441718,0.11134969325153374,0.9171779141104295,12.177615571776157,0.13355755772333078,0.1,2.4073691460055096,-0.012293388429752004,0.0,nan,6.542852967379831,25.0,1684.0,7455.0,101.0,0.0,2.12378223495702,,
informed,0.2,4200006,-19.149999999999068,-19.149999999999068,0.0,30.405,-49.55499999999907,-19.09000000000005,-0.05999999999901817,0.5220397816850193,-0.20961730363796585,-1177.146277831966,19.149999999999068,-0.9220000000000381,-1.8311111111111051,-3.309999999999931,-0.05996573386636208,1.6980358858860223,0.6550542547115934,17.0,-3.0,3.0,-4.0,390,390,0,1344.0,2555,2354,1,0.13307240704500978,0.1052054794520548,0.9213307240704501,12.58974358974359,0.13640012522757541,0.1,2.2622767857142856,-0.01424851190476121,0.0,nan,6.579172899367929,17.0,1627.0,7407.0,111.5,0.0,2.0551724137931036,,
informed,0.2,4200007,-31.37000000000006,-31.37000000000006,0.0,40.595,-71.96500000000006,-31.37000000000043,3.694822225952521e-13,0.9728634221180494,-0.1842572541856669,-1034.732043413766,32.170000000000016,-1.2430000000000034,-3.02444444444449,-10.799999999999955,0.15762421473443747,2.3689520025461444,0.7938320959451742,27.0,-3.0,3.0,0.0,446,446,0,1518.0,2593,2369,9,0.14693405322020825,0.1170844581565754,0.9136135750096414,11.145739910313901,0.13414860718062524,0.1,2.6742424242424243,-0.020665349143610054,0.0,nan,5.8773694637946745,46.0,1591.0,7117.0,91.5,0.0,2.096032202415181,,
informed,0.2,4200008,-43.19000000000091,-43.19000000000091,0.0,38.45,-81.64000000000091,-43.18999999999986,-1.0444978215673473e-12,1.0373812298725966,-0.2379067529786666,-1336.0111206449255,43.77000000000075,-1.6425000000000989,-3.902222222222259,-9.86000000000017,0.0713877784123358,1.6222462108235562,0.6230725299828669,13.0,-3.0,3.0,0.0,387,387,0,1372.0,2551,2343,15,0.13563308506468053,0.1075656605252842,0.9184633477067816,12.684754521963825,0.13651189427775598,0.1,2.802478134110787,-0.031479591836735356,0.0,nan,6.739245420467469,54.0,1883.0,7271.0,90.5,0.0,2.131880733944954,,
informed,0.2,4200009,-17.98000000000036,-17.98000000000036,0.0,40.695,-58.67500000000036,-17.980000000000008,-3.517186542012496e-13,0.6446487657621679,-0.15937804056971452,-895.0180350989468,18.945000000000448,-0.6115000000000365,-1.9661111111111167,-6.419999999999902,0.0422615648201028,1.811958600951192,0.7778412335808109,14.0,-3.0,3.0,0.0,464,464,0,1602.0,2675,2438,0,0.15102803738317758,0.11977570093457944,0.9114018691588786,11.019396551724139,0.1301637423943135,0.1,2.540262172284644,-0.011223470661673134,0.0,nan,8.413388836025058,21.0,1858.0,7499.0,108.5,0.0,2.1795754446356854,,
informed,0.2,4200010,-14.9249999999995,-14.9249999999995,0.0,23.82,-38.7449999999995,-14.970000000000024,0.045000000000523954,0.3795481714485208,-0.22470326746727315,-1261.8644087351647,16.21999999999963,-0.49049999999992044,-1.3649999999999949,-3.7099999999999227,-0.014848657909765849,1.380622595817298,0.5870930896630497,8.0,-2.0,3.0,-3.0,391,391,0,1445.0,2299,2078,0,0.15050021748586342,0.12570682905611136,0.903871248368856,11.194373401534527,0.1516525299939051,0.1,1.6484429065743944,-0.010328719723183045,0.0,nan,2.9230392341709712,9.0,900.0,6890.0,50.0,0.0,1.7914991384261918,,
informed,0.2,4200011,-25.84000000000026,-25.84000000000026,0.0,48.76,-74.60000000000025,-25.83999999999958,-6.785683126508957e-13,0.7035423074166417,-0.2098767072009231,-1178.6030084228664,27.540000000000305,-1.276000000000067,-2.6438888888889207,-4.364999999999981,-0.008566533409480296,1.5262544347705225,0.5762421473443746,10.0,-2.0,2.0,0.0,424,424,0,1520.0,2638,2418,3,0.14480667172100076,0.1152388172858226,0.9166034874905231,11.931603773584905,0.1313705066217754,0.1,3.207894736842105,-0.01700000000000017,0.0,nan,9.381512675641002,33.0,1880.0,7585.0,74.0,0.0,2.275462962962963,,
informed,0.2,4200012,-8.15000000000083,-8.15000000000083,0.0,33.03,-41.18000000000083,-8.150000000000217,-6.128431095930864e-13,0.41202152924123625,-0.1130315414759941,-634.7503570405488,8.53000000000064,-0.40899999999997616,-1.247777777777794,-3.7649999999998016,-0.09423186750428326,1.3697915197064185,0.5271273557966876,9.0,-3.0,2.0,0.0,360,360,0,1310.0,2437,2233,3,0.13212966762412803,0.10750923266311038,0.9162905211325401,12.980555555555556,0.14290431116221763,0.1,2.521374045801527,-0.00622137404580216,0.0,nan,9.342036799724534,17.0,1225.0,7108.0,49.0,0.0,1.9655172413793103,,
informed,0.2,4200013,-9.770000000000408,-9.770000000000408,0.0,39.085,-48.85500000000041,-9.770000000000074,-3.339550858072471e-13,0.4815179235223065,-0.11594287294684158,-651.0994987619885,16.465000000000146,-0.5294999999999503,-1.4788888888889191,-3.394999999999982,0.15705311250713877,1.7803115112623895,0.739577384351799,13.0,-2.0,3.0,2.0,449,449,0,1606.0,2568,2324,10,0.15381619937694704,0.1250778816199377,0.9049844236760125,10.917594654788418,0.13493717533047547,0.1,2.433686176836862,-0.006083437110834625,0.0,nan,9.442762997455366,19.0,1161.0,7459.0,155.5,0.0,2.0427251732101617,,
informed,0.2,4200014,-20.100000000000364,-20.100000000000364,0.0,24.415,-44.51500000000036,-20.100000000000243,-1.2079226507921703e-13,0.48819407666013437,-0.23526943145831106,-1321.2007344923848,20.960000000000264,-0.8080000000000094,-1.9433333333333438,-3.5249999999999915,0.03826384922901199,1.265099848002123,0.393489434608795,13.0,-1.0,2.0,0.0,276,276,0,936.0,2424,2291,3,0.09983498349834984,0.07722772277227723,0.9451320132013201,17.094202898550726,0.14394266771345995,0.1,2.6084401709401708,-0.021474358974359363,0.0,nan,5.8152541781947305,18.0,1286.0,7103.0,125.5,0.0,2.049255441008018,,
informed,0.2,4200015,-14.154999999999404,-14.154999999999404,0.0,20.32,-34.474999999999405,-14.02999999999981,-0.12499999999959499,0.4305151799844473,-0.1878812131284963,-1055.0830817418575,14.294999999999504,-0.607499999999976,-1.373888888888879,-4.480000000000018,-0.0017133066818960593,1.216908024447907,0.39805825242718446,8.0,-1.0,1.0,-5.0,281,281,0,979.0,2408,2265,0,0.10382059800664452,0.08131229235880398,0.9406146179401993,16.629893238434164,0.14506822014796342,0.1,2.0755873340143003,-0.014458631256383457,0.0,nan,3.882082858190835,14.0,1040.0,7531.0,79.5,0.0,2.061282932416953,,
informed,0.2,4200016,-15.099999999999739,-15.099999999999739,0.0,30.0,-45.09999999999974,-15.099999999999998,2.5934809855243657e-13,0.3618958359239702,-0.23842693316825106,-1338.932292529804,15.524999999999679,-0.6220000000000865,-1.3833333333332942,-2.660000000000025,0.023986293546544833,1.2688313279172274,0.440890919474586,10.0,-2.0,2.0,0.0,364,364,0,1294.0,2483,2274,2,0.12605718888441403,0.10422875553765606,0.9158276278695127,13.074175824175825,0.14066853582265218,0.1,2.3183925811437405,-0.011669242658423291,0.0,nan,8.969009897928318,13.0,920.0,7404.0,52.5,0.0,2.135011441647597,,
informed,0.2,4200017,-1.519999999999527,-1.519999999999527,0.0,37.87,-39.389999999999525,-1.4999999999998532,-0.019999999999673834,0.30999349005293986,-0.028019021574382935,-157.3462036881417,5.5349999999998545,-0.4209999999999695,-0.8705555555555343,-1.7949999999999022,-0.03198172472872644,1.5539432392326367,0.6978869217589948,11.0,-3.0,2.0,4.0,427,427,0,1534.0,2653,2420,0,0.14210327930644553,0.11564266867696947,0.9121748963437618,11.880562060889929,0.1307882168713693,0.1,2.46870925684485,-0.0009908735332461063,0.0,nan,9.649540573708212,19.0,1489.0,7405.0,117.5,0.0,2.1657077100115076,,
informed,0.2,4200018,-31.199999999999946,-31.199999999999946,0.0,46.035000000000004,-77.23499999999996,-31.160000000000135,-0.039999999999810854,0.6145701502858277,-0.2900982324032429,-1629.1024097366537,31.794999999999845,-1.0575000000000696,-2.480555555555602,-3.475000000000236,0.017133066818960593,1.6907525566677701,0.6316390633923472,13.0,-2.0,3.0,-1.0,437,437,0,1591.0,2696,2456,7,0.14502967359050445,0.118026706231454,0.9109792284866469,11.805491990846681,0.12877373509836676,0.1,2.893463230672533,-0.01961030798240097,0.0,nan,8.950842597158669,44.0,1691.0,7509.0,124.5,0.0,2.1875719217491367,,
informed,0.2,4200019,-15.295000000000343,-15.295000000000343,0.0,23.330000000000002,-38.62500000000034,-15.299999999999736,0.0049999999993932676,0.5146751123421233,-0.16981586617287997,-953.6336519596916,15.480000000000416,-0.3820000000000291,-1.5177777777778105,-5.730000000000132,0.03255282695602513,1.5933084818246686,0.5933752141633353,15.0,-2.0,3.0,1.0,362,362,0,1271.0,2384,2182,1,0.1304530201342282,0.10662751677852349,0.915268456375839,12.616022099447514,0.14604844273845508,0.1,1.8355625491738787,-0.012033831628639137,0.0,nan,4.863236120545022,11.0,1055.0,7197.0,74.5,0.0,1.919586444572085,,
informed,0.2,4200020,-5.9799999999996345,-5.9799999999996345,0.0,17.475,-23.454999999999636,-5.979999999999982,3.4727776210274897e-13,0.1780248409817207,-0.19194753037265824,-1077.9182681762577,6.914999999999637,-0.2565000000000154,-0.6322222222221936,-1.4300000000000779,0.06853226727584237,1.2531573210223088,0.46145059965733864,9.0,-1.0,2.0,0.0,311,311,0,1110.0,2307,2139,0,0.12180320762895536,0.09622886866059818,0.9271781534460338,14.295819935691318,0.15139022940520608,0.1,1.5743243243243243,-0.005387387387387058,0.0,nan,8.419800581215567,6.0,887.0,7220.0,46.5,0.0,1.9713467048710602,,
informed,0.2,4200021,-19.969999999999743,-19.969999999999743,0.0,29.82,-49.78999999999974,-19.969999999999896,1.5276668818842154e-13,0.5531679283713434,-0.2062923026833164,-1158.4740955758994,20.494999999999663,-0.9099999999999284,-1.9122222222221994,-5.009999999999934,0.11764705882352941,1.4781416524305497,0.5311250713877784,11.0,-2.0,3.0,0.0,332,332,0,1204.0,2522,2331,2,0.11300555114988105,0.09547977795400475,0.9242664551942903,14.623493975903614,0.13823615393492064,0.1,2.4767441860465116,-0.016586378737541315,0.0,nan,5.997185180915321,21.0,1622.0,7416.0,69.5,0.0,2.1804123711340204,,
informed,0.2,4200022,-18.11000000000041,-18.11000000000041,0.0,31.990000000000002,-50.10000000000041,-18.109999999999985,-4.263256414560601e-13,0.5936547804557587,-0.17431968492912484,-978.9257122664114,18.595000000000454,-0.6809999999999602,-1.9644444444444815,-6.475000000000136,0.0,1.3569206243590541,0.44545973729297544,12.0,-1.0,2.0,0.0,321,321,0,1228.0,2465,2266,1,0.11764705882352941,0.09963488843813387,0.9192697768762678,14.741433021806854,0.1411003350548112,0.1,2.6050488599348536,-0.014747557003257665,0.0,nan,7.441585952336089,21.0,1498.0,7454.0,54.5,0.0,2.0690448791714613,,
informed,0.2,4200023,-14.76000000000002,-14.76000000000002,0.0,27.75,-42.51000000000002,-14.779999999999912,0.019999999999892992,0.46674280636196186,-0.1807052106496717,-1014.7848598820314,15.27499999999992,-0.7905000000000342,-1.7305555555555623,-2.5799999999999557,-0.03540833809251856,1.5162935141827374,0.5859508852084523,14.0,-2.0,2.0,2.0,339,339,0,1212.0,2378,2198,3,0.12699747687132043,0.10193439865433138,0.9243061396131202,13.507374631268437,0.1466008815172559,0.1,2.2896039603960396,-0.012178217821782194,0.0,nan,4.183016700756012,15.0,1243.0,7131.0,59.0,0.0,1.9530892448512587,,
informed,0.2,4200024,-19.229999999999933,-19.229999999999933,0.0,33.8,-53.02999999999993,-19.229999999999947,1.4210854715202004e-14,0.49951037931921366,-0.21998684879276773,-1235.3784527046453,19.69000000000011,-1.100999999999965,-1.775000000000023,-3.865000000000066,0.006282124500285551,1.6297720681365089,0.604797258709309,15.0,-3.0,2.0,0.0,360,360,0,1274.0,2607,2413,3,0.12236286919831224,0.09773686229382432,0.9255849635596471,13.952777777777778,0.13352068150172744,0.1,2.6530612244897958,-0.015094191522762899,0.0,nan,6.8633186936252635,24.0,1758.0,7593.0,58.5,0.0,2.0775862068965516,,
informed,0.2,4200025,-17.43999999999977,-17.43999999999977,0.0,28.075,-45.51499999999977,-17.45000000000003,0.010000000000260911,0.7824942782963435,-0.12735830231770684,-715.2050375727355,18.70999999999998,-0.6100000000000222,-2.190000000000015,-6.865000000000009,0.05996573386636208,1.690282570252971,0.5750999428897773,15.0,-2.0,2.0,2.0,336,336,0,1180.0,2447,2280,2,0.12300776460972619,0.09644462607274214,0.9317531671434409,14.074404761904763,0.14203537885357873,0.1,2.3792372881355934,-0.014779661016948957,0.0,nan,9.775072415094032,25.0,1436.0,7096.0,159.5,0.0,2.0627518710420265,,
informed,0.2,4200026,-12.609999999999772,-12.609999999999772,0.0,28.555,-41.16499999999977,-12.610000000000085,3.126388037344441e-13,0.3328236859229365,-0.2165024483077986,-1215.8111317336563,13.174999999999912,-0.6205000000000026,-1.2166666666666481,-2.0149999999999295,0.1644774414620217,1.8653457713957595,0.6841804683038264,15.0,-2.0,3.0,0.0,409,409,0,1510.0,2590,2363,1,0.14324324324324325,0.1166023166023166,0.9123552123552123,12.112469437652813,0.13479311374806802,0.1,1.8910596026490065,-0.008350993377483292,0.0,nan,7.515208717314698,6.0,1280.0,7346.0,69.5,0.0,2.0549828178694156,,
informed,0.2,4200027,-15.230000000000246,-15.230000000000246,0.0,33.415,-48.645000000000245,-15.229999999999997,-2.4868995751603507e-13,0.5853035112899981,-0.14868964520093766,-834.99529553503,15.639999999999958,-0.7825000000000741,-1.9938888888888817,-5.174999999999926,0.06967447173043975,1.4281776646196305,0.4774414620217019,11.0,-2.0,2.0,0.0,301,301,0,1110.0,2537,2364,1,0.10642491131257391,0.08750492707922744,0.9318092234923138,16.285714285714285,0.1370188193357002,0.1,3.01036036036036,-0.013720720720720942,0.0,nan,5.4412035890649,25.0,1841.0,7641.0,81.5,0.0,2.2168396770472896,,
informed,0.2,4200028,-10.840000000000202,-10.840000000000202,0.0,31.815,-42.6550000000002,-10.839999999999982,-2.2026824808563106e-13,0.5946702429627385,-0.10416337100415428,-584.9494404132877,11.015000000000228,-0.5375,-1.7700000000000609,-5.920000000000073,-0.009708737864077669,1.37507280352534,0.5328383780696745,9.0,-2.0,2.0,0.0,338,338,0,1232.0,2492,2309,0,0.12158908507223114,0.09887640449438202,0.9265650080256822,14.20414201183432,0.13983368962891565,0.1,2.5823863636363638,-0.008798701298701464,0.0,nan,4.650152174884297,31.0,1456.0,7319.0,58.5,0.0,2.0837636259323005,,
informed,0.2,4200029,-15.089999999999904,-15.089999999999904,0.0,21.555,-36.644999999999904,-15.089999999999986,8.171241461241152e-14,0.4345397278052294,-0.19843656612041807,-1114.3586962545937,15.654999999999887,-0.5219999999999969,-1.3699999999999888,-4.734999999999857,0.14962878355225587,1.5194902168049358,0.6499143346659052,9.0,-2.0,3.0,0.0,377,377,0,1294.0,2375,2191,3,0.14105263157894737,0.10896842105263158,0.9225263157894736,12.119363395225465,0.14691368846396968,0.1,1.6657650695517774,-0.01166151468315294,0.0,nan,3.260909833440343,9.0,1113.0,7103.0,104.5,0.0,1.9306590257879657,,
noise,0.05,4200000,1.800000000000125,1.800000000000125,0.0,13.57,-11.769999999999875,1.7399999999996743,0.060000000000450804,0.07181896598535518,0.14321724275189912,804.2639672434972,0.7650000000000148,-0.06799999999994241,-0.17555555555556168,-0.5799999999999699,-0.08909194745859508,1.949110071820234,1.2998286693318104,6.0,-4.0,4.0,4.0,370,370,0,1278.0,1416,1231,0,0.2288135593220339,0.1805084745762712,0.8693502824858758,7.154054054054054,0.24752475247524752,0.13647409,1.0618153364632237,0.00140845070422545,0.0,nan,1.803437123747146,0.0,0.0,4786.0,28.5,0.0,1.2964020559680183,False,
noise,0.05,4200001,-7.309999999999377,-7.309999999999377,0.0,14.035,-21.344999999999377,-7.310000000000327,9.50350909079134e-13,0.4027477523867107,-0.1037161059841667,-582.4377376848138,8.249999999999858,-0.15949999999993167,-0.9983333333333206,-4.960000000000008,0.22672758423757852,2.365392636296965,1.5094231867504284,17.0,-3.0,4.0,0.0,408,408,0,1438.0,1642,1437,0,0.22107186358099878,0.17515225334957368,0.8751522533495737,7.546568627450981,0.2133366893237805,0.115539769,0.9760083449235049,-0.005083449235048245,0.0,nan,8.37664246083207,0.0,0.0,4925.0,72.5,0.0,1.3011428571428572,False,
noise,0.05,4200002,2.4800000000007003,2.4800000000007003,0.0,13.705,-11.2249999999993,2.4900000000002893,-0.009999999999589004,0.06406062399632823,0.2212190217229985,1242.2979567403024,0.5749999999999318,-0.06799999999999498,-0.1522222222222464,-0.36000000000001364,0.32153055396916047,2.043498737952471,1.4740148486579097,10.0,-3.0,4.0,1.0,394,394,0,1403.0,1495,1296,0,0.23745819397993312,0.18769230769230769,0.8668896321070234,7.083756345177665,0.23442732752846618,0.138275031,0.9768353528153956,0.0017676407697795442,0.0,nan,1.6873609796951372,0.0,0.0,4809.0,27.5,0.0,1.289548829240434,False,
noise,0.05,4200003,-1.7799999999996317,-1.7799999999996317,0.0,10.535,-12.314999999999632,-1.7899999999997471,0.010000000000115472,0.13845296427636863,-0.07346486674798151,-412.55608646301073,3.079999999999842,-0.0809999999999732,-0.46611111111111353,-1.2200000000000273,-0.01599086236436322,2.19931356507905,1.335237007424329,14.0,-4.0,4.0,-2.0,297,297,0,1074.0,1287,1123,0,0.20512820512820512,0.1668997668997669,0.8725718725718725,8.114478114478114,0.2722183017859922,0.154382554,0.9809124767225326,-0.0016573556797017054,0.0,nan,1.681754572092834,0.0,0.0,4676.0,33.0,0.0,1.2731428571428571,False,
noise,0.05,4200004,2.185000000000244,2.185000000000244,0.0,14.85,-12.664999999999756,2.1800000000001285,0.005000000000115357,0.0824949916377979,0.1513511794817241,849.9416530998666,0.5949999999999136,-0.12650000000004127,-0.2144444444444389,-0.5,-0.11593375214163336,2.3038052905695445,1.5950885208452312,9.0,-4.0,4.0,-1.0,432,432,0,1501.0,1540,1321,0,0.24545454545454545,0.19493506493506493,0.8577922077922078,6.622685185185185,0.22612188074577375,0.11646361599999999,0.9893404397068621,0.001455696202531808,0.0,nan,2.0334834640458577,0.0,0.0,4957.0,32.5,0.0,1.3266704740148487,False,
noise,0.05,4200005,-0.7399999999994407,-0.7399999999994407,0.0,14.065,-14.80499999999944,-0.7200000000002541,-0.019999999999186557,0.06655396467126737,-0.06353598090593976,-356.79851869959697,1.7649999999998727,-0.1049999999999514,-0.21444444444445626,-0.3949999999999534,0.047401484865790974,2.0575758355664258,1.2272986864648772,13.0,-3.0,3.0,4.0,405,405,0,1442.0,1576,1357,0,0.22588832487309646,0.18299492385786803,0.8610406091370558,7.241975308641975,0.22234118772045744,0.11600835,0.9753814147018031,-0.0005131761442437175,0.0,nan,2.1754829803489146,0.0,0.0,4936.0,49.5,0.0,1.3038263849229013,False,
noise,0.05,4200006,0.6600000000002808,0.6600000000002808,0.0,13.925,-13.26499999999972,0.6400000000001824,0.020000000000098384,0.061591015594568116,0.06123342073552021,343.86804928198256,1.0199999999999818,-0.08150000000004809,-0.17444444444442947,-0.38499999999990564,-0.2541404911479155,2.2197786330120657,1.5288406624785837,10.0,-4.0,4.0,-2.0,393,393,0,1364.0,1540,1346,0,0.22792207792207791,0.17714285714285713,0.874025974025974,7.343511450381679,0.2274166161072822,0.11430744649999999,1.0208944281524928,0.0004838709677421414,0.0,nan,2.317954264728764,0.0,0.0,4881.0,37.5,0.0,1.3093196112064036,False,
noise,0.05,4200007,-0.6800000000001489,-0.6800000000001489,0.0,12.525,-13.20500000000015,-0.6999999999998723,0.01999999999972335,0.09763460246933059,-0.03979853645571747,-223.49633469630416,2.2000000000003297,-0.11100000000001271,-0.31444444444447267,-0.8650000000000091,0.05139920045688178,2.2531625178372976,1.488292404340377,14.0,-3.0,4.0,-2.0,358,358,0,1244.0,1447,1270,0,0.22252937111264687,0.17194194885970973,0.8776779543883898,7.589385474860335,0.2422145328719723,0.107054589,1.0068327974276527,-0.0005466237942123384,0.0,nan,2.3421489855573947,0.0,0.0,4709.0,22.0,0.0,1.2906910336950315,False,
noise,0.05,4200008,-1.7499999999995453,-1.7499999999995453,0.0,13.02,-14.769999999999545,-1.729999999999981,-0.019999999999564144,0.17537480388893562,-0.0570207337556333,-320.2108954498268,2.9950000000000614,-0.10649999999998414,-0.4044444444444445,-2.180000000000092,0.2924043403769275,2.1793235551517847,1.5237007424328954,12.0,-3.0,5.0,-4.0,386,386,0,1322.0,1483,1300,0,0.23128792987188132,0.17828725556304786,0.8766014834794336,7.209844559585492,0.23627199387981096,0.112568921,0.9848714069591528,-0.0013237518910737861,0.0,nan,1.9991879079925132,0.0,0.0,4717.0,27.0,0.0,1.2598515134209023,False,
noise,0.05,4200009,2.4700000000008373,2.4700000000008373,0.0,14.17,-11.699999999999163,2.4600000000002917,0.010000000000545572,0.061128643054149646,0.2308947983973344,1296.6341412997574,0.32499999999986073,-0.07599999999996496,-0.13777777777776457,-0.23999999999998067,0.21644774414620216,2.2031292714010338,1.499143346659052,15.0,-3.0,4.0,-1.0,373,373,0,1307.0,1406,1217,0,0.2361308677098151,0.18591749644381222,0.8655761024182077,7.032171581769437,0.24923125606766383,0.131991183,1.0841622035195104,0.0018898240244841907,0.0,nan,1.6417364584962009,0.0,0.0,4877.0,36.5,0.0,1.3226727584237579,False,
noise,0.05,4200010,0.24500000000013245,0.24500000000013245,0.0,12.545,-12.299999999999867,0.23999999999989158,0.005000000000240867,0.11334597630627576,0.012351563289884878,69.36257885086414,1.7099999999996385,-0.09999999999993747,-0.25099999999995076,-1.3049999999997226,0.06167904054825814,1.9938997005301682,1.2667047401484866,11.0,-4.0,4.0,1.0,334,334,0,1251.0,1389,1201,0,0.21886249100071994,0.18012958963282938,0.8646508279337654,7.754491017964072,0.25228257780821917,0.13178318,1.0027977617905675,0.00019584332533983408,0.0,nan,2.2501852711195287,0.0,0.0,4627.0,18.0,0.0,1.2924043403769274,False,
noise,0.05,4200011,-0.7200000000000131,-0.7200000000000131,0.0,16.965,-17.685000000000013,-0.7200000000001812,1.680877659282487e-13,0.08771321196584758,-0.046906111657246646,-263.4102900219631,1.3399999999998897,-0.19300000000005182,-0.2572222222222267,-0.355000000000004,0.07538549400342662,2.0590995568530177,1.3672187321530553,10.0,-4.0,3.0,0.0,464,464,0,1686.0,1720,1473,0,0.24011627906976743,0.19604651162790698,0.8563953488372092,6.881465517241379,0.20340356307916185,0.1,1.0062277580071175,-0.0004270462633452035,0.0,nan,2.952026933827965,0.0,0.0,4990.0,47.5,0.0,1.3184676958261865,False,
noise,0.05,4200012,-12.160000000000082,-12.160000000000082,0.0,18.195,-30.355000000000082,-12.160000000000075,-7.105427357601002e-15,1.069231257079873,-0.06498660960911665,-364.94480313711705,14.155000000000214,-0.07499999999999715,-1.7133333333333445,-14.105000000000132,-0.15705311250713877,2.357995547198017,1.4077669902912622,13.0,-4.5,4.0,0.0,364,364,0,1268.0,1611,1429,0,0.20360024829298573,0.1574177529484792,0.8870266914959652,8.351648351648352,0.21742405088564323,0.1,1.4349369085173502,-0.00958990536277609,0.0,nan,27.328622046107878,0.0,0.0,4762.0,247.5,0.0,1.3198172472872645,False,
noise,0.05,4200013,0.8550000000003308,0.8550000000003308,0.0,15.095,-14.23999999999967,0.8599999999997822,-0.004999999999451332,0.08199024732742685,0.05958896874899215,334.63331292472947,1.1249999999998863,-0.0874999999999815,-0.24999999999996525,-0.5449999999999875,0.24214734437464305,2.2197042838923027,1.3557966876070817,11.0,-3.0,5.0,-1.0,408,408,0,1471.0,1450,1224,0,0.2496551724137931,0.20289655172413792,0.8441379310344828,6.553921568627451,0.24166224610151935,0.109104087,1.0261726716519375,0.0005812372535692256,0.0,nan,2.102186362811965,0.0,0.0,4835.0,15.5,0.0,1.2752712735579668,False,
noise,0.05,4200014,-10.220000000000255,-10.220000000000255,0.0,13.835,-24.055000000000256,-10.219999999999798,-4.565237077258644e-13,0.9199369106304309,-0.06348261421533793,-356.49882778614716,12.525000000000148,-0.09499999999998324,-1.5005555555555818,-12.125000000000227,0.021701884637350087,2.27734043492181,1.433466590519703,12.0,-4.0,3.5,0.0,329,329,0,1154.0,1548,1374,0,0.18863049095607234,0.14909560723514212,0.8875968992248062,8.881458966565349,0.22636523728460547,0.1,1.1988734835355286,-0.008856152512998488,0.0,nan,13.306107288798069,0.0,0.0,4617.0,128.5,0.0,1.3238149628783553,False,
noise,0.05,4200015,2.7550000000006207,2.7550000000006207,0.0,14.94,-12.184999999999379,2.7799999999999088,-0.024999999999288036,0.06267519943306911,0.2511816042910641,1410.5586009338156,0.4299999999999784,-0.0845000000000013,-0.14888888888890822,-0.2650000000000432,-0.04854368932038835,2.403223823077654,1.6807538549400343,13.0,-4.0,4.0,-5.0,409,409,0,1507.0,1525,1302,0,0.24,0.19763934426229507,0.8537704918032787,6.9119804400978,0.22971083404464873,0.115758066,0.9913735899137359,0.0018281353682817656,0.0,nan,1.69996981921911,0.0,0.0,4914.0,45.5,0.0,1.3005714285714285,False,
noise,0.05,4200016,0.040000000001043645,0.040000000001043645,0.0,13.540000000000001,-13.499999999998957,-0.009999999999744914,0.05000000000078856,0.07315512007218375,0.00312447615904199,17.546096705562448,1.0199999999999392,-0.08799999999998959,-0.2294444444444505,-0.49500000000000455,0.10736721873215306,2.057679819136145,1.3615077098800685,10.0,-3.0,4.0,-4.0,376,376,0,1336.0,1425,1226,0,0.23789473684210527,0.18750877192982457,0.8603508771929824,7.050531914893617,0.2458728957680956,0.111737788,1.0134730538922156,2.9940119761260213e-05,0.0,nan,2.649848643822065,0.0,0.0,4863.0,71.5,0.0,1.3232438606510566,False,
noise,0.05,4200017,-2.629999999999825,-2.629999999999825,0.0,14.76,-17.389999999999823,-2.6099999999998964,-0.01999999999992852,0.13527589639140694,-0.11109570758331401,-623.8793095567731,3.634999999999991,-0.19699999999993306,-0.45166666666668376,-1.1499999999999773,-0.18503712164477443,2.368174670357835,1.3980582524271845,11.0,-4.0,4.0,-1.0,372,372,0,1317.0,1556,1359,0,0.2095115681233933,0.16928020565552698,0.8733933161953727,7.836021505376344,0.22480134237902188,0.12328149,1.1207289293849658,-0.001996962794229176,0.0,nan,2.04965436179085,0.0,0.0,4789.0,34.5,0.0,1.3003432494279177,False,
noise,0.05,4200018,0.8900000000002137,0.8900000000002137,0.0,15.865,-14.974999999999786,0.9308333333330316,-0.04083333333281791,0.1069556174545805,0.04754976322655697,267.0248391831475,1.259999999999991,-0.077999999999939,-0.2594444444444485,-1.080000000000041,0.05311250713877784,2.3592365036119047,1.5733866362078812,13.0,-4.0,4.0,-8.0,428,428,0,1512.0,1604,1368,0,0.23566084788029926,0.1885286783042394,0.8528678304239401,6.94392523364486,0.21843649829837702,0.1115747205,1.0492724867724867,0.00058862433862448,0.0,nan,2.5073748980766317,0.0,0.0,4902.0,25.5,0.0,1.2935465448315249,False,
noise,0.05,4200019,3.805000000000291,3.805000000000291,0.0,13.34,-9.534999999999709,3.729999999999982,0.07500000000030882,0.05168113045070674,0.4207117172794248,2362.5875509357124,0.2699999999998681,-0.031500000000019665,-0.07888888888884872,-0.15499999999993008,-0.20045688178183896,2.161212463302293,1.3906339234723015,14.0,-4.0,3.0,5.0,367,367,0,1285.0,1347,1158,0,0.2412769116555308,0.19079435783221974,0.8596881959910914,6.825613079019074,0.2601693614230483,0.13342557,1.0381322957198444,0.0029610894941636506,0.0,nan,2.2041644774945164,0.0,0.0,4759.0,17.0,0.0,1.2952598515134208,False,
noise,0.05,4200020,-2.920000000000357,-2.920000000000357,0.0,15.195,-18.115000000000357,-2.9199999999999275,-4.2943426592501055e-13,0.21922968213810362,-0.07611065309671511,-427.4140084870887,3.3549999999999613,-0.14649999999992075,-0.5111111111110821,-2.7549999999999386,0.22958309537407195,2.299617279465384,1.5031410622501429,16.0,-3.0,4.0,0.0,402,402,0,1440.0,1555,1340,0,0.2315112540192926,0.18520900321543407,0.8617363344051447,7.201492537313433,0.22530261942240823,0.103578796,1.0552083333333333,-0.0020277777777780257,0.0,nan,5.38749924867405,0.0,0.0,4801.0,34.5,0.0,1.302113078241005,False,
noise,0.05,4200021,0.6699999999999591,0.6699999999999591,0.0,14.855,-14.185000000000041,0.6699999999996189,3.4017233474514796e-13,0.07353296458140737,0.05206605568489808,292.38694796267254,0.9950000000000614,-0.09499999999997044,-0.1899999999999949,-0.4049999999999727,-0.16105082809822957,2.138358661445244,1.4837235865219873,9.0,-4.0,3.0,0.0,394,394,0,1442.0,1505,1287,0,0.23588039867109634,0.19162790697674417,0.8551495016611296,7.086294416243655,0.2328052318137059,0.115750804,1.0301664355062414,0.00046463245492368865,0.0,nan,2.4477556242971494,0.0,0.0,4722.0,25.5,0.0,1.3089663049685893,False,
noise,0.05,4200022,-1.2549999999994839,-1.2549999999994839,0.0,14.115,-15.369999999999484,-1.2900000000000176,0.035000000000533715,0.12037835127149399,-0.05957407204599122,-334.54965762440276,1.7199999999999704,-0.16999999999990792,-0.3716666666666397,-1.224999999999966,-0.1901770416904626,2.151549857106926,1.3232438606510566,10.0,-4.0,4.0,-3.0,400,400,0,1391.0,1546,1341,0,0.2257438551099612,0.1799482535575679,0.8673997412677878,7.2175,0.2266839378238342,0.107742182,1.0147375988497485,-0.0009022286125086153,0.0,nan,1.798760031677754,0.0,0.0,4874.0,22.5,0.0,1.3049685893774985,False,
noise,0.05,4200023,-4.659999999999997,-4.659999999999997,0.0,10.895,-15.554999999999996,-4.6699999999999084,0.009999999999911857,0.28699253922320705,-0.0927848908569054,-521.051397073067,5.260000000000133,-0.13549999999997336,-0.7194444444444328,-3.5999999999999375,0.1353512278697887,2.1916879682557346,1.198743575099943,10.0,-3.0,4.0,-2.0,297,297,0,1060.0,1493,1334,0,0.18017414601473544,0.1419959812458138,0.8935030140656397,9.518518518518519,0.23468733544265596,0.116848643,1.0278301886792454,-0.004396226415094336,0.0,nan,3.2849302666105347,0.0,0.0,4685.0,58.5,0.0,1.3072529982866934,False,
noise,0.05,4200024,0.7800000000001432,0.7800000000001432,0.0,13.93,-13.149999999999856,0.7199999999998906,0.06000000000025263,0.132427022378952,0.03365735162714114,189.00933034611822,1.814999999999742,-0.06449999999998964,-0.28111111111108755,-1.5699999999998795,-0.010279840091376356,2.461330280980625,1.6287835522558538,15.0,-4.0,4.0,4.0,386,386,0,1394.0,1433,1222,0,0.23726448011165388,0.19455687369155616,0.8527564549895325,6.8782383419689115,0.24443859916561847,0.1279827,0.9992826398852224,0.0005595408895266451,0.0,nan,2.134807727034186,0.0,0.0,4749.0,19.5,0.0,1.2914285714285714,False,
noise,0.05,4200025,2.2199999999992883,2.2199999999992883,0.0,14.0,-11.780000000000712,2.21999999999989,-6.017408793468348e-13,0.061053383193268036,0.20778069325909182,1166.8324390705768,0.7450000000002319,-0.06499999999995794,-0.15388888888890997,-0.3100000000000591,0.22729868646487722,2.3866101740052397,1.6847515705311251,10.0,-4.0,5.0,-2.0,383,383,0,1392.0,1432,1223,0,0.2409217877094972,0.19441340782122904,0.854050279329609,6.932114882506528,0.24464179780559442,0.127571468,1.0057471264367817,0.0015948275862063853,0.0,nan,2.16981060181463,0.0,0.0,4723.0,20.0,0.0,1.292,False,
noise,0.05,4200026,1.3500000000001648,1.3500000000001648,0.0,16.335,-14.984999999999836,1.359999999999892,-0.009999999999727116,0.06936020068039085,0.11122063717539961,624.5808757049983,1.1200000000000188,-0.10150000000000005,-0.1738888888888839,-0.35000000000002274,-0.19760137064534553,2.406163550162265,1.5362649914334665,13.0,-4.0,4.0,-1.0,444,444,0,1605.0,1523,1285,0,0.26198292843072885,0.21076822061720288,0.8437294812869337,6.324324324324325,0.2300755018593031,0.115245495,1.0177570093457944,0.0008411214953272055,0.0,nan,2.094974554923572,0.0,0.0,4810.0,43.5,0.0,1.2992575671045117,False,
noise,0.05,4200027,0.5299999999999159,0.5299999999999159,0.0,15.540000000000001,-15.010000000000085,0.5299999999998001,1.1579626146840383e-13,0.11423520948914066,0.02651171597719044,148.88163925335206,1.754999999999967,-0.08500000000000511,-0.28722222222221677,-1.220000000000013,0.09822958309537407,2.37504450187741,1.5796687607081668,10.0,-4.0,4.0,0.0,420,420,0,1520.0,1527,1294,0,0.24492468893254749,0.1990831696136215,0.8474132285527177,6.716666666666667,0.2283558503154098,0.124071212,1.0223684210526316,0.0003486842105262604,0.0,nan,1.783011751049703,0.0,0.0,5016.0,42.5,0.0,1.3053173241852487,False,
noise,0.05,4200028,-1.500000000000071,-1.500000000000071,0.0,14.790000000000001,-16.29000000000007,-1.499999999999966,-1.0502709812953981e-13,0.1265534019566272,-0.06772973652945818,-380.34935985957964,2.929999999999879,-0.09500000000001733,-0.4027777777777399,-1.049999999999983,-0.287835522558538,2.201309367976504,1.3672187321530553,11.0,-5.0,3.0,0.0,377,377,0,1342.0,1528,1323,0,0.21269633507853403,0.17565445026178012,0.8658376963350786,7.562334217506631,0.22758097320904327,0.10891869800000001,1.102086438152012,-0.0011177347242921542,0.0,nan,1.8823645474325938,0.0,0.0,4813.0,55.5,0.0,1.2860411899313502,False,
noise,0.05,4200029,-1.5400000000004894,-1.5400000000004894,0.0,12.465,-14.00500000000049,-1.539999999999618,-8.715250743307479e-13,0.11383083839678731,-0.07730769731597761,-434.13624049107824,3.375000000000341,-0.16499999999998916,-0.41166666666668383,-0.7149999999999608,-0.07252998286693318,2.4631827752832827,1.480868075385494,14.0,-4.0,3.0,0.0,359,359,0,1232.0,1446,1271,0,0.22544951590594745,0.17040110650069157,0.8789764868603043,7.56824512534819,0.241477050468144,0.109222007,1.0117694805194806,-0.0012500000000003973,0.0,nan,1.6523823746913866,0.0,0.0,4797.0,75.5,0.0,1.287835522558538,False,
noise,0.2,4200000,0.6000000000002501,0.6000000000002501,0.0,11.205,-10.60499999999975,0.6000000000000554,1.9473311851925246e-13,0.12696258968288204,0.027004580145509754,151.6494127679654,0.7699999999998681,-0.0794999999999831,-0.19388888888889097,-0.530000000000058,-0.020559680182752713,1.4408695284475992,0.6384922901199315,10.0,-2.0,3.0,0.0,276,276,0,984.0,1475,1328,0,0.16338983050847458,0.13342372881355932,0.9003389830508475,10.155797101449275,0.23754786215207058,0.120821112,1.138719512195122,0.0006097560975612297,0.0,nan,3.0225812182851586,0.0,0.0,4758.0,15.5,0.0,1.3226727584237579,False,
noise,0.2,4200001,-2.439999999999884,-2.439999999999884,0.0,9.785,-12.224999999999884,-2.439999999999963,7.904787935331115e-14,0.15300964263376998,-0.09112404226855715,-511.72458244523824,3.5549999999997794,-0.09500000000002587,-0.3794444444444341,-1.499999999999858,0.07310108509423187,1.4296051982647981,0.6270702455739577,10.0,-2.0,3.0,0.0,245,245,0,870.0,1660,1532,0,0.12710843373493977,0.10481927710843374,0.9228915662650602,13.028571428571428,0.2109742821206273,0.1,1.124712643678161,-0.002804597701149292,0.0,nan,6.230236308443859,0.0,0.0,4915.0,65.5,0.0,1.3474285714285714,False,
noise,0.2,4200002,-0.5099999999999341,-0.5099999999999341,0.0,10.025,-10.534999999999934,-0.5099999999999998,6.572520305780927e-14,0.05350710095134156,-0.05446540108640045,-305.86093345716114,0.8999999999998636,-0.07300000000003024,-0.18055555555555397,-0.3250000000000455,0.10850942318675043,1.60797967488215,0.8315248429468874,7.0,-3.0,3.0,0.0,334,334,0,1238.0,1551,1359,0,0.18697614442295293,0.15963894261766604,0.8762088974854932,8.7125748502994,0.22587105135700453,0.133176336,0.8097738287560582,-0.00041195476575115836,0.0,nan,1.7556521894909676,0.0,0.0,4811.0,34.5,0.0,1.2754285714285714,False,
noise,0.2,4200003,0.030000000000114824,0.030000000000114824,0.0,8.345,-8.314999999999886,0.029999999999981684,1.3314002678121994e-13,0.06213143544886038,0.0027591278101135827,15.4944127959368,0.5200000000000387,-0.05950000000000129,-0.18777777777777593,-0.4200000000000159,-0.03597944031981725,1.3637916404791064,0.5979440319817247,7.0,-2.0,2.0,0.0,247,247,0,882.0,1352,1230,0,0.16420118343195267,0.13047337278106508,0.9097633136094675,10.45344129554656,0.25896914745185184,0.17356275799999998,0.9461451247165533,3.4013605442307055e-05,0.0,nan,1.8589291101692553,0.0,0.0,4677.0,32.5,0.0,1.2915951972555746,False,
noise,0.2,4200004,-1.7099999999999511,-1.7099999999999511,0.0,10.045,-11.754999999999951,-1.709999999999963,1.199040866595169e-14,0.05946315661881639,-0.16432744453960324,-922.8123648585919,1.9349999999999454,-0.15300000000002284,-0.21277777777777532,-0.32999999999995566,-0.021701884637350087,1.509379645789934,0.7561393489434609,6.0,-3.0,3.0,0.0,325,325,0,1184.0,1632,1446,0,0.17769607843137256,0.1450980392156863,0.8860294117647058,9.47076923076923,0.2147239263803681,0.10774293900000001,0.8483952702702703,-0.0014442567567567156,0.0,nan,2.8462740613493103,0.0,0.0,4944.0,41.0,0.0,1.3409480296973157,False,
noise,0.2,4200005,-1.260000000000332,-1.260000000000332,0.0,10.625,-11.885000000000332,-1.290000000000109,0.029999999999777094,0.08178075540139294,-0.08804027261258658,-494.40708093550387,1.7800000000000864,-0.099999999999946,-0.2750000000000025,-0.6400000000000148,-0.05025699600228441,1.5449808909402507,0.7252998286693318,9.0,-3.0,3.0,-2.0,295,295,0,1042.0,1609,1450,0,0.15848353014294592,0.12952144188937229,0.9011808576755749,10.36949152542373,0.21777537614934658,0.111392765,1.0196737044145874,-0.0012092130518237352,0.0,nan,2.7053424686990395,0.0,0.0,4905.0,61.5,0.0,1.3358081096516277,False,
noise,0.2,4200006,-1.3149999999995714,-1.3149999999995714,0.0,9.69,-11.004999999999571,-1.3199999999999268,0.005000000000355387,0.055586926555986904,-0.13518080922705647,-759.1338293845006,1.4449999999996095,-0.14649999999996055,-0.1866666666666611,-0.25499999999999545,-0.03769274700171331,1.6850049659888637,0.7846944603083952,9.0,-3.0,3.0,-1.0,309,309,0,1079.0,1588,1432,0,0.16561712846347607,0.13589420654911838,0.9017632241813602,9.77346278317152,0.22053389380390917,0.1122903385,0.8980537534754403,-0.0012187210379977491,0.0,nan,2.5113712776518264,0.0,0.0,4913.0,27.5,0.0,1.3419096626643796,False,
noise,0.2,4200007,-3.4199999999998454,-3.4199999999998454,0.0,17.990000000000002,-21.409999999999847,-3.4200000000000723,2.26929586233382e-13,0.18604339854242063,-0.10504461483700643,-589.8982346192084,3.709999999999809,-0.07949999999997458,-0.4483333333332982,-2.3499999999999943,0.06167904054825814,1.350029858506191,0.6019417475728155,9.0,-2.0,3.0,0.0,243,243,0,858.0,1993,1863,0,0.10436527847466132,0.08610135474159558,0.9347717009533367,15.868312757201647,0.17576364839879458,0.1,2.096736596736597,-0.003986013986013805,0.0,nan,4.705760068702522,0.0,0.0,4702.0,146.5,0.0,1.3700742432895487,False,
noise,0.2,4200008,-0.870000000000033,-0.870000000000033,0.0,9.325000000000001,-10.195000000000034,-0.8700000000000178,-1.5210055437364645e-14,0.055482463686135866,-0.08960360159116432,-503.1862554417173,0.9150000000000915,-0.09650000000001739,-0.18500000000001174,-0.3150000000001114,0.07081667618503712,1.6562393897427339,0.8383780696744717,8.0,-3.0,4.0,0.0,316,316,0,1108.0,1507,1332,0,0.1798274717982747,0.14704711347047114,0.8838752488387525,8.984177215189874,0.23250420128637875,0.123031065,0.8416064981949458,-0.0007851985559567085,0.0,nan,2.006215519445757,0.0,0.0,4751.0,32.5,0.0,1.282124500285551,False,
noise,0.2,4200009,-0.8599999999997863,-0.8599999999997863,0.0,9.585,-10.444999999999787,-0.9100000000000182,0.05000000000023197,0.05085610273654521,-0.09663118976580731,-542.6510282364507,1.279999999999859,-0.07099999999998372,-0.18277777777777893,-0.2899999999999636,0.11878926327812679,1.5629366246808567,0.7035979440319817,12.0,-2.0,3.0,-5.0,300,300,0,1091.0,1523,1354,0,0.17465528562048588,0.1432698621142482,0.8890347997373604,9.59,0.23005962098553584,0.115084918,0.8785517873510541,-0.0007882676443627738,0.0,nan,1.9395615020274075,0.0,0.0,4902.0,27.5,0.0,1.3340948029697315,False,
noise,0.2,4200010,0.8200000000001637,0.8200000000001637,0.0,11.855,-11.034999999999837,0.8200000000001457,1.7985612998927536e-14,0.18596992888614802,0.025196085806882495,141.49346503727585,3.2949999999998028,-0.08599999999996155,-0.24055555555554678,-0.5850000000000506,-0.015419760137064534,1.1669794527345727,0.4894346087949743,7.0,-2.0,2.0,0.0,237,237,0,852.0,1545,1416,0,0.13592233009708737,0.11029126213592233,0.916504854368932,12.49367088607595,0.2267763677381724,0.112074053,1.391431924882629,0.0009624413145541828,0.0,nan,4.9089960353531135,0.0,0.0,4669.0,34.5,0.0,1.338663620788121,False,
noise,0.2,4200011,-1.8800000000002797,-1.8800000000002797,0.0,13.86,-15.740000000000279,-1.8799999999999817,-2.97983859809392e-13,0.1710473724220227,-0.06280632663770505,-352.70100484434704,3.034999999999968,-0.21150000000003075,-0.30388888888889354,-0.4300000000000068,0.05311250713877784,1.6618919772170435,0.8960593946316391,8.0,-3.0,4.0,0.0,392,392,0,1436.0,1822,1601,0,0.1893523600439078,0.15762897914379803,0.8787047200878156,8.732142857142858,0.19205944431978023,0.1,0.9651810584958217,-0.0013091922005572978,0.0,nan,3.1322103989684535,0.0,0.0,4997.0,25.5,0.0,1.3516295025728988,False,
noise,0.2,4200012,-171.26000000000022,-171.26000000000022,0.0,112.665,-283.92500000000024,-171.25999999999993,-2.8421709430404007e-13,9.263887065813378,-0.10563908697030817,-593.2366072003174,197.88000000000002,-0.10750000000002015,-19.272222222222215,-98.09999999999994,-0.05368360936607653,1.4050886025420186,0.5551113649343232,11.0,-2.5,2.0,0.0,223,223,0,784.0,1770,1658,0,0.11073446327683616,0.08858757062146892,0.9367231638418079,15.372197309417041,0.1838580954539288,0.1,14.370535714285714,-0.21844387755102068,0.0,nan,397.5472705615065,0.0,0.0,4784.0,3737.5,1.0,1.520297312750143,False,
noise,0.2,4200013,-2.339999999999975,-2.339999999999975,0.0,8.305,-10.644999999999975,-2.309999999999964,-0.030000000000010907,0.12155626049832785,-0.11000197370839956,-617.7372366579732,2.544999999999959,-0.0679999999999623,-0.34111111111109615,-1.224999999999966,0.02912621359223301,1.480795501997502,0.6687607081667618,8.0,-3.0,3.0,-2.0,253,253,0,906.0,1512,1376,0,0.14682539682539683,0.11984126984126985,0.91005291005291,11.41501976284585,0.23171106122384105,0.13014482249999998,0.9166666666666666,-0.002582781456953615,0.0,nan,2.651244295608447,0.0,0.0,4814.0,22.5,0.0,1.3243860651056538,False,
noise,0.2,4200014,-2.960000000000946,-2.960000000000946,0.0,9.35,-12.310000000000946,-2.959999999999927,-1.0187406473960436e-12,0.2340434643085603,-0.07226984852690231,-405.84523184141744,3.565000000000424,-0.0799999999999926,-0.4816666666667086,-3.015000000000043,0.0508280982295831,1.4978523172850178,0.6596230725299829,12.0,-2.0,3.0,0.0,271,271,0,950.0,1553,1418,0,0.1519639407598197,0.12234385061171925,0.9130714745653574,10.96309963099631,0.2255399789555126,0.1,0.9842105263157894,-0.0031157894736852064,0.0,nan,5.447394554127045,0.0,0.0,4623.0,52.5,0.0,1.3314285714285714,False,
noise,0.2,4200015,-0.6999999999999318,-0.6999999999999318,0.0,10.44,-11.139999999999931,-0.6799999999999276,-0.020000000000004237,0.06870309267077192,-0.058221542066057744,-326.95426543156816,1.419999999999746,-0.12800000000000294,-0.17777777777776294,-0.26000000000004775,-0.059394631639063396,1.6041463547021302,0.8109651627641348,9.0,-3.0,3.0,-4.0,331,331,0,1150.0,1623,1451,0,0.1756007393715342,0.14171287738755392,0.8940234134319162,9.287009063444108,0.21582331909315236,0.104331967,0.9078260869565218,-0.0006086956521738537,0.0,nan,1.8349651048289328,0.0,0.0,4891.0,50.5,0.0,1.2994285714285714,False,
noise,0.2,4200016,-0.9800000000002456,-0.9800000000002456,0.0,9.65,-10.630000000000246,-0.990000000000018,0.009999999999772413,0.06794233525233138,-0.08242283664821845,-462.8612890487996,1.3500000000001364,-0.058999999999994626,-0.22499999999999748,-0.6499999999999915,0.09594517418617933,1.394670694238066,0.5688178183894917,7.0,-2.0,3.0,-2.0,266,266,0,948.0,1552,1408,0,0.15270618556701032,0.12216494845360824,0.9072164948453608,11.12781954887218,0.2257083102322581,0.100081222,1.0179324894514767,-0.0010337552742618625,0.0,nan,3.9556643398434734,0.0,0.0,4858.0,78.5,0.0,1.375214163335237,False,
noise,0.2,4200017,303.5300000000001,303.5300000000001,0.0,324.56,-21.029999999999916,303.53000000000014,-5.684341886080802e-14,21.38040504000982,0.08112368028629016,455.5656266715806,7.240000000000009,-0.08449999999999702,-1.1855555555555652,-5.940000000000055,-0.07252998286693318,1.0519864248819302,0.2747001713306682,7.0,-1.0,0.0,0.0,98,98,0,348.0,2806,2756,0,0.03243050605844619,0.0248039914468995,0.9821810406272273,56.755102040816325,0.12398300377853066,0.1,93.26436781609195,0.8722126436781612,0.0,nan,9.014175655237937,0.0,0.0,4768.0,522.5,1.0,1.7040641099026903,False,
noise,0.2,4200018,,,,,,,,,,,,,,,,,,,,,,,,,,,,,,,,,,,,,,,,,,,,1.0,,False,1.0
noise,0.2,4200019,0.7549999999997681,0.7549999999997681,0.0,9.24,-8.485000000000232,0.7700000000001277,-0.015000000000359615,0.043517582276127814,0.09913891095579203,556.733618811746,0.38999999999998636,-0.06000000000003354,-0.12500000000002684,-0.21000000000003638,-0.09194745859508852,1.6310445650026448,0.8035408338092519,12.0,-3.0,3.0,-3.0,312,312,0,1105.0,1445,1284,0,0.19100346020761247,0.15294117647058825,0.8885813148788927,8.746794871794872,0.24250020174220374,0.120541114,0.8361990950226245,0.0006832579185518263,0.0,nan,2.0391449416936793,0.0,0.0,4786.0,16.5,0.0,1.2946887492861223,False,
noise,0.2,4200020,-1.8599999999998431,-1.8599999999998431,0.0,9.975,-11.834999999999843,-1.8699999999998913,0.010000000000048193,0.06537385225220066,-0.1625813847953674,-913.0070305988339,2.3699999999999193,-0.14999999999997726,-0.21349999999999625,-0.28999999999999204,-0.0633923472301542,1.5064990465276513,0.7144488863506567,9.0,-3.0,2.0,-2.0,276,276,0,1002.0,1526,1376,0,0.16120576671035386,0.1313237221494102,0.9017038007863696,10.514492753623188,0.22959135041141732,0.107386104,0.9955089820359282,-0.0018562874251495441,0.0,nan,3.1203467188199885,0.0,0.0,4798.0,24.0,0.0,1.318857142857143,False,
noise,0.2,4200021,-0.4400000000002251,-0.4400000000002251,0.0,10.59,-11.030000000000225,-0.43999999999987266,-3.5244029916725594e-13,0.048869031768696156,-0.05144946857526174,-288.924384479263,0.7100000000001074,-0.09499999999998891,-0.14333333333334983,-0.29999999999998295,0.0,1.529455695015524,0.7549971444888635,7.0,-2.5,3.0,0.0,302,302,0,1102.0,1616,1450,0,0.1676980198019802,0.1363861386138614,0.8972772277227723,10.152317880794701,0.21679446308302355,0.101874176,0.9609800362976406,-0.0003992740471871371,0.0,nan,2.6427129365554154,0.0,0.0,4676.0,27.5,0.0,1.3358081096516277,False,
noise,0.2,4200022,-4.780000000000058,-4.780000000000058,0.0,8.825000000000001,-13.605000000000059,-4.770000000000073,-0.009999999999984688,0.228076511087165,-0.11975931052298157,-672.5314378689352,4.85000000000008,-0.07050000000000974,-0.6294444444444688,-2.365000000000123,0.08966304968589378,1.2656609799926766,0.5454026270702456,7.0,-2.0,3.0,-2.0,220,220,0,758.0,1825,1714,0,0.10410958904109589,0.08306849315068493,0.9391780821917808,16.086363636363636,0.19192891602687878,0.1,1.1642480211081794,-0.00630606860158319,0.0,nan,2.3944438126889613,0.0,0.0,4855.0,71.5,0.0,1.4257142857142857,False,
noise,0.2,4200023,-4925.41,-4925.41,0.0,2294.935,-7220.344999999999,-4925.410000000001,9.094947017729282e-13,368.0403658873809,-0.0764731334079054,-429.4495863792744,4925.645,-0.012999999999851741,-547.2994444444444,-4868.7300000000005,-0.06967447173043975,0.9961375190467381,0.17018846373500857,14.0,0.0,0.0,0.0,56,56,0,198.0,2632,2601,0,0.018617021276595744,0.015045592705167173,0.9882218844984803,93.44642857142857,0.11272035504484987,0.1,1159.0580808080808,-24.87580808080808,0.0,nan,3434.704969868451,0.0,0.0,4690.0,78935.0,1.0,1.4705882352941178,False,
noise,0.2,4200024,-2.550000000000523,-2.550000000000523,0.0,12.905000000000001,-15.455000000000524,-2.5499999999999274,-5.95523630408934e-13,0.2805714904404116,-0.05193481543174207,-291.649943083671,4.495000000000047,-0.10600000000001726,-0.5616666666667053,-3.4050000000001575,-0.05825242718446602,1.8010813194154922,0.9800114220445459,10.0,-3.0,3.0,0.0,334,334,0,1246.0,1728,1537,0,0.1724537037037037,0.14421296296296296,0.8894675925925926,9.775449101796408,0.20264541573870223,0.10643925600000001,1.0357142857142858,-0.002046548956661736,0.0,nan,4.2855351647012805,0.0,0.0,4770.0,30.5,0.0,1.3116066323613493,False,
noise,0.2,4200025,0.8699999999997488,0.8699999999997488,0.0,11.305,-10.435000000000251,0.8799999999999456,-0.010000000000196851,0.04137888136067068,0.12014410269080694,674.6923122826088,0.4950000000002319,-0.0714999999999918,-0.09777777777780886,-0.14500000000001023,0.05711022272986865,1.5417822498137246,0.8520845231296402,6.0,-3.0,3.0,-2.0,360,360,0,1300.0,1591,1398,0,0.20050282840980516,0.16341923318667503,0.8786926461345066,8.302777777777777,0.22012672208370046,0.114471641,0.8696153846153846,0.000669230769230576,0.0,nan,2.113325720779104,0.0,0.0,4718.0,19.5,0.0,1.3171428571428572,False,
noise,0.2,4200026,-2.800000000000125,-2.800000000000125,0.0,9.775,-12.575000000000125,-2.80000000000004,-8.526512829121202e-14,0.12084353900618418,-0.13240261028090144,-743.5323189567576,2.925000000000125,-0.09999999999999858,-0.3466666666666672,-1.384999999999934,0.006282124500285551,1.4864572151025337,0.626499143346659,11.0,-2.0,3.0,-5.0,257,257,0,949.0,1614,1474,0,0.1406443618339529,0.11759603469640645,0.9132589838909542,12.01556420233463,0.21708736868982634,0.10912971199999999,1.030031612223393,-0.0029504741833510273,0.0,nan,2.5750723588628994,0.0,0.0,4852.0,46.5,0.0,1.3723586521987436,False,
noise,0.2,4200027,-1.2499999999999432,-1.2499999999999432,0.0,11.715,-12.964999999999943,-1.2500000000002003,2.5712765250318625e-13,0.11640252763606262,-0.06136341957443794,-344.59808276060596,1.8549999999997908,-0.10900000000002447,-0.3094444444444441,-0.6399999999999437,0.0845231296402056,1.7469056557145808,0.8806396344945745,9.0,-3.0,3.0,0.0,332,332,0,1220.0,1637,1445,0,0.17898594990836897,0.14905314599877825,0.8827122785583384,9.283132530120483,0.2138487288874618,0.106486435,0.9602459016393443,-0.0010245901639343797,0.0,nan,1.823600129868968,0.0,0.0,4995.0,45.5,0.0,1.3098913664951402,False,
noise,0.2,4200028,,,,,,,,,,,,,,,,,,,,,,,,,,,,,,,,,,,,,,,,,,,,1.0,,False,1.0
noise,0.2,4200029,-74.22999999999996,-74.22999999999996,0.0,33.85,-108.07999999999996,-74.2300000000002,2.4158453015843406e-13,4.800141553741997,-0.0883664416606134,-496.23874594676596,74.86500000000007,-0.10000000000000142,-8.29611111111112,-62.96500000000003,-0.07024557395773844,1.2847921685152972,0.59565962307253,7.0,-3.0,2.0,0.0,193,193,0,670.0,2166,2064,0,0.07940904893813482,0.061865189289012,0.9529085872576177,21.917098445595855,0.14724591702310533,0.1,5.052238805970149,-0.11079104477611934,0.0,nan,89.49160253332462,0.0,0.0,4805.0,3302.5,1.0,1.400913763563678,False,
informed,0.05,4200000,-607.8850000000003,-607.8850000000003,0.0,898.22,-1506.1050000000005,-390.3399999999999,-217.5450000000004,29.44650541985769,-0.11796403416637957,-662.4497182581167,608.9550000000004,-0.524000000000052,-67.25055555555556,-323.0050000000001,-0.1473443746430611,1.7648748022410632,0.8863506567675614,10.0,-4.0,3.0,3.0,503,503,0,1809.0,2531,2263,0,0.17661003555906757,0.14294745160015804,0.8941129988146977,9.530815109343937,0.13273815460592886,0.1,49.65284687672747,-0.3360337202874518,0.0,nan,2380.830437878645,0.0,0.0,7372.0,8350.5,1.0,5.537356321839081,False,
informed,0.05,4200001,4918364934.870001,4918364934.870001,0.0,4918621363.72,-256428.8499994278,4918364934.870001,0.0,272261360.79035217,0.10322780435455518,579.6955859836869,188647.27499999994,-0.5484999999999586,-20960.407222222217,-188315.07999999996,-0.11193603655054254,1.5264768783380138,0.6807538549400343,11.0,-3.0,2.0,0.0,471,471,0,1660.0,2436,2196,0,0.16912972085385877,0.13628899835796388,0.9014778325123153,9.834394904458598,0.11852211854661192,0.1,296302491.79036146,2962870.4426927716,0.0,nan,481098.8028760113,0.0,0.0,7507.0,14385232.5,1.0,1361.7743235463442,False,
informed,0.05,4200002,-10.669999999999845,-10.669999999999845,0.0,26.27,-36.93999999999984,-10.670000000000114,2.682298827494378e-13,0.5322624928058919,-0.11455142790544712,-643.2855715581821,12.17499999999987,-0.29999999999997157,-1.3616666666666504,-4.834999999999923,-0.008566533409480296,1.6412848079091114,0.9200456881781839,9.0,-3.0,3.0,1.0,456,456,0,1687.0,2539,2287,0,0.16266246553761324,0.13288696337140607,0.9007483261126428,10.583333333333334,0.1374271824402838,0.1,1.5572021339656195,-0.006324836988737312,0.0,nan,4.801597659171929,0.0,0.0,7272.0,52.5,0.0,1.9288582903040734,False,
informed,0.05,4200003,-20916.129999999997,-20916.129999999997,0.0,4643.01,-25559.14,-20916.13,3.637978807091713e-12,1549.5028484136367,-0.07713489715717968,-433.1658479700053,21215.589999999997,-0.7165000000000102,-2360.0738888888886,-20484.989999999998,0.011993146773272416,1.471361515100825,0.5693889206167904,11.0,-2.0,2.0,0.0,364,364,0,1244.0,2502,2329,0,0.1298960831334932,0.09944044764188649,0.9308553157474021,13.271978021978022,0.12579781867293083,0.1,373.2323151125402,-16.81360932475884,0.0,nan,116022.23201914401,0.0,0.0,7310.0,805149.5,1.0,890.9105080831408,False,
informed,0.05,4200004,-5026502.970000001,-5026502.970000001,0.0,4564316.6850000005,-9590819.655000001,-5026502.97,-9.313225746154785e-10,380584.0655333806,-0.07547051155184653,-423.81917054313203,5039398.190000001,-0.2674999999999868,-559935.8983333334,-5034588.940000001,0.06225014277555682,1.1501284248897041,0.3592233009708738,11.0,-1.0,1.0,0.0,268,268,0,960.0,2189,2046,0,0.11009593421653723,0.0877112836911832,0.9346733668341709,15.802238805970148,0.10597685725091406,0.1,475449.6546875,-5235.9405937500005,0.0,nan,1938011.8300609165,0.0,0.0,7760.0,194780059.0,1.0,171976.71046511628,False,
informed,0.05,4200005,-282862.18999999994,-282862.18999999994,0.0,2741.64,-285603.82999999996,-282862.19,5.820766091346741e-11,16465.74668009411,-0.09816471750914442,-551.2628481754148,283523.02999999997,-0.5869999999999549,-31497.5388888889,-202812.62500000003,0.0633923472301542,1.7262649124477647,0.7144488863506567,10.0,-2.0,3.0,0.0,422,422,0,1478.0,2509,2291,0,0.14986050219210842,0.1178158628935831,0.9131127939418094,11.374407582938389,0.12050135926395533,0.1,185.49661705006767,-191.38172530446545,0.0,nan,649220.8074768442,0.0,0.0,7512.0,9921265.5,1.0,2194.0372743156668,False,
informed,0.05,4200006,-8.06999999999968,-8.06999999999968,0.0,29.85,-37.91999999999968,-8.079999999999691,0.010000000000010445,0.3508295400533611,-0.13144356574782703,-738.1466199577216,8.619999999999834,-0.4595000000000183,-1.0544444444444454,-2.5049999999999386,-0.02912621359223301,1.5460778406604825,0.7647058823529411,10.0,-3.0,3.0,1.0,501,501,0,1733.0,2517,2269,0,0.1744139849026619,0.1377036154151768,0.9014700039729837,9.552894211576847,0.1385529336580517,0.1,1.7224466243508367,-0.004656664743219666,0.0,nan,8.532231367084512,0.0,0.0,7218.0,85.5,0.0,1.920780711825488,False,
informed,0.05,4200007,-7.730000000000075,-7.730000000000075,0.0,28.19,-35.92000000000007,-7.730000000000001,-7.37188088351104e-14,0.29963967687973336,-0.14741515219681045,-827.8381349862884,8.215000000000117,-0.45099999999999196,-0.9105555555555659,-1.9899999999999807,0.05653912050256996,1.6883723397593116,0.8229583095374072,10.0,-3.0,3.0,0.0,521,521,0,1844.0,2404,2121,0,0.19051580698835274,0.15341098169717138,0.882279534109817,8.685220729366602,0.14482474917818483,0.1,1.5287418655097613,-0.004191973969631277,0.0,nan,4.4725224360735165,0.0,0.0,6990.0,32.5,0.0,1.7835820895522387,False,
informed,0.05,4200008,4132946.3699999996,4132946.3699999996,0.0,4134760.4050000003,-1814.0350000006147,4132946.37,-4.656612873077393e-10,312437.4465657118,0.0755890072063846,424.48460567781757,518.7050000000002,-0.25100000000002465,-41.90000000000002,-187.71500000000015,-0.09194745859508852,1.607413660065959,0.6093660765276985,19.0,-3.0,2.0,0.0,346,346,0,1258.0,2201,2016,0,0.1403907314856883,0.11431167651067696,0.9159472966833258,12.1878612716763,0.12337675022409092,0.1,328677.29769475356,3285.330977742448,0.0,nan,2311655.2980391798,0.0,0.0,7214.0,82662468.5,1.0,33563.479651162794,False,
informed,0.05,4200009,-71.81000000000003,-71.81000000000003,0.0,203.46,-275.27000000000004,-71.81000000000004,1.4210854715202004e-14,4.675001431820157,-0.08777384630299356,-492.91091276040135,83.78000000000011,-0.5989999999999227,-10.831111111111124,-46.53999999999998,-0.04683038263849229,1.7401365846705146,0.8212450028555112,10.0,-3.0,3.0,0.0,502,502,0,1796.0,2814,2542,0,0.15920398009950248,0.12764747690120826,0.9033404406538735,10.669322709163346,0.12140863445289726,0.1,11.328507795100222,-0.03998329621380848,0.0,nan,1743.6480960405288,0.0,0.0,7200.0,5974.5,1.0,9.076923076923077,False,
informed,0.05,4200010,4462.73,4462.73,0.0,5822.385,-1359.6550000000007,4462.7300000000005,-9.094947017729282e-13,230.93843054061307,0.1104247319340364,620.111316770132,357.44000000000005,-0.25150000000001144,-57.96999999999999,-260.14,-0.03826384922901199,1.250570702866447,0.4551684751570531,14.0,-2.0,1.0,0.0,231,231,0,808.0,2289,2172,0,0.0926168632590651,0.07059851463521188,0.9488859764089121,19.31168831168831,0.11648257936975523,0.1,720.5922029702971,5.523180693069307,0.0,nan,1939.631900334554,0.0,0.0,7365.0,69919.5,1.0,8.149825783972126,False,
informed,0.05,4200011,-14719.819999999998,-14719.819999999998,0.0,810252.89,-824972.71,-14719.82,1.8189894035458565e-12,998.0203823890781,-0.08428009951210154,-473.2911058112147,14741.619999999997,-0.4234999999999897,-1638.3844444444444,-13118.365,-0.002284408909194746,1.1785225489002495,0.42946887492861224,9.0,-1.0,1.0,0.0,249,249,0,902.0,2288,2156,0,0.0979020979020979,0.07884615384615384,0.9423076923076923,17.847389558232933,0.10854722205640578,0.1,89828.4800443459,-16.319090909090907,0.0,nan,6054.372009351921,0.0,0.0,7686.0,191088.5,1.0,124.04391100702576,False,
informed,0.05,4200012,-5708747512.12,-5708747512.12,0.0,806851256.9200001,-6515598769.04,-5708747512.12,0.0,431541380.2024409,-0.07559278403305925,-424.50581517429003,5708755814.525,-0.4725000000000051,-634306212.1294445,-5708755814.525,-0.0336950314106225,1.7692422550733224,0.8480868075385494,10.0,-4.0,3.0,0.0,484,484,0,1746.0,2498,2240,0,0.1753402722177742,0.13979183346677343,0.8967173738991193,9.789256198347108,0.12712561452663196,0.1,46211412.19473081,-3269614.840847652,0.0,nan,5898102587.942773,0.0,0.0,7175.0,53261842911.5,1.0,45726075.19942363,False,
informed,0.05,4200013,22.430000000000177,22.430000000000177,0.0,99.48,-77.04999999999983,22.600000000000357,-0.17000000000017934,3.354796758714676,0.03820542279900614,214.54989860245985,11.599999999999795,-0.43600000000000827,-2.7277777777777805,-10.969999999999999,0.054254711593375214,1.6200919029706853,0.7464306110793832,10.0,-3.0,3.0,2.0,490,490,0,1736.0,2705,2442,0,0.16118299445471349,0.12835489833641406,0.9027726432532347,10.504081632653062,0.12864288586792452,0.1,5.7304147465437785,0.012920506912442498,0.0,nan,49.35004341562056,0.0,0.0,7329.0,262.5,0.0,2.070771001150748,False,
informed,0.05,4200014,-10.944999999999652,-10.944999999999652,0.0,29.990000000000002,-40.934999999999654,-10.950000000000093,0.005000000000441318,0.27101547468829873,-0.2307722731138772,-1295.946077008982,12.20999999999961,-0.44499999999997036,-1.006111111111115,-1.5850000000000932,0.13820673900628214,1.7402012476030007,0.7949743003997716,10.0,-2.0,3.0,1.0,505,505,0,1841.0,2393,2105,0,0.18679481821980778,0.15386544086920184,0.8796489761805265,8.906930693069308,0.14578459135884567,0.1,1.6290059750135795,-0.005945138511678247,0.0,nan,4.588871418680261,0.0,0.0,7194.0,99.5,0.0,1.813753581661891,False,
informed,0.05,4200015,-14.97000000000007,-14.97000000000007,0.0,26.57,-41.54000000000007,-14.970000000000043,-2.6645352591003757e-14,0.3406853591766288,-0.2510904998958518,-1410.0469866831927,15.350000000000023,-0.4129999999999768,-1.0727777777777716,-3.790000000000049,0.059394631639063396,1.9349535119135135,0.8646487721302113,18.0,-3.0,4.0,0.0,527,527,0,1914.0,2512,2219,0,0.18710191082802546,0.15238853503184713,0.883359872611465,8.977229601518026,0.1389996525697211,0.1,1.3881922675026124,-0.0078213166144201,0.0,nan,4.126189380967459,0.0,0.0,7454.0,44.0,0.0,1.7902578796561606,False,
informed,0.05,4200016,3083.9000000000015,3083.9000000000015,0.0,2897.55,186.35000000000127,3083.9,1.3642420526593924e-12,178.04184474145663,0.0989783370301286,555.8318850539355,488.145,-0.46600000000002234,-12.261111111111104,-88.72499999999994,0.08395202741290692,1.9152010050541195,1.0331239291833239,12.0,-3.0,3.0,0.0,532,532,0,1842.0,2505,2254,0,0.19081836327345308,0.14706586826347307,0.8998003992015968,8.94548872180451,0.12415802606230032,0.1,157.30456026058633,1.6742128121606956,0.0,nan,3472.962302081051,0.0,0.0,7387.0,41883.5,1.0,12.730213749277874,False,
informed,0.05,4200017,-15.650000000000205,-15.650000000000205,0.0,41.36,-57.010000000000204,-15.650000000000375,1.7053025658242404e-13,1.1241217334402869,-0.07955416995175729,-446.7517395723309,21.620000000000346,-0.45600000000000307,-2.371666666666695,-13.535000000000139,0.17647058823529413,1.8866313456832873,1.0011422044545975,12.0,-3.0,4.0,10.0,568,568,0,2066.0,2859,2554,0,0.18223154949282966,0.14452605806225954,0.8933193424274222,9.529929577464788,0.12184941353657683,0.1,2.0019361084220715,-0.007575024201355375,0.0,nan,12.036661488487658,0.0,0.0,7101.0,98.5,0.0,1.8663224325874928,False,
informed,0.05,4200018,-86334.75,-86334.75,0.0,20251.22,-106585.97,-86334.75000000001,1.4551915228366852e-11,6526.109707188792,-0.07559502532235884,-424.5184015653502,86335.55,-0.32550000001305485,-9593.734444444442,-86332.32999999999,0.002284408909194746,1.4758653991448967,0.5276984580239863,12.0,-2.0,2.0,0.0,320,320,0,1090.0,2338,2182,0,0.11976047904191617,0.0932420872540633,0.9332763045337895,14.125,0.12250137853958064,0.1,1857.9100917431192,-79.20619266055046,0.0,nan,43861.46229511259,0.0,0.0,7424.0,861410.0,1.0,1456.0134502923977,False,
informed,0.05,4200019,213.20999999999998,213.20999999999998,0.0,843.7950000000001,-630.585,213.20999999999975,2.2737367544323206e-13,52.988354712796394,0.02299265307908558,129.119664835843,513.1899999999999,-0.32650000000000434,-59.311666666666675,-511.33000000000004,-0.09822958309537407,1.4268984291773552,0.566533409480297,11.0,-3.0,1.0,0.0,307,307,0,1092.0,2702,2532,0,0.10103626943005181,0.08082901554404145,0.9370836417468542,17.04885993485342,0.1146480930355424,0.1,77.2706043956044,0.19524725274725274,0.0,nan,616.0849027132142,0.0,0.0,7436.0,9008.5,1.0,6.746974063400576,False,
informed,0.05,4200020,-8.359999999999673,-8.359999999999673,0.0,30.580000000000002,-38.93999999999967,-8.360000000000221,5.488942633746774e-13,0.3833989013674606,-0.12459980558379635,-699.7141687065727,9.210000000000036,-0.37799999999995176,-1.0138888888888573,-2.6449999999999676,0.05368360936607653,2.0103890279781,1.0725299828669332,15.0,-3.0,4.0,0.0,551,551,0,2018.0,2449,2139,0,0.2041649652919559,0.1648019599836668,0.8734177215189873,8.326678765880217,0.1426790442451982,0.1,1.5153617443012883,-0.0041427155599601945,0.0,nan,5.256652665164753,0.0,0.0,7211.0,44.5,0.0,1.7819118488838008,False,
informed,0.05,4200021,-537.82,-537.82,0.0,2116.85,-2654.67,-537.8199999999997,-3.410605131648481e-13,65.57853063196285,-0.04686376948737616,-263.1725094246873,1395.77,-0.997000000000029,-128.83722222222224,-416.43000000000006,-0.047972587093089665,0.9444811903036179,0.23415191319246145,10.0,-1.0,0.0,0.0,163,163,0,606.0,2220,2124,0,0.06486486486486487,0.05459459459459459,0.9567567567567568,26.650306748466257,0.10313066120099143,0.1,349.3151815181518,-0.8874917491749176,0.0,nan,775.8505602995536,0.0,0.0,7456.0,17019.0,1.0,17.110461718293397,False,
informed,0.05,4200022,170.3449999999993,170.3449999999993,0.0,229.905,-59.56000000000071,154.14166666666662,16.203333333332665,11.517577696221794,0.08451429855075415,474.606295549071,41.26000000000067,-0.917499999999981,-4.651666666666665,-27.25999999999999,0.02741290691033695,1.681811216091871,0.7961165048543689,9.0,-3.0,3.0,-1.0,527,527,0,1943.0,2833,2549,0,0.169078715142958,0.13716907871514294,0.8997529121073068,10.212523719165086,0.12147826689685623,0.1,11.832475553268143,0.0876711271230053,0.0,nan,685.6716370429226,0.0,0.0,7464.0,1881.5,1.0,5.002878526194588,False,
informed,0.05,4200023,75691.76000000001,75691.76000000001,0.0,79724.17,-4032.409999999989,75691.76000000004,-2.9103830456733704e-11,5745.81438109509,0.07527642109014815,422.72921823201204,627.7200000000012,-0.7039999999999423,-76.72222222222422,-436.3300000000163,-0.07024557395773844,1.4102423319554205,0.5922330097087378,10.0,-2.0,2.0,0.0,329,329,0,1150.0,2390,2229,0,0.12426778242677824,0.09623430962343096,0.9326359832635983,14.03951367781155,0.11401023629593975,0.1,6932.536521739131,65.81892173913045,0.0,nan,19198.567155156343,0.0,0.0,7432.0,200195.5,1.0,16.36927536231884,False,
informed,0.05,4200024,-9617683726334912.0,-9617683726334912.0,0.0,6.471472889163033e+16,-7.433241261796525e+16,-9617683726334920.0,8.0,727028577440471.9,-0.07559289198148979,-424.50642137946016,9617684057817692.0,-0.49350000834461344,-1068631561981503.4,-9617684057817682.0,0.041119360365505425,0.7900868555560788,0.17018846373500857,8.0,0.0,0.0,0.0,107,107,0,368.0,2147,2096,0,0.04285048905449464,0.03428039124359571,0.976245924545878,39.654205607476634,0.09880569327260018,0.1,1.7585524155334328e+16,-26135010125910.086,0.0,nan,2.0847352754056832e+17,0.0,0.0,7695.0,1.6282600759525427e+18,1.0,96468576179098.5,False,
informed,0.05,4200025,-3.975000000000122,-3.975000000000122,0.0,27.855,-31.830000000000123,-3.959999999999927,-0.01500000000019508,0.13352505714921145,-0.17011253317722735,-955.2996425714506,4.320000000000363,-0.28899999999998865,-0.44888888888889905,-0.5699999999999932,0.038834951456310676,2.01385254407448,1.2164477441462023,10.0,-4.0,4.0,-1.0,588,588,0,2069.0,2453,2157,0,0.21646962902568284,0.16869139828781085,0.8793314309009377,7.840136054421769,0.14253228650632394,0.1,1.346302561623973,-0.0019212179797003974,0.0,nan,5.502604713987147,0.0,0.0,6936.0,74.5,0.0,1.721395881006865,False,
informed,0.05,4200026,-1095.9400000000005,-1095.9400000000005,0.0,5044.785,-6140.725,-1095.94,-4.547473508864641e-13,143.58430007033502,-0.04361559225240215,-244.93174553960287,2088.89,-0.5429999999999864,-235.215,-1703.81,0.01599086236436322,1.7370804418238963,0.9183323814962878,12.0,-3.0,3.0,0.0,566,566,0,2044.0,2761,2469,0,0.18725099601593626,0.1480622962694676,0.8942412169503803,9.240282685512367,0.1094650529518116,0.1,246.8094422700587,-0.5361741682974562,0.0,nan,27967.849527242906,0.0,0.0,7538.0,190202.5,1.0,23.002309468822173,False,
informed,0.05,4200027,-14579.029999999999,-14579.029999999999,0.0,15103.935,-29682.964999999997,-14579.030000000004,5.4569682106375694e-12,1131.7670499738258,-0.0736094436209903,-413.36798569541764,16207.805,-5.695499999999998,-1845.0944444444442,-14839.684999999998,0.09651627641347801,1.0678545743403138,0.298686464877213,9.0,0.0,1.0,0.0,154,154,0,530.0,2182,2108,0,0.06095325389550871,0.04857928505957837,0.9660861594867094,27.857142857142858,0.09896446726272351,0.1,2849.799056603774,-27.507603773584904,0.0,nan,707.241910097785,0.0,0.0,7795.0,77529.5,1.0,63.167840375586856,False,
informed,0.05,4200028,-17829721174505.598,-17829721174505.598,0.0,129439824814851.92,-147269545989357.53,-17829721174505.598,0.0,1144143046401.2188,-0.0890484116628953,-500.0684796369087,17829721174506.094,-1.1365000000000682,-1981080130500.1614,-14858097427082.705,-0.07709880068532267,1.5310589277578377,0.7475728155339806,8.0,-3.0,2.0,0.0,427,427,0,1542.0,2508,2285,0,0.15311004784688995,0.12296650717703349,0.9110845295055822,11.224824355971897,0.12047816899521344,0.1,8394281764906.091,-11562724497.085342,0.0,nan,95445630818483.4,0.0,0.0,7296.0,891486521503828.0,1.0,386259033541.5257,False,
informed,0.05,4200029,-11455.14,-11455.14,0.0,5318.785,-16773.925,-11455.14,0.0,842.5672974848114,-0.07768868202284201,-436.2757333755536,13196.49,-0.8190000000000537,-1278.5133333333333,-11145.615,0.04169046259280411,1.584468555451865,0.7155910908052542,12.0,-2.5,3.0,0.0,326,326,0,1184.0,2384,2211,0,0.125,0.09932885906040269,0.9274328859060402,14.095092024539877,0.1154834204762904,0.1,449.2217060810811,-9.674949324324324,0.0,nan,18691.756473895115,0.0,0.0,7583.0,543252.5,1.0,32.5811123986095,False,
informed,0.2,4200000,-1497361.6700000002,-1497361.6700000002,0.0,1143495.745,-2640857.415,-1497361.6700000002,0.0,117483.30877488016,-0.07283036619606588,-408.99292659974003,1649549.27,-0.638000000000045,-172575.58833333335,-1552842.0300000003,-0.11936036550542548,1.4951002563292994,0.5808109651627641,11.0,-3.0,2.0,0.0,327,327,0,1198.0,2405,2219,0,0.12058212058212059,0.09962577962577962,0.9226611226611227,14.140672782874617,0.13269638220341098,0.1,95450.39607679466,-1249.8845325542572,0.0,nan,4872710.627388248,0.0,0.0,7281.0,41574058.5,1.0,21.65977011494253,False,
informed,0.2,4200001,,,,,,,,,,,,,,,,,,,,,,,,,,,,,,,,,,,,,,,,,,,,1.0,,False,1.0
informed,0.2,4200002,1068.4,1068.4,0.0,1601.585,-533.185,1068.4,0.0,60.062282567282764,0.10164686715500323,570.8175291265449,78.71999999999991,-0.21949999999998787,-9.475000000000005,-78.71999999999991,0.02912621359223301,1.2846042981409809,0.4985722444317533,10.0,-2.0,2.0,0.0,292,292,0,1052.0,2401,2241,0,0.10537276134943774,0.08763015410245731,0.9333610995418575,15.897260273972602,0.1181680811975,0.1,152.24192015209127,1.0155893536121674,0.0,nan,481.974217948803,0.0,0.0,7390.0,12446.5,1.0,2.3033120278907613,False,
informed,0.2,4200003,30.850000000000037,30.850000000000037,0.0,50.985,-20.134999999999962,30.84999999999998,5.684341886080802e-14,1.4209404480760812,0.12406270405237677,696.6979717726573,10.125000000000057,-0.1325000000000102,-0.46444444444444993,-1.5150000000001427,0.05025699600228441,1.4245897511499768,0.5471159337521416,10.0,-2.0,3.0,0.0,270,270,0,984.0,2577,2428,0,0.09235545207605743,0.07636786961583236,0.9421808304229724,18.537037037037038,0.13513712924582524,0.1,5.1814024390243905,0.0313516260162602,0.0,nan,6.710851823331947,0.0,0.0,7019.0,66.0,0.0,1.8590333716915994,False,
informed,0.2,4200004,-18611421450822.945,-18611421450822.945,0.0,79382605759459.56,-97994027210282.5,-18611421450822.938,-0.0078125,1406883818817.9517,-0.07559329227934627,-424.50866932905024,18611421450901.69,-0.2739999999999852,-2067935716769.2712,-18611324100017.047,0.02912621359223301,0.6866245012070232,0.14106225014277557,7.0,0.0,0.0,0.0,117,117,0,418.0,2064,2005,0,0.05232558139534884,0.04050387596899225,0.9714147286821705,34.77777777777778,0.109749721019874,0.1,18991054009440.086,-44524931700.53336,0.0,nan,3726667214097.2075,0.0,0.0,7768.0,398814148715920.0,1.0,397406158818.9121,False,
informed,0.2,4200005,,,,,,,,,,,,,,,,,,,,,,,,,,,,,,,,,,,,,,,,,,,,1.0,,False,1.0
informed,0.2,4200006,-13021698368.089998,-13021698368.089998,0.0,139413502252.185,-152435200620.275,-13021698368.09,1.9073486328125e-06,983040029.1469752,-0.07569346390205767,-425.0712023393153,19523948207.53,-0.2284999999999328,-1446855800.6933334,-13004484761.164999,0.05711022272986865,0.8936251728700914,0.23872073101085095,8.0,0.0,1.0,0.0,147,147,0,506.0,2154,2076,0,0.057103064066852366,0.046982358402971214,0.9637883008356546,28.775510204081634,0.10410668926288899,0.1,27552075543.91008,-25734581.755118575,0.0,nan,55213445806.961525,0.0,0.0,7678.0,650245822930.5,1.0,754546375.813225,False,
informed,0.2,4200007,-96624336626.93,-96624336626.93,0.0,9650440241.585001,-106274776868.515,-96624336626.93001,1.52587890625e-05,7304114892.3042145,-0.0755928780667657,-424.50634323865125,96624357641.65,-0.10000000000002274,-9662435765.094501,-96624357641.625,0.009708737864077669,0.9350204545374264,0.23700742432895489,8.0,0.0,0.0,0.0,146,146,0,516.0,2007,1926,0,0.06427503736920777,0.05142002989536622,0.9596412556053812,26.938356164383563,0.10969347393619144,0.1,1870240356.8963177,-187256466.33125967,0.0,nan,83857161147.92198,0.0,0.0,7422.0,1932486288796.5,1.0,1036998323.0505288,False,
informed,0.2,4200008,48883.98999999999,48883.98999999999,0.0,49525.025,-641.0350000000108,48883.99000000001,-2.1827872842550278e-11,3727.5880737053326,0.07493775604787155,420.82737956206984,270.9400000000096,-0.2650000000000659,-47.36222222222286,-270.8500000000058,0.006282124500285551,0.6600844903045826,0.11593375214163336,7.0,0.0,0.0,0.0,85,85,0,294.0,2414,2372,0,0.03148301574150787,0.02435791217895609,0.9826014913007457,56.305882352941175,0.10188683581226687,0.1,16845.246598639456,166.27207482993194,0.0,nan,317.1075224473129,0.0,0.0,7313.0,7516.0,1.0,5.43559718969555,False,
informed,0.2,4200009,-6978.820000000001,-6978.820000000001,0.0,23489.07,-30467.89,-6978.820000000001,0.0,1346.1876840210118,-0.02962363413506685,-166.35721408847482,14557.935000000005,-0.18250000000001446,-2111.0022222222224,-13726.815,0.018275271273557967,0.8601247008655056,0.19988577955454026,9.0,0.0,0.0,0.0,111,111,0,390.0,2012,1958,0,0.04920477137176938,0.03876739562624255,0.9731610337972167,35.765765765765764,0.1050592373331676,0.1,6022.838461538461,-17.894410256410257,0.0,nan,10182.455972913285,0.0,0.0,7558.0,239601.5,1.0,111.8574780058651,False,
informed,0.2,4200010,,,,,,,,,,,,,,,,,,,,,,,,,,,,,,,,,,,,,,,,,,,,1.0,,False,1.0
informed,0.2,4200011,-9708973002.11,-9708973002.11,0.0,1988.22,-9708974990.33,-9708973002.109999,-1.9073486328125e-06,597566034.8815186,-0.09284303740145311,-521.3779301755123,9708973644.19,-0.5044999999999901,-1078774860.1927779,-7641903854.02,0.020559680182752713,1.179314345393281,0.3803540833809252,11.0,-1.0,2.0,0.0,259,259,0,936.0,2344,2204,0,0.09598976109215017,0.07986348122866894,0.9402730375426621,17.55984555984556,0.1187565497268459,0.1,212.41666666666666,-10372834.403963676,0.0,nan,43542486455.11034,0.0,0.0,7573.0,191048063618.0,1.0,32893620.331971996,False,
informed,0.2,4200012,16638754.23,16638754.23,0.0,49976448.84,-33337694.610000003,16638754.23,0.0,1256581.6056444498,0.07566448145740447,424.90844584806246,8893.485,-0.10650000000003813,-1.5883333333333178,-11.039999999999893,-0.06681896059394632,0.8712628216580165,0.2118789263278127,6.0,-1.0,0.0,0.0,142,142,0,508.0,2116,2038,0,0.06049149338374291,0.04801512287334594,0.9631379962192816,29.253521126760564,0.11566336870496455,0.1,9837883.62992126,32753.45320866142,0.0,nan,8546.51247158344,0.0,0.0,7253.0,301281.0,1.0,385.2955206515416,False,
informed,0.2,4200013,42581159.52,42581159.52,0.0,42588653.055,-7493.534999996424,42581159.52,0.0,3218787.55826774,0.0755939642297504,424.51244279576014,246.71499999999992,-0.2965000000000117,-3.1194444444444276,-17.70999999999998,0.05139920045688178,1.3982476738304592,0.5162764134780126,11.0,-2.0,3.0,0.0,297,297,0,1086.0,2461,2295,0,0.10727346607070297,0.08825680617635108,0.9325477448191792,16.013468013468014,0.12657485234268293,0.1,3921607.0953038675,39209.170828729286,0.0,nan,12608.729479224223,0.0,0.0,7482.0,137197.5,1.0,168.50548182342757,False,
informed,0.2,4200014,,,,,,,,,,,,,,,,,,,,,,,,,,,,,,,,,,,,,,,,,,,,1.0,,False,1.0
informed,0.2,4200015,318.45000000000005,318.45000000000005,0.0,925.745,-607.295,318.44999999999993,1.1368683772161603e-13,50.82496564363345,0.035803551712626315,201.0617296388546,492.5450000000001,-0.6959999999999823,-52.574444444444424,-393.9300000000001,0.04854368932038835,1.1005615581315178,0.3123929183323815,8.0,0.0,1.0,0.0,203,203,0,770.0,2742,2624,0,0.06892778993435449,0.05616338439095551,0.9569657184536834,26.43349753694581,0.11535991155162349,0.1,120.22662337662338,0.41357142857142865,0.0,nan,586.0709161915668,0.0,0.0,7741.0,2607.5,1.0,8.277136258660509,False,
informed,0.2,4200016,3285.9400000000005,3285.9400000000005,0.0,2849.795,436.14500000000044,3285.94,4.547473508864641e-13,213.87933647777294,0.08779155718930963,493.0103716482996,246.42000000000007,-0.3600000000000305,-17.177777777777823,-78.02500000000006,0.0713877784123358,0.9062498044107653,0.23700742432895489,8.0,0.0,1.0,0.0,179,179,0,620.0,2159,2061,0,0.07040296433534043,0.05743399722093562,0.9546086150995832,23.575418994413408,0.11568404106209454,0.1,459.64435483870966,5.299903225806452,0.0,nan,513.2984583166907,0.0,0.0,7542.0,35706.0,1.0,9.214201877934272,False,
informed,0.2,4200017,,,,,,,,,,,,,,,,,,,,,,,,,,,,,,,,,,,,,,,,,,,,1.0,,False,1.0
informed,0.2,4200018,,,,,,,,,,,,,,,,,,,,,,,,,,,,,,,,,,,,,,,,,,,,1.0,,False,1.0
informed,0.2,4200019,1318886771.5900002,1318886771.5900002,0.0,1318935579.52,-48807.92999982834,1318886771.5900002,0.0,99702096.96007723,0.07559014371257318,424.4909879468688,48334.939999999995,-0.4375000000000127,-5375.906111111111,-48057.17,-0.0713877784123358,1.1265135836716398,0.3626499143346659,10.0,-2.0,1.0,0.0,224,224,0,808.0,2295,2167,0,0.08758169934640522,0.07041394335511983,0.9442265795206972,19.919642857142858,0.11041285274542283,0.1,163234601.42574257,1632285.6084034655,0.0,nan,169538.69087307417,0.0,0.0,7530.0,8776994.5,1.0,7442.68826619965,False,
informed,0.2,4200020,8.740307772263275e+16,8.740307772263275e+16,0.0,8.740307804662957e+16,-323996816.0,8.740307772263274e+16,16.0,6607051642163894.0,0.07559289460184533,424.5064360945706,324288649.66499996,-0.16149999999998096,-19.87222222222222,-176.0,0.05996573386636208,1.0314039817564762,0.32153055396916047,9.0,-1.0,1.0,0.0,232,232,0,848.0,2179,2047,0,0.09683340982101882,0.07783386874713172,0.9394217530977512,18.21551724137931,0.13086927675757576,0.1,1.0306966750781788e+16,103069667125746.17,0.0,nan,223916229.21049517,0.0,0.0,7271.0,6190973004.5,1.0,4626028.1774942,False,
informed,0.2,4200021,-2155.4700000000003,-2155.4700000000003,0.0,971.73,-3127.2000000000003,-2155.4700000000003,0.0,146.2314718746861,-0.08422927890055384,-473.0057128943025,2211.61,-0.29199999999996745,-272.28444444444443,-1840.8700000000001,-0.08623643632210165,0.9594813163427569,0.24842946887492862,8.0,-1.0,0.0,0.0,157,157,0,552.0,2193,2106,0,0.061103511171910624,0.05034199726402189,0.960328317373461,27.38216560509554,0.11696703435173357,0.1,176.03804347826087,-3.9048369565217396,0.0,nan,569.5639268626853,0.0,0.0,7511.0,32588.5,1.0,15.615700058582307,False,
informed,0.2,4200022,-75927907076.56001,-75927907076.56001,0.0,32864990710.095,-108792897786.65501,-75927907076.56001,0.0,5739610209.807343,-0.07559289548649743,-424.50644106250456,75927907155.645,-0.16649999999999632,-8436434128.088889,-75927906193.065,-0.03026841804683038,0.70867826629514,0.11593375214163336,9.0,0.0,0.0,0.0,63,63,0,222.0,2111,2073,0,0.02510658455708195,0.021032685930838464,0.9819990525817148,66.41269841269842,0.1011190470829384,0.1,14804049869.412163,-342017599.443964,0.0,nan,8927136555.572401,0.0,0.0,7652.0,3162501881702.5,1.0,27817128.614797417,False,
informed,0.2,4200023,4.4807144907040296e+16,4.4807144907040296e+16,0.0,2.368658349442741e+19,-2.364177634952037e+19,4.137420263812313e+17,-3.68934881474191e+17,3387102194104005.0,0.07559288541276538,424.50638449152507,5415637145.085,-0.23400000000003157,-601737462.1216666,-5415637066.67,-0.034266133637921185,0.9408381842022938,0.24214734437464305,10.0,-1.0,0.0,0.0,143,143,0,512.0,2016,1945,0,0.06299603174603174,0.050793650793650794,0.964781746031746,27.6993006993007,0.11148635471464022,0.1,4.626285838755354e+18,87513954896563.08,0.0,nan,209898916745546.16,0.0,0.0,7303.0,1912783927417663.0,1.0,1343125.6377491208,False,
informed,0.2,4200024,,,,,,,,,,,,,,,,,,,,,,,,,,,,,,,,,,,,,,,,,,,,1.0,,False,1.0
informed,0.2,4200025,-171102178347952.5,-171102178347952.5,0.0,89918167303116.36,-261020345651068.88,-171102178347952.62,0.125,12934108930890.441,-0.07559289462003631,-424.50643619672553,171102178347953.4,-0.5051249999999924,-19011353149772.65,-171102178307013.34,0.04169046259280411,0.8767432976388961,0.24842946887492862,6.0,0.0,1.0,0.0,160,160,0,588.0,2107,2016,0,0.06739439962031324,0.05581395348837209,0.9568106312292359,25.76875,0.10327313148670465,0.1,15292205323659.244,-290990099231.21173,0.0,nan,233281986.23500326,0.0,0.0,7442.0,846026146.5,1.0,91587.27829638273,False,
informed,0.2,4200026,-141800890.74,-141800890.74,0.0,319470536.945,-461271427.685,-141800890.74,0.0,10719185.08226911,-0.07559257518268767,-424.5046423348667,141813031.725,-0.07250000000006046,-15755737.093333334,-141801486.5,0.018846373500856654,0.8126561949498979,0.17647058823529413,9.0,0.0,0.0,0.0,139,139,0,506.0,2270,2198,0,0.05418502202643172,0.04458149779735683,0.9682819383259912,32.143884892086334,0.10672938305288672,0.1,63136469.75197628,-280238.9145059289,0.0,nan,27774436.300140455,0.0,0.0,7605.0,1572712176.5,1.0,902796.626744186,False,
informed,0.2,4200027,-59620791.010000005,-59620791.010000005,0.0,206179237.47,-265800028.48000002,-59620791.010000005,0.0,4504934.940238101,-0.07562600545011433,-424.6923764302169,59621836.55500001,-0.018499999999991655,-6624579.9055555565,-59594832.18000001,0.020559680182752713,0.6173115804731881,0.09366076527698458,6.0,0.0,0.0,0.0,65,65,0,216.0,1786,1750,0,0.02967525195968645,0.024188129899216124,0.9798432250839866,54.4,0.10273999942016808,0.1,95453350.68055555,-276022.1806018519,0.0,nan,87254041.51449677,0.0,0.0,7853.0,1935094316.0,1.0,2288957.221893491,False,
informed,0.2,4200028,,,,,,,,,,,,,,,,,,,,,,,,,,,,,,,,,,,,,,,,,,,,1.0,,False,1.0
informed,0.2,4200029,-2620282.6750000003,-2620282.6750000003,0.0,1224704.16,-3844986.835,-2620825.5,542.8249999997206,198148.4453697352,-0.07556478088538066,-424.3485581135163,2621331.025,-0.24500000000005281,-291259.70166666666,-2621251.87,0.10679611650485436,1.3039125602254333,0.4597372929754426,7.0,-1.0,3.0,5.0,225,225,0,809.0,2242,2120,0,0.09099018733273863,0.07216770740410348,0.9455842997323818,19.386666666666667,0.12046121593261935,0.1,151384.93943139678,-3238.9155438813355,0.0,nan,595.3749110505705,0.0,0.0,7444.0,21430.5,1.0,9.848291835552983,False,
