env,shock_lots,curve,tau_s,effect,ci_lo,ci_hi
noise,20,mid,0.05,0.5312500000000001,0.4635156250000001,0.60109375
noise,20,mid,0.1,0.5416666666666666,0.4749999999999999,0.6125260416666666
noise,20,mid,0.15000000000000002,0.5291666666666667,0.46455729166666665,0.5969270833333334
noise,20,mid,0.2,0.5510416666666668,0.47911458333333323,0.6499999999999998
noise,20,mid,0.25,0.5708333333333334,0.49166666666666664,0.6624999999999999
noise,20,mid,0.30000000000000004,0.5802083333333332,0.5020572916666667,0.6699739583333332
noise,20,mid,0.35000000000000003,0.5885416666666666,0.5114583333333335,0.6823437499999998
noise,20,mid,0.4,0.5874999999999999,0.49372395833333327,0.6990104166666665
noise,20,mid,0.45,0.5687500000000001,0.4583333333333334,0.6937760416666668
noise,20,mid,0.5,0.5624999999999999,0.4561458333333333,0.6906770833333332
noise,20,mid,0.55,0.5833333333333334,0.47385416666666663,0.7114843750000001
noise,20,mid,0.6000000000000001,0.5770833333333333,0.46859375000000003,0.7010937499999997
noise,20,mid,0.65,0.5593750000000001,0.45093749999999994,0.676145833333333
noise,20,mid,0.7000000000000001,0.5739583333333333,0.46973958333333327,0.6855729166666665
noise,20,mid,0.75,0.5750000000000001,0.4614322916666667,0.6927083333333335
noise,20,mid,0.8,0.5781250000000001,0.4603125,0.7001041666666666
noise,20,mid,0.8500000000000001,0.5968749999999999,0.47903645833333336,0.7177343750000001
noise,20,mid,0.9,0.6020833333333334,0.4833072916666667,0.7168229166666666
noise,20,mid,0.9500000000000001,0.6124999999999999,0.50203125,0.7291666666666666
noise,20,mid,1.0,0.6041666666666666,0.4988802083333332,0.7198697916666664
noise,20,mid,1.05,0.6072916666666667,0.5041666666666668,0.7292968750000001
noise,20,mid,1.1,0.6135416666666665,0.49890625,0.7333593749999997
noise,20,mid,1.1500000000000001,0.6072916666666667,0.49565104166666674,0.73546875
noise,20,mid,1.2000000000000002,0.6145833333333334,0.4936458333333334,0.746953125
noise,20,mid,1.25,0.6000000000000001,0.48122395833333326,0.7271354166666667
noise,20,mid,1.3,0.6,0.4916145833333333,0.7230208333333331
noise,20,mid,1.35,0.6104166666666666,0.5051822916666667,0.731458333333333
noise,20,mid,1.4000000000000001,0.6114583333333333,0.5072395833333333,0.7354427083333333
noise,20,mid,1.4500000000000002,0.5947916666666665,0.48328125000000005,0.716770833333333
noise,20,mid,1.5,0.6052083333333333,0.484375,0.7241666666666665
noise,20,mid,1.55,0.6270833333333333,0.5104166666666667,0.7484895833333329
noise,20,mid,1.6,0.634375,0.5135156250000001,0.759583333333333
noise,20,mid,1.6500000000000001,0.6385416666666667,0.5165104166666667,0.7670312499999997
noise,20,mid,1.7000000000000002,0.646875,0.522890625,0.7823958333333333
noise,20,mid,1.75,0.6520833333333335,0.5301302083333332,0.7937760416666668
noise,20,mid,1.8,0.6447916666666667,0.5124739583333333,0.784661458333333
noise,20,mid,1.85,0.6427083333333335,0.5134114583333333,0.7795312499999998
noise,20,mid,1.9000000000000001,0.640625,0.5020833333333334,0.7826302083333333
noise,20,mid,1.9500000000000002,0.6416666666666666,0.5041406250000001,0.778567708333333
noise,20,mid,2.0,0.6541666666666667,0.520625,0.8004166666666662
noise,20,mid,2.0500000000000003,0.6625,0.53015625,0.8128645833333329
noise,20,mid,2.1,0.6593749999999999,0.5247135416666667,0.8095572916666666
noise,20,mid,2.15,0.6583333333333333,0.5217447916666667,0.8034374999999998
noise,20,mid,2.2,0.6614583333333334,0.5196614583333332,0.8158333333333334
noise,20,mid,2.25,0.6552083333333333,0.5166406250000001,0.8034635416666664
noise,20,mid,2.3000000000000003,0.6489583333333333,0.5061979166666667,0.7952343749999998
noise,20,mid,2.35,0.6510416666666666,0.5092447916666667,0.7981249999999999
noise,20,mid,2.4000000000000004,0.6489583333333332,0.509140625,0.7969791666666665
noise,20,mid,2.45,0.6583333333333332,0.5176041666666666,0.8053385416666664
noise,20,mid,2.5,0.6510416666666666,0.5145312500000001,0.7948177083333333
noise,20,mid,2.5500000000000003,0.6395833333333333,0.4989583333333334,0.78359375
noise,20,mid,2.6,0.6447916666666665,0.5051822916666667,0.7907812499999998
noise,20,mid,2.6500000000000004,0.6510416666666666,0.5103906250000001,0.7969791666666666
noise,20,mid,2.7,0.6635416666666666,0.5270833333333335,0.8115364583333333
noise,20,mid,2.75,0.6750000000000002,0.5352604166666667,0.8241666666666664
noise,20,mid,2.8000000000000003,0.6666666666666666,0.5311979166666668,0.8065104166666665
noise,20,mid,2.85,0.6708333333333333,0.5414583333333333,0.8156510416666669
noise,20,mid,2.9000000000000004,0.6635416666666667,0.5342708333333333,0.8032291666666665
noise,20,mid,2.95,0.6562499999999999,0.5301302083333332,0.7927343749999998
noise,20,mid,3.0,0.6510416666666666,0.5228385416666665,0.790625
noise,20,mid,3.0500000000000003,0.6552083333333333,0.5278906249999998,0.7959114583333332
noise,20,mid,3.1,0.6499999999999999,0.5197135416666665,0.7867968749999997
noise,20,mid,3.1500000000000004,0.6479166666666666,0.5207031249999999,0.7854947916666664
noise,20,mid,3.2,0.6531250000000001,0.5258854166666667,0.7868489583333332
noise,20,mid,3.25,0.6406250000000001,0.5041406250000001,0.7834375000000001
noise,20,mid,3.3000000000000003,0.634375,0.4998697916666667,0.7711197916666664
noise,20,mid,3.35,0.6447916666666665,0.5081770833333333,0.7885937499999999
noise,20,mid,3.4000000000000004,0.6416666666666667,0.5030729166666669,0.7823958333333331
noise,20,mid,3.45,0.6416666666666666,0.5071354166666668,0.7857291666666666
noise,20,mid,3.5,0.634375,0.5030989583333334,0.7763020833333331
noise,20,mid,3.5500000000000003,0.6312499999999999,0.5049479166666667,0.7719791666666665
noise,20,mid,3.6,0.6302083333333334,0.5038281250000001,0.7781510416666667
noise,20,mid,3.6500000000000004,0.6302083333333334,0.5008593750000001,0.769973958333333
noise,20,mid,3.7,0.63125,0.5007812500000001,0.7720833333333332
noise,20,mid,3.75,0.6281249999999999,0.49572916666666667,0.7679947916666663
noise,20,mid,3.8000000000000003,0.6302083333333331,0.49679687499999997,0.7751302083333331
noise,20,mid,3.85,0.6302083333333334,0.5030989583333333,0.7668229166666665
noise,20,mid,3.9000000000000004,0.6302083333333333,0.5020052083333333,0.7720312499999998
noise,20,mid,3.95,0.6291666666666667,0.5051562500000001,0.76578125
noise,20,mid,4.0,0.6229166666666667,0.501015625,0.7606510416666666
noise,20,mid,4.05,0.625,0.5072395833333333,0.7575520833333331
noise,20,mid,4.1000000000000005,0.6260416666666667,0.5009895833333332,0.7648177083333332
noise,20,mid,4.15,0.6270833333333333,0.507265625,0.7636458333333332
noise,20,mid,4.2,0.625,0.5020312500000002,0.7575
noise,20,mid,4.25,0.6281249999999999,0.496875,0.7659374999999996
noise,20,mid,4.3,0.628125,0.4979166666666666,0.7638541666666665
noise,20,mid,4.3500000000000005,0.6260416666666666,0.49476562500000004,0.7638281249999997
noise,20,mid,4.4,0.625,0.49583333333333335,0.761614583333333
noise,20,mid,4.45,0.63125,0.49999999999999994,0.7708854166666663
noise,20,mid,4.5,0.6364583333333333,0.5083333333333334,0.7740624999999999
noise,20,mid,4.55,0.6375000000000001,0.5145572916666666,0.7689583333333334
noise,20,mid,4.6000000000000005,0.6375,0.516640625,0.7689583333333331
noise,20,mid,4.65,0.6291666666666665,0.5083333333333333,0.7595052083333335
noise,20,mid,4.7,0.6291666666666665,0.5134895833333334,0.7584375
noise,20,mid,4.75,0.6281249999999999,0.5114322916666666,0.7594270833333333
noise,20,mid,4.800000000000001,0.6302083333333333,0.5103645833333333,0.7635416666666663
noise,20,mid,4.8500000000000005,0.63125,0.5124739583333333,0.761536458333333
noise,20,mid,4.9,0.6270833333333333,0.5103645833333333,0.7573697916666666
noise,20,mid,4.95,0.6312499999999999,0.5114583333333333,0.7708854166666667
noise,20,mid,5.0,0.6333333333333332,0.5135416666666667,0.7729947916666665
noise,20,mid,5.050000000000001,0.6322916666666666,0.5124479166666667,0.7679166666666664
noise,20,mid,5.1000000000000005,0.6322916666666666,0.5123697916666665,0.7648437499999997
noise,20,mid,5.15,0.6302083333333331,0.509375,0.7636718749999999
noise,20,mid,5.2,0.6322916666666666,0.5104166666666665,0.7677343750000002
noise,20,mid,5.25,0.6281249999999999,0.5020833333333333,0.7678125000000001
noise,20,mid,5.300000000000001,0.625,0.5,0.7677604166666666
noise,20,mid,5.3500000000000005,0.6354166666666666,0.5135416666666667,0.7729947916666666
noise,20,mid,5.4,0.6333333333333334,0.5124739583333333,0.76890625
noise,20,mid,5.45,0.6354166666666666,0.5145833333333333,0.771875
noise,20,mid,5.5,0.6375000000000001,0.5155989583333332,0.7771093749999999
noise,20,mid,5.550000000000001,0.6375,0.5145833333333333,0.7761458333333332
noise,20,mid,5.6000000000000005,0.6385416666666667,0.5135416666666667,0.7802083333333333
noise,20,mid,5.65,0.6385416666666667,0.5145572916666666,0.7791666666666667
noise,20,mid,5.7,0.6343749999999999,0.5113020833333332,0.7698177083333335
noise,20,mid,5.75,0.6333333333333333,0.5103124999999998,0.7688541666666665
noise,20,mid,5.800000000000001,0.6354166666666667,0.5165364583333333,0.7688802083333331
noise,20,mid,5.8500000000000005,0.6364583333333333,0.5134635416666665,0.77296875
noise,20,mid,5.9,0.6354166666666666,0.5124218749999999,0.7719010416666667
noise,20,mid,5.95,0.63125,0.5072916666666666,0.767734375
noise,20,mid,6.0,0.6322916666666667,0.5083072916666667,0.76671875
noise,20,mid,6.050000000000001,0.63125,0.5093229166666667,0.7657031249999999
noise,20,mid,6.1000000000000005,0.6291666666666665,0.5072656249999999,0.7637239583333332
noise,20,mid,6.15,0.6281249999999999,0.504140625,0.7607031249999997
noise,20,mid,6.2,0.6302083333333333,0.5072656249999999,0.764895833333333
noise,20,mid,6.25,0.6312499999999999,0.5082812499999999,0.7658854166666663
noise,20,mid,6.300000000000001,0.6322916666666666,0.5093489583333332,0.7669270833333331
noise,20,mid,6.3500000000000005,0.6281249999999999,0.5051302083333333,0.7617447916666665
noise,20,mid,6.4,0.6281249999999999,0.5030989583333333,0.7617187499999999
noise,20,mid,6.45,0.6281249999999999,0.5010416666666667,0.7637239583333332
noise,20,mid,6.5,0.6270833333333333,0.501015625,0.7636458333333332
noise,20,mid,6.550000000000001,0.6281249999999999,0.5020572916666667,0.7627083333333332
noise,20,mid,6.6000000000000005,0.6270833333333333,0.5,0.7626562499999999
noise,20,mid,6.65,0.6260416666666666,0.497890625,0.7616145833333333
noise,20,mid,6.7,0.6270833333333333,0.497890625,0.7626302083333334
noise,20,mid,6.75,0.6260416666666666,0.496875,0.762578125
noise,20,mid,6.800000000000001,0.6260416666666666,0.4968489583333333,0.764609375
noise,20,mid,6.8500000000000005,0.6302083333333334,0.5,0.7687499999999999
noise,20,mid,6.9,0.6302083333333334,0.501015625,0.7687760416666668
noise,20,mid,6.95,0.6291666666666668,0.5,0.76671875
noise,20,mid,7.0,0.6302083333333334,0.5,0.7667708333333333
noise,20,mid,7.050000000000001,0.6291666666666665,0.5,0.7647135416666667
noise,20,mid,7.1000000000000005,0.6291666666666667,0.49994791666666666,0.7658854166666664
noise,20,mid,7.15,0.6291666666666667,0.49994791666666666,0.7658854166666664
noise,20,mid,7.2,0.63125,0.5020572916666667,0.766953125
noise,20,mid,7.25,0.6322916666666667,0.5020833333333333,0.7690104166666666
noise,20,mid,7.300000000000001,0.6302083333333334,0.501015625,0.7669531249999997
noise,20,mid,7.3500000000000005,0.63125,0.5020572916666667,0.7680208333333329
noise,20,mid,7.4,0.6333333333333334,0.5041145833333334,0.7690624999999999
noise,20,mid,7.45,0.6333333333333333,0.5041145833333333,0.7690624999999999
noise,20,mid,7.5,0.6333333333333334,0.5041145833333334,0.7690624999999999
noise,20,mid,7.550000000000001,0.634375,0.5041666666666667,0.772161458333333
noise,20,mid,7.6000000000000005,0.63125,0.5010416666666667,0.7700781249999996
noise,20,mid,7.65,0.63125,0.49994791666666677,0.7670312499999999
noise,20,mid,7.7,0.63125,0.49994791666666677,0.7670312499999999
noise,20,mid,7.75,0.63125,0.5029947916666667,0.7679947916666664
noise,20,mid,7.800000000000001,0.6333333333333333,0.5041145833333334,0.7690624999999999
noise,20,mid,7.8500000000000005,0.6333333333333334,0.5041145833333335,0.7690624999999999
noise,20,mid,7.9,0.6333333333333333,0.5041145833333334,0.7690624999999999
noise,20,mid,7.95,0.6333333333333333,0.5041145833333335,0.7690624999999999
noise,20,mid,8.0,0.6333333333333333,0.5041145833333333,0.7690624999999999
noise,20,mid,8.05,0.634375,0.5041666666666668,0.772161458333333
noise,20,mid,8.1,0.6322916666666667,0.503046875,0.7680468749999999
noise,20,mid,8.15,0.63125,0.49994791666666666,0.7670312499999997
noise,20,mid,8.200000000000001,0.63125,0.49994791666666677,0.7670312499999999
noise,20,mid,8.25,0.6312500000000001,0.49994791666666677,0.7670312499999997
noise,20,mid,8.3,0.63125,0.49994791666666677,0.7670312499999999
noise,20,mid,8.35,0.628125,0.4968229166666666,0.7658593749999998
noise,20,mid,8.4,0.628125,0.49682291666666656,0.7658593749999997
noise,20,mid,8.450000000000001,0.6291666666666668,0.49783854166666675,0.7659114583333331
noise,20,mid,8.5,0.6291666666666667,0.4978645833333333,0.7669270833333331
noise,20,mid,8.55,0.6270833333333333,0.4978645833333333,0.7667708333333333
noise,20,mid,8.6,0.6291666666666667,0.5009895833333334,0.7678385416666665
noise,20,mid,8.65,0.6302083333333334,0.5020572916666667,0.7688802083333334
noise,20,mid,8.700000000000001,0.6302083333333334,0.5020572916666667,0.7688802083333334
noise,20,mid,8.75,0.6291666666666667,0.5,0.7688541666666667
noise,20,mid,8.8,0.6291666666666667,0.5000000000000001,0.7688541666666667
noise,20,mid,8.85,0.6302083333333334,0.5020572916666667,0.7688802083333334
noise,20,mid,8.9,0.6281249999999999,0.4989322916666666,0.7678125000000001
noise,20,mid,8.950000000000001,0.6281249999999999,0.4989322916666666,0.7678124999999999
noise,20,mid,9.0,0.6270833333333333,0.4978645833333333,0.7667708333333333
noise,20,mid,9.05,0.6270833333333332,0.4978645833333333,0.7667708333333333
noise,20,mid,9.1,0.6270833333333332,0.4978645833333333,0.7667708333333333
noise,20,mid,9.15,0.6260416666666667,0.4937499999999999,0.7667447916666665
noise,20,mid,9.200000000000001,0.6260416666666666,0.4937499999999999,0.7667447916666665
noise,20,mid,9.25,0.6260416666666667,0.49374999999999997,0.7667447916666665
noise,20,mid,9.3,0.625,0.48958333333333326,0.7667187499999999
noise,20,mid,9.35,0.6260416666666667,0.49374999999999997,0.7667447916666665
noise,20,mid,9.4,0.628125,0.4989322916666667,0.7678125000000001
noise,20,mid,9.450000000000001,0.6260416666666667,0.49578124999999995,0.7657291666666666
noise,20,mid,9.5,0.625,0.49166666666666664,0.7657031249999998
noise,20,mid,9.55,0.6260416666666667,0.4937499999999999,0.7667447916666665
noise,20,mid,9.600000000000001,0.625,0.4895833333333332,0.7667187499999999
noise,20,mid,9.65,0.625,0.48958333333333326,0.7667187499999999
noise,20,mid,9.700000000000001,0.625,0.4895833333333332,0.7667187499999999
noise,20,mid,9.75,0.625,0.48958333333333326,0.7667187499999999
noise,20,mid,9.8,0.625,0.48958333333333326,0.7667187499999999
noise,20,mid,9.850000000000001,0.625,0.4895833333333333,0.7667187499999999
noise,20,mid,9.9,0.625,0.4895833333333333,0.7667187499999999
noise,20,mid,9.950000000000001,0.625,0.4895833333333333,0.7667187499999999
noise,20,mid,10.0,0.6218750000000001,0.485390625,0.7625781249999998
noise,20,spread,0.05,0.4570978628694107,0.3918259716131966,0.541076693132633
noise,20,spread,0.1,0.2891092722219998,0.24492959520474328,0.33756290689220314
noise,20,spread,0.15000000000000002,0.2195229406144293,0.18396788093625724,0.2609647927608998
noise,20,spread,0.2,0.15746873799221245,0.10862636128814741,0.21760172501045233
noise,20,spread,0.25,0.12442786232175612,0.08695221243382203,0.16579668554295562
noise,20,spread,0.30000000000000004,0.12330491639433312,0.08515408809768181,0.16184319041000675
noise,20,spread,0.35000000000000003,0.12161663687268419,0.08911449951156195,0.16149304290213268
noise,20,spread,0.4,0.11294850872222255,0.07825389352954253,0.1519120746680286
noise,20,spread,0.45,0.08493997222582561,0.04899575651969733,0.11835407310155237
noise,20,spread,0.5,0.07509972595177845,0.03940112885669081,0.10321979860661146
noise,20,spread,0.55,0.06000400520951881,0.04267617605316503,0.07673510727139121
noise,20,spread,0.6000000000000001,0.048953630872798526,0.016575905236540876,0.07754285177689972
noise,20,spread,0.65,0.07285453945945015,0.04092411992073266,0.10745113370678039
noise,20,spread,0.7000000000000001,0.06302408159331084,0.022896625513837445,0.09496265738868456
noise,20,spread,0.75,0.06314234932944697,0.0373405844332027,0.08580419088699585
noise,20,spread,0.8,0.041312330514416774,0.0164737523734846,0.06672196198825325
noise,20,spread,0.8500000000000001,0.04572507456484198,0.017679583037887116,0.0726729498458763
noise,20,spread,0.9,0.05283278810118694,0.027735114927159667,0.07886187448495656
noise,20,spread,0.9500000000000001,0.03593446887809968,0.017068609331729045,0.05813016031389024
noise,20,spread,1.0,0.014616255287558347,-0.002843684433830886,0.028840962953976097
noise,20,spread,1.05,0.015332111604708503,-0.007516992865851533,0.03690852402208559
noise,20,spread,1.1,0.022670014654511312,0.0005296047810528775,0.04189015375709358
noise,20,spread,1.1500000000000001,0.02758994296829882,0.0047684172000259945,0.052146197945398064
noise,20,spread,1.2000000000000002,0.03527721352723978,0.01467588022775057,0.05866789679588307
noise,20,spread,1.25,0.03203032061154435,0.011868830774988669,0.04753200551476739
noise,20,spread,1.3,0.03226951292371804,0.01402064958825973,0.05487209583627013
noise,20,spread,1.35,0.030183138649223663,0.011032107929063211,0.051436447219255735
noise,20,spread,1.4000000000000001,0.008157147177828668,-0.006166152541884422,0.02308735932970698
noise,20,spread,1.4500000000000002,0.000911601243246535,-0.038857436952594,0.02693543816852241
noise,20,spread,1.5,0.001994042977396549,-0.05387208642378389,0.048956731538572704
noise,20,spread,1.55,0.00940282800701771,-0.01680230471345121,0.03120535721995348
noise,20,spread,1.6,0.009935166810525866,-0.00592546698161849,0.02597120192860409
noise,20,spread,1.6500000000000001,-0.004744540172930256,-0.023352490997536918,0.016587994397708958
noise,20,spread,1.7000000000000002,0.002218509268269745,-0.017215863374004034,0.01881413035319626
noise,20,spread,1.75,0.014146572861354267,-0.005292144701635688,0.03541566592292024
noise,20,spread,1.8,0.011718298541424975,-0.005442485177440344,0.025720328012731317
noise,20,spread,1.85,0.012557104377046213,-0.0025598657995180283,0.027348807090724802
noise,20,spread,1.9000000000000001,-0.0034078859392764975,-0.01962133313831684,0.012297623419015824
noise,20,spread,1.9500000000000002,0.013533543330270474,-0.00412301815594688,0.031029310531147315
noise,20,spread,2.0,0.03757488006690555,-0.0024021120056165143,0.10052349670649821
noise,20,spread,2.0500000000000003,0.028069343457178042,0.0075148252180634485,0.05068370843312589
noise,20,spread,2.1,0.022458558761057568,0.0027345464900051268,0.044603377782716475
noise,20,spread,2.15,0.025115244847373167,0.00943834695049633,0.041467458468964706
noise,20,spread,2.2,0.017264491412571425,0.0007877428720592855,0.03618107945774862
noise,20,spread,2.25,0.004687869602589981,-0.01717718263569221,0.02678486802993341
noise,20,spread,2.3000000000000003,0.00044647270201706124,-0.015208652967399566,0.01408525564608468
noise,20,spread,2.35,0.004612655859478257,-0.015385596408113532,0.02451052913278982
noise,20,spread,2.4000000000000004,0.010228754719353427,-0.006890038428862606,0.029595285007331378
noise,20,spread,2.45,0.020386075611960975,0.0047400093456219485,0.03711502092632933
noise,20,spread,2.5,0.00609843199767524,-0.008874906386823075,0.01995442928478266
noise,20,spread,2.5500000000000003,0.013479224098294933,0.001206986476850617,0.027231734623558972
noise,20,spread,2.6,0.00544380136771441,-0.0058772654730535135,0.018593995074973314
noise,20,spread,2.6500000000000004,0.006987004333331173,-0.013183918187010387,0.025773595548005228
noise,20,spread,2.7,0.005222865694192537,-0.010853033044749676,0.022082759181826832
noise,20,spread,2.75,0.0031469434280528732,-0.009148139583742094,0.015208820555381647
noise,20,spread,2.8000000000000003,0.008946675054985897,-0.007487968191508079,0.02820377495036249
noise,20,spread,2.85,0.010150796315168758,-0.003560056569472022,0.029265143011876018
noise,20,spread,2.9000000000000004,0.007412674518726764,-0.010216846365004901,0.029126264436628673
noise,20,spread,2.95,0.01974751757110168,-0.0009230180187613592,0.049884196309387605
noise,20,spread,3.0,0.017216843938170776,-0.004245797454357233,0.04666238727539326
noise,20,spread,3.0500000000000003,0.008239218302936445,-0.005937505892200419,0.02289414684827915
noise,20,spread,3.1,0.004884268602878048,-0.009053629077745928,0.018309548150604184
noise,20,spread,3.1500000000000004,0.011650921542225884,0.001070048007548002,0.023039976328019785
noise,20,spread,3.2,0.010201881451881445,-0.0010120192307692334,0.023771481990231987
noise,20,spread,3.25,0.008462600274065682,-0.0027032735763105023,0.021273333414575178
noise,20,spread,3.3000000000000003,0.0048451249131692695,-0.004555193070818073,0.01609202907167877
noise,20,spread,3.35,0.0026569099631862637,-0.010544724348524312,0.016575539253484546
noise,20,spread,3.4000000000000004,0.0036751222008278533,-0.009004801659084826,0.01639573282887734
noise,20,spread,3.45,0.004876652026678331,-0.006207194414592725,0.015829809787668313
noise,20,spread,3.5,-0.00455838817953124,-0.017135421370525025,0.007672851576334872
noise,20,spread,3.5500000000000003,-0.008894784825401111,-0.02016756226527234,0.0027796284021108127
noise,20,spread,3.6,0.0030237397357864987,-0.017531176438444814,0.017205846479202133
noise,20,spread,3.6500000000000004,-0.006344704571516519,-0.021074209922495576,0.007136676876127319
noise,20,spread,3.7,-0.0006446476790946063,-0.013213954156679142,0.01224876355942533
noise,20,spread,3.75,-0.003956111421834651,-0.014689663620142608,0.00591842202315663
noise,20,spread,3.8000000000000003,0.0016254956236574011,-0.012162308195676137,0.01758078717402767
noise,20,spread,3.85,-0.0006065288434214233,-0.009639586046235653,0.00887614019966961
noise,20,spread,3.9000000000000004,-0.003833559210397453,-0.01623522986919127,0.007711828612563903
noise,20,spread,3.95,-0.0005174569542776055,-0.014664232582031504,0.012673193305411381
noise,20,spread,4.0,-0.0033198745698745564,-0.012121031746031723,0.004200303169053171
noise,20,spread,4.05,-0.0032595203746118334,-0.014810140836577404,0.00728242663897239
noise,20,spread,4.1000000000000005,0.005269392191946533,-0.007189061881656993,0.018577987720311075
noise,20,spread,4.15,0.003375172532781232,-0.008807204646199197,0.01470190814620162
noise,20,spread,4.2,0.006881920163170165,-0.0041220201333992046,0.017663914437012266
noise,20,spread,4.25,0.004766420765062069,-0.003699534161490684,0.014599298676234815
noise,20,spread,4.3,-0.0016526558746028039,-0.011445927061536075,0.006747478481264053
noise,20,spread,4.3500000000000005,-0.0022569127288596586,-0.011804397143821296,0.006584026160282954
noise,20,spread,4.4,-0.0005744485294117656,-0.004250919117647062,0.001953125
noise,20,spread,4.45,-0.00028185351874610167,-0.009146717275513624,0.00807548966556318
noise,20,spread,4.5,-0.002491449478342078,-0.014053321509763345,0.00651508520074695
noise,20,spread,4.55,0.010328716466823883,-0.0042772271952259125,0.027154647555662575
noise,20,spread,4.6000000000000005,0.009912084398976987,-6.94444444444432e-05,0.02163471511793123
noise,20,spread,4.65,0.0033340301003344495,-0.0053699252136752106,0.01218863224637678
noise,20,spread,4.7,0.007024212217935919,-0.0004831442322676554,0.016146343860447998
noise,20,spread,4.75,0.014768334545391589,0.0034722222222222216,0.02923848517609476
noise,20,spread,4.800000000000001,0.011842274427302476,0.003547705314009662,0.02314759622876733
noise,20,spread,4.8500000000000005,0.006277172929229964,-0.0007125041861265022,0.013498282950275704
noise,20,spread,4.9,0.0033386752136752122,-0.0034722222222222216,0.010149572649572645
noise,20,spread,4.95,-0.0037392286826163673,-0.011130290406218851,0.004565325224292609
noise,20,spread,5.0,-0.010159457759095448,-0.02001675018319041,-0.002144697802532964
noise,20,spread,5.050000000000001,-0.00542127625460959,-0.011472613035113032,0.0
noise,20,spread,5.1000000000000005,-0.005438137412775094,-0.014764636530940881,0.0028060479928686383
noise,20,spread,5.15,-0.0034399862535089225,-0.012943088763477958,0.0041935565243696885
noise,20,spread,5.2,-0.0023195737730777213,-0.012689347457758548,0.005939223187207058
noise,20,spread,5.25,0.007045925781316152,-0.009049823633156963,0.02389299207233989
noise,20,spread,5.300000000000001,0.0026565217825371503,-0.010863094392630508,0.014337028032447362
noise,20,spread,5.3500000000000005,-0.00424905521712587,-0.012396143353174608,0.0044232334882810375
noise,20,spread,5.4,-0.0032928876678876688,-0.01250496031746032,0.0048663576007325895
noise,20,spread,5.45,-0.003913139329806001,-0.0141197874270791,0.004556920702754032
noise,20,spread,5.5,0.0032212570708947522,-0.0034722222222222216,0.010247700668896317
noise,20,spread,5.550000000000001,0.0031457739791073123,-0.0034722222222222238,0.009705899810066478
noise,20,spread,5.6000000000000005,-0.0017361111111111084,-0.0052083333333333304,5.204170427930421e-18
noise,20,spread,5.65,-0.0016025641025641023,-0.004807692307692307,0.0
noise,20,spread,5.7,0.0015972222222222232,-0.005208333333333332,0.010000000000000002
noise,20,spread,5.75,-0.0033487654320987635,-0.01196026234567901,0.00333641975308642
noise,20,spread,5.800000000000001,-6.944444444444431e-05,-0.008680555555555554,0.006916666666666626
noise,20,spread,5.8500000000000005,-0.001929012345679012,-0.008680555555555554,0.003086419753086419
noise,20,spread,5.9,-0.0001929012345679018,-0.005208333333333333,0.004629629629629628
noise,20,spread,5.95,0.00314577397910731,0.0,0.007836241690408351
noise,20,spread,6.0,-0.0017361111111111095,-0.005208333333333329,0.0
noise,20,spread,6.050000000000001,0.001075045082535719,-0.0009363295880149789,0.004629629629629626
noise,20,spread,6.1000000000000005,0.00649343711843712,0.0014880952380952397,0.012033749236874215
noise,20,spread,6.15,0.012043650793650794,0.004889136904761906,0.021944444444444444
noise,20,spread,6.2,0.0050694444444444485,0.0,0.011805555555555557
noise,20,spread,6.25,0.0065485517568850985,0.0015432098765432091,0.013220693850902205
noise,20,spread,6.300000000000001,0.0048124406457739745,0.0,0.009690467711301028
noise,20,spread,6.3500000000000005,0.0023224150510735876,-0.0020579268292682897,0.007397201375859912
noise,20,spread,6.4,0.001736111111111111,0.0,0.005208333333333333
noise,20,spread,6.45,0.0010416666666666688,-0.003472222222222219,0.006597222222222224
noise,20,spread,6.5,0.0012679463171036212,-0.0014044943820224684,0.005208333333333332
noise,20,spread,6.550000000000001,-0.00046816479400748945,-0.0018726591760299578,0.0
noise,20,spread,6.6000000000000005,0.0012679463171036184,-0.0009363295880149824,0.005208333333333329
noise,20,spread,6.65,0.002263060825052695,-0.003048780487804874,0.007085591689250224
noise,20,spread,6.7,0.0007198509485094843,-0.0030487804878048808,0.005208333333333333
noise,20,spread,6.75,-0.001016260162601627,-0.0030487804878048808,0.0
noise,20,spread,6.800000000000001,0.001041666666666667,0.0,0.003125000000000001
noise,20,spread,6.8500000000000005,-0.00046816479400748945,-0.0018726591760299578,0.0
noise,20,spread,6.9,0.0010416666666666675,0.0,0.0031250000000000028
noise,20,spread,6.95,0.0,0.0,0.0
noise,20,spread,7.0,-0.0017361111111111108,-0.005208333333333332,0.0
noise,20,spread,7.050000000000001,-0.0027777777777777735,-0.006944444444444434,0.0
noise,20,spread,7.1000000000000005,-0.0034976287262872656,-0.00868119071815718,0.0010310806233062154
noise,20,spread,7.15,-0.0034976287262872604,-0.008681190718157183,0.0010310806233062206
noise,20,spread,7.2,0.0006944444444444443,-0.0031249999999999993,0.005208333333333332
noise,20,spread,7.25,0.0017361111111111112,0.0,0.005208333333333333
noise,20,spread,7.300000000000001,0.004861111111111111,0.0,0.010069444444444442
noise,20,spread,7.3500000000000005,0.0031250000000000006,0.0,0.007986111111111112
noise,20,spread,7.4,0.0,0.0,0.0
noise,20,spread,7.45,0.0,0.0,0.0
noise,20,spread,7.5,0.0,0.0,0.0
noise,20,spread,7.550000000000001,0.001666666666666668,0.0,0.0050000000000000044
noise,20,spread,7.6000000000000005,0.0029618606701940064,-0.0022142305996472596,0.00939732142857143
noise,20,spread,7.65,0.0,0.0,0.0
noise,20,spread,7.7,0.0,0.0,0.0
noise,20,spread,7.75,-0.0031547619047619063,-0.007976190476190479,0.0
noise,20,spread,7.800000000000001,0.0,0.0,0.0
noise,20,spread,7.8500000000000005,0.0,0.0,0.0
noise,20,spread,7.9,0.0,0.0,0.0
noise,20,spread,7.95,0.0,0.0,0.0
noise,20,spread,8.0,0.0,0.0,0.0
noise,20,spread,8.05,0.0016666666666666646,0.0,0.004999999999999994
noise,20,spread,8.1,-0.001488095238095238,-0.004464285714285714,0.0
noise,20,spread,8.15,0.0,0.0,0.0
noise,20,spread,8.200000000000001,0.0,0.0,0.0
noise,20,spread,8.25,0.0,0.0,0.0
noise,20,spread,8.3,0.0,0.0,0.0
noise,20,spread,8.35,-0.0016666666666666663,-0.004999999999999999,0.0
noise,20,spread,8.4,-0.0016666666666666687,-0.005000000000000006,0.0
noise,20,spread,8.450000000000001,0.0034027777777777767,0.0,0.00847222222222222
noise,20,spread,8.5,0.0,0.0,0.0
noise,20,spread,8.55,0.0,0.0,0.0
noise,20,spread,8.6,0.003224206349206353,0.0,0.007936507936507945
noise,20,spread,8.65,0.0017361111111111143,0.0,0.005208333333333343
noise,20,spread,8.700000000000001,0.0017361111111111073,0.0,0.005208333333333322
noise,20,spread,8.75,0.0,0.0,0.0
noise,20,spread,8.8,0.0,0.0,0.0
noise,20,spread,8.85,0.0017361111111111108,0.0,0.005208333333333332
noise,20,spread,8.9,0.0014880952380952382,0.0,0.004464285714285715
noise,20,spread,8.950000000000001,0.0014880952380952387,0.0,0.004464285714285716
noise,20,spread,9.0,0.0,0.0,0.0
noise,20,spread,9.05,0.0,0.0,0.0
noise,20,spread,9.1,0.0,0.0,0.0
noise,20,spread,9.15,0.0014880952380952378,0.0,0.004464285714285713
noise,20,spread,9.200000000000001,0.0014880952380952387,0.0,0.004464285714285716
noise,20,spread,9.25,0.0014880952380952387,0.0,0.004464285714285716
noise,20,spread,9.3,0.0,0.0,0.0
noise,20,spread,9.35,0.001488095238095239,0.0,0.0044642857142857175
noise,20,spread,9.4,0.001488095238095238,0.0,0.004464285714285714
noise,20,spread,9.450000000000001,-0.001666666666666668,-0.0050000000000000044,0.0
noise,20,spread,9.5,-0.0001785714285714284,-0.0050000000000000044,0.004464285714285719
noise,20,spread,9.55,0.0014880952380952387,0.0,0.004464285714285716
noise,20,spread,9.600000000000001,0.0,0.0,0.0
noise,20,spread,9.65,0.0,0.0,0.0
noise,20,spread,9.700000000000001,0.0,0.0,0.0
noise,20,spread,9.75,0.0,0.0,0.0
noise,20,spread,9.8,0.0,0.0,0.0
noise,20,spread,9.850000000000001,0.0,0.0,0.0
noise,20,spread,9.9,0.0,0.0,0.0
noise,20,spread,9.950000000000001,0.0,0.0,0.0
noise,20,spread,10.0,-0.008581349206349209,-0.02698412698412699,0.0029761904761904747
noise,20,depth,0.05,0.15184411062441336,0.13922897761902353,0.1652155693936147
noise,20,depth,0.1,0.14810312010913515,0.1331176519122075,0.16297612843087023
noise,20,depth,0.15000000000000002,0.13852443595801842,0.11935855433377654,0.15791140211721938
noise,20,depth,0.2,0.14307861647382178,0.12400101974511582,0.15923087996550755
noise,20,depth,0.25,0.1313604295922322,0.11006063489445701,0.1498676961392068
noise,20,depth,0.30000000000000004,0.1269018646924495,0.1081619722058389,0.1415470962730545
noise,20,depth,0.35000000000000003,0.11205199694278496,0.09078429990381902,0.12956143893295105
noise,20,depth,0.4,0.10680007202801618,0.08796333658502786,0.12419926786301827
noise,20,depth,0.45,0.11246078759579986,0.09928816142167125,0.12543665981610963
noise,20,depth,0.5,0.10110486044017368,0.09031094915803613,0.11054884381554453
noise,20,depth,0.55,0.09167656631897875,0.0789834249118563,0.10375676279690711
noise,20,depth,0.6000000000000001,0.08991477195696827,0.07656084470034125,0.10398712084869166
noise,20,depth,0.65,0.08972492317733338,0.07644284831000107,0.10466212428197184
noise,20,depth,0.7000000000000001,0.0803053379446678,0.06481248257112059,0.09608512983471458
noise,20,depth,0.75,0.08252181619635027,0.06815654307278732,0.09811283205229397
noise,20,depth,0.8,0.0825169479652176,0.06705553116432603,0.09630831527324794
noise,20,depth,0.8500000000000001,0.07145750588640412,0.057808415902675235,0.08442106731985954
noise,20,depth,0.9,0.06825912711339285,0.05371791032531855,0.08279306554219448
noise,20,depth,0.9500000000000001,0.06844596447460126,0.05500766814485225,0.0818016259264267
noise,20,depth,1.0,0.06533704818326078,0.05173989084438975,0.0796983020288695
noise,20,depth,1.05,0.06259142552041282,0.04805178654326707,0.07679925236974008
noise,20,depth,1.1,0.057541623171827115,0.044686355305222206,0.07246495477107269
noise,20,depth,1.1500000000000001,0.0579176157792336,0.04720281086940028,0.07073546996966046
noise,20,depth,1.2000000000000002,0.05454292367507202,0.04294977443546957,0.06605915991626571
noise,20,depth,1.25,0.048463134752880555,0.03521507893059551,0.06101445418542171
noise,20,depth,1.3,0.054339316788321886,0.04250049960733902,0.0667072842265505
noise,20,depth,1.35,0.050708288462634914,0.03862218543215793,0.06326280586631183
noise,20,depth,1.4000000000000001,0.0471740460448277,0.03589916637168607,0.05891840472783983
noise,20,depth,1.4500000000000002,0.04340480970266155,0.02959482955700945,0.05743688280297098
noise,20,depth,1.5,0.0457022133884926,0.031125013789302342,0.05893015598192869
noise,20,depth,1.55,0.039758234007416536,0.02734581430227266,0.051567560417310844
noise,20,depth,1.6,0.03896687187226175,0.025767781106199882,0.05241150087511781
noise,20,depth,1.6500000000000001,0.03705909048583488,0.024567648823509456,0.04897911013089254
noise,20,depth,1.7000000000000002,0.033061312861538246,0.019317164943507294,0.046909599115238246
noise,20,depth,1.75,0.03307616128568098,0.020690912476949302,0.04371582947871789
noise,20,depth,1.8,0.03475976545977901,0.022538305336785417,0.045745455671258047
noise,20,depth,1.85,0.032880799981510375,0.019459587128941965,0.04482116893982188
noise,20,depth,1.9000000000000001,0.030325523362327817,0.02008802815458467,0.039501380011377096
noise,20,depth,1.9500000000000002,0.025506852282401304,0.014646439766833186,0.03526004753428696
noise,20,depth,2.0,0.02163492159339767,0.013274189793262338,0.02928063154755459
noise,20,depth,2.0500000000000003,0.018580520048973276,0.012099242611940035,0.025921657598620702
noise,20,depth,2.1,0.023288170392043745,0.016464742450746157,0.03127216228592468
noise,20,depth,2.15,0.023769696261023033,0.014705286899870622,0.03431682257540353
noise,20,depth,2.2,0.022643916986307897,0.013772735702510823,0.03173635034746973
noise,20,depth,2.25,0.020546287018133193,0.010727677010169799,0.030154688460314445
noise,20,depth,2.3000000000000003,0.022890047068963703,0.009443126722017409,0.03552804313390679
noise,20,depth,2.35,0.018042132532253657,0.005711597924229952,0.03098087006864783
noise,20,depth,2.4000000000000004,0.01786198481358336,0.004766428663628413,0.031144231104257823
noise,20,depth,2.45,0.019316375885914394,0.0068609828050395375,0.030020480163326254
noise,20,depth,2.5,0.018853225020279963,0.006917613298222472,0.029652953958525432
noise,20,depth,2.5500000000000003,0.015378912961194929,0.004799986085548706,0.02589132697153544
noise,20,depth,2.6,0.011124233071463145,-0.00030207780251453767,0.022605479990344474
noise,20,depth,2.6500000000000004,0.010359153905798,0.0007909060498759001,0.01951771751596565
noise,20,depth,2.7,0.014836697677097806,0.007588784420499022,0.021643835947936257
noise,20,depth,2.75,0.011874249301324621,0.004097634065079125,0.019031505794822896
noise,20,depth,2.8000000000000003,0.009849471944243446,0.0032768486555175605,0.01665496201480354
noise,20,depth,2.85,0.0125750081654986,0.006156949171871125,0.01938402077784178
noise,20,depth,2.9000000000000004,0.011548012563133614,0.004391668279252029,0.019040118692408573
noise,20,depth,2.95,0.009341246346662517,0.003732417585396931,0.01594547470960272
noise,20,depth,3.0,0.010629760098525023,0.0009356720932003986,0.021618694063759943
noise,20,depth,3.0500000000000003,0.008132772602697702,-0.002711375375522324,0.019547358976416546
noise,20,depth,3.1,0.007062667694026299,-0.002324817239807464,0.016564934777225492
noise,20,depth,3.1500000000000004,0.007589174532116318,-0.0031843233456328923,0.017895938064812492
noise,20,depth,3.2,0.00800954681083787,-0.004594806199338362,0.018501354467861667
noise,20,depth,3.25,0.006631356096190018,-0.006357482545753293,0.017940425593469127
noise,20,depth,3.3000000000000003,0.006878713764283659,-0.003161672026164216,0.01593606053502669
noise,20,depth,3.35,0.006208785320894438,-0.000885455833504729,0.013263029415799705
noise,20,depth,3.4000000000000004,0.009925408578522955,0.0012216597435762233,0.01859755904344001
noise,20,depth,3.45,0.013472433200965394,0.0044955341187085185,0.024656720917224085
noise,20,depth,3.5,0.0099266948878642,0.0016147443840736448,0.018899080643971566
noise,20,depth,3.5500000000000003,0.01025446502490612,0.0027743610320683917,0.019103858163344877
noise,20,depth,3.6,0.004832346274016463,-0.003167649091520521,0.013486685230872271
noise,20,depth,3.6500000000000004,0.007680881424486123,-9.64123552106104e-05,0.015030389355762232
noise,20,depth,3.7,0.00902174935224538,0.002430016055481198,0.015938989014655184
noise,20,depth,3.75,0.00816069981612891,0.0015034303544768188,0.01472261487293696
noise,20,depth,3.8000000000000003,0.009402750974621194,0.0016091108536981395,0.016809661665424372
noise,20,depth,3.85,0.007325069506920043,-0.000366768632415377,0.014793805033884905
noise,20,depth,3.9000000000000004,0.004608887392486488,-0.0023917421736819136,0.010720550262836135
noise,20,depth,3.95,0.0027699337234636003,-0.0024843102124042795,0.007441049328797195
noise,20,depth,4.0,0.0027733294398403427,-0.002278056676941905,0.007693231312355339
noise,20,depth,4.05,0.004086250512590661,-0.0021717434694404486,0.009840673309333062
noise,20,depth,4.1000000000000005,0.0021845800297964845,-0.003702267779033355,0.006683840361923938
noise,20,depth,4.15,0.0028729272861024897,-0.0022717859894151736,0.007596393559382301
noise,20,depth,4.2,0.0031805484330305247,-0.0024224186356570127,0.008187583751061371
noise,20,depth,4.25,0.002056263417379101,-0.0034222357640242562,0.006945330253661762
noise,20,depth,4.3,0.001801846479632162,-0.004085102565002284,0.0072151458084727185
noise,20,depth,4.3500000000000005,0.0032915147122872853,-0.006021022269242248,0.012776186251884232
noise,20,depth,4.4,0.0006430267664668948,-0.004494400172143237,0.005570623649320804
noise,20,depth,4.45,0.0010892272408441997,-0.0035485063376842828,0.004867554798463252
noise,20,depth,4.5,8.992285199167233e-05,-0.005531951853427876,0.0051672514130912395
noise,20,depth,4.55,-0.0002464742653534542,-0.005877319966184239,0.00482570388167218
noise,20,depth,4.6000000000000005,-0.00013709871473135062,-0.0054730217885562375,0.004871767942433116
noise,20,depth,4.65,0.0016185198808236836,-0.0034096910936800146,0.0059749740543389735
noise,20,depth,4.7,-0.0008767393270858896,-0.007089057068121953,0.00434324947087561
noise,20,depth,4.75,-0.0021488979657612946,-0.008356295321831327,0.0027762542384875155
noise,20,depth,4.800000000000001,-0.0025018887547807902,-0.009542395481139518,0.002553187821028045
noise,20,depth,4.8500000000000005,-0.001970912294818773,-0.006646178823261741,0.0017022477369734459
noise,20,depth,4.9,-0.0005499813793127145,-0.004968086845898717,0.003006770217045791
noise,20,depth,4.95,-0.00021678298649448926,-0.004265889398364566,0.00318086268677174
noise,20,depth,5.0,-0.00033355543740004584,-0.005647708421609505,0.0035922337684888895
noise,20,depth,5.050000000000001,-0.00043215155141145076,-0.0069811444107799455,0.006140554436280177
noise,20,depth,5.1000000000000005,-0.0023538765212565795,-0.00843058896117673,0.0035546599134689536
noise,20,depth,5.15,-0.0020702712165624458,-0.006405694808019854,0.0022445607670266285
noise,20,depth,5.2,-0.001393634741865912,-0.004920612712740811,0.0023631610908214865
noise,20,depth,5.25,-0.0025816387737355637,-0.008273025443652157,0.002261621216324228
noise,20,depth,5.300000000000001,-0.001147484602309263,-0.005825713083138703,0.002831017081660472
noise,20,depth,5.3500000000000005,-0.0013145733648891615,-0.006777728751964935,0.0038025087217857826
noise,20,depth,5.4,0.0010084693234610794,-0.003718588089454296,0.0052858442187366335
noise,20,depth,5.45,0.003307697128018714,-0.004053710156835445,0.011079185876354687
noise,20,depth,5.5,-0.0013566833806530267,-0.0048545619642771385,0.001976551802817326
noise,20,depth,5.550000000000001,-0.001500223397042291,-0.005815570991781968,0.0025973742395124255
noise,20,depth,5.6000000000000005,-0.0004960538845403691,-0.005259962969746882,0.002937636293205752
noise,20,depth,5.65,-0.0017361081472872443,-0.006360007558476267,0.0018315995000399358
noise,20,depth,5.7,-0.0008996276676821918,-0.005966974998532538,0.002961230088793269
noise,20,depth,5.75,0.00042089872408561873,-0.004349510564282506,0.004340385599729212
noise,20,depth,5.800000000000001,0.0007597826390272113,-0.003092012268434997,0.003972536885450936
noise,20,depth,5.8500000000000005,0.0016955414635124323,-0.0029361174696908086,0.0063532003817349855
noise,20,depth,5.9,0.0007229613521446609,-0.004820771519419763,0.006063798039893889
noise,20,depth,5.95,0.0007669744880293927,-0.004338523847332608,0.005324899760637208
noise,20,depth,6.0,0.0034284931590781408,-0.0002470170802232535,0.0074087343555838455
noise,20,depth,6.050000000000001,0.001943772923476271,-0.0015016923364658073,0.005443865710868925
noise,20,depth,6.1000000000000005,-0.0012968046530885393,-0.0043936023058316,0.00147348949209001
noise,20,depth,6.15,-0.00030103797411703436,-0.0024530012281694506,0.002276593581206192
noise,20,depth,6.2,-0.0011179418310059564,-0.002972434220424715,0.0005850632552891941
noise,20,depth,6.25,-0.0005315884128212991,-0.002127110433566764,0.001331872291736499
noise,20,depth,6.300000000000001,-0.0009471843341569175,-0.0025937920487555284,0.0006546357849824179
noise,20,depth,6.3500000000000005,-0.0002916706854521815,-0.0018837619483046818,0.0015663857363035336
noise,20,depth,6.4,-0.0004560885740432055,-0.0020571843052201062,0.0012865476570566021
noise,20,depth,6.45,0.00017912764087599592,-0.0017816465264755496,0.0019763029034644587
noise,20,depth,6.5,8.406124405293672e-05,-0.0016524451295649957,0.0017316841708109325
noise,20,depth,6.550000000000001,0.0004849019962061959,-0.0010855297206310793,0.001999714139069422
noise,20,depth,6.6000000000000005,0.00010890788675981253,-0.0013673811175620165,0.001541756216170175
noise,20,depth,6.65,7.903180936887511e-06,-0.001312798574485894,0.0013351562561171389
noise,20,depth,6.7,9.064464137893792e-05,-0.0012950280249561773,0.0013256255512901596
noise,20,depth,6.75,0.00040241591321149816,-0.0011396601890503268,0.0018852285809170084
noise,20,depth,6.800000000000001,-0.0001288325874453444,-0.0016364640143270825,0.0013861781568373346
noise,20,depth,6.8500000000000005,-0.0018374466071118163,-0.005059685709883729,0.00026817704517370617
noise,20,depth,6.9,-0.00215915129860112,-0.0049911828878220505,0.00012095380092555136
noise,20,depth,6.95,-0.000312281996734505,-0.0015740268125867386,0.0010200125746243928
noise,20,depth,7.0,-0.0010799359342314786,-0.0023460085931007657,5.1514893777189644e-05
noise,20,depth,7.050000000000001,-0.0007620109297081188,-0.003682354943624987,0.0015560332660372663
noise,20,depth,7.1000000000000005,-0.0003146874975928195,-0.003213926998272566,0.002110861732897237
noise,20,depth,7.15,-0.0002863918471077461,-0.0030797300938925276,0.0019583904777804263
noise,20,depth,7.2,-0.000959262559773787,-0.004144711985248841,0.001519559568753924
noise,20,depth,7.25,-0.0010793837725132413,-0.0040145969283190116,0.001303649487538535
noise,20,depth,7.300000000000001,-0.0010116579741141444,-0.003880384251841711,0.0013779035329357454
noise,20,depth,7.3500000000000005,-0.0009505728476201483,-0.0038287000249701817,0.0010672304205734853
noise,20,depth,7.4,-0.0014329088779109435,-0.004242857187203922,0.0004321562295413265
noise,20,depth,7.45,-0.001961270066071755,-0.004720112033454788,-0.00016098025733108964
noise,20,depth,7.5,-0.0011279213897625242,-0.003932834667583719,0.000834507625964015
noise,20,depth,7.550000000000001,-0.00031426353154157243,-0.001316730954497984,0.0006685942006543499
noise,20,depth,7.6000000000000005,-0.0008631344598489719,-0.001828131661010535,9.743373350953416e-06
noise,20,depth,7.65,-0.0006455904889142854,-0.0015681518414900392,0.00011656132940479052
noise,20,depth,7.7,-0.0005657182101156841,-0.0016555887791946825,0.000595756390538142
noise,20,depth,7.75,-0.0008420541717318207,-0.0023867056043822194,0.0005716511452459247
noise,20,depth,7.800000000000001,-0.0013162239450995028,-0.002841370679233891,0.00019656424202676192
noise,20,depth,7.8500000000000005,-0.0016143507634175309,-0.003420892776894445,-7.80203871633782e-05
noise,20,depth,7.9,-0.0015600076269172937,-0.00322690552002285,-7.609960125197651e-05
noise,20,depth,7.95,-0.001154467202240294,-0.0024557037949804995,0.00012481389792892808
noise,20,depth,8.0,-0.0009662183634328968,-0.002379622863991781,0.0003667226751552467
noise,20,depth,8.05,-0.0006479683131592856,-0.001990956772727322,0.0007843628103982765
noise,20,depth,8.1,0.0007945997822059514,-0.0006333534379526717,0.002503160255990258
noise,20,depth,8.15,0.0018115789896159063,-0.0005904587673282533,0.005533542767421572
noise,20,depth,8.200000000000001,0.0006938478126016398,-0.000627656714958829,0.002283902717052152
noise,20,depth,8.25,-8.353369050043685e-05,-0.0020521222437613154,0.0021117523510060586
noise,20,depth,8.3,-3.265017899573312e-05,-0.0019392012395135145,0.0021435664498486765
noise,20,depth,8.35,0.0003039885169130658,-0.0003123996055394954,0.0008233684363149174
noise,20,depth,8.4,0.0002344207188070043,-0.001701753519033005,0.0021117515941939543
noise,20,depth,8.450000000000001,0.0006651595197475312,-0.0005551829263587232,0.0021802911281930586
noise,20,depth,8.5,0.0010837490046564776,6.915050718475344e-05,0.002463850489515219
noise,20,depth,8.55,0.0010859430804387215,6.920535907930728e-05,0.0024659897134029097
noise,20,depth,8.6,0.00025431617003853223,-0.0008781986583450051,0.001846015453341326
noise,20,depth,8.65,-6.619075289271545e-05,-0.0008680033298926142,0.0006445422508267359
noise,20,depth,8.700000000000001,0.00034191566084335105,-0.0008656458663223662,0.002016671062086588
noise,20,depth,8.75,0.0003340666859488189,-0.0005017278638500161,0.001536265217853765
noise,20,depth,8.8,0.000547520163527254,-0.0003631703226074374,0.0016852401729610547
noise,20,depth,8.85,0.00029373814530480523,-0.0005691779859701493,0.001089497217679604
noise,20,depth,8.9,0.0008443982508617772,-0.00032814799139440216,0.002429846037667866
noise,20,depth,8.950000000000001,0.000842204175079519,-0.00032814799139441024,0.0024275971099910545
noise,20,depth,9.0,0.0006976613952865083,-0.0002946072617968333,0.0018415113928548562
noise,20,depth,9.05,0.0005881994716525926,-0.0004843519581818568,0.0020310549383293305
noise,20,depth,9.1,0.0006848145030098514,-0.0005087435761563443,0.002381844662270113
noise,20,depth,9.15,0.000703440639204164,-0.0005086803396777441,0.0024014021052741435
noise,20,depth,9.200000000000001,0.0008975082546428661,-0.00045637358788041393,0.0028758844588981365
noise,20,depth,9.25,0.0008735300159463281,-0.0004672380182357036,0.0028447620487507194
noise,20,depth,9.3,0.0010116480847631776,-0.0004940569974690754,0.003061582111257904
noise,20,depth,9.35,3.230669845257373e-05,-0.0005741237065434514,0.0005895814700708734
noise,20,depth,9.4,1.2879622436078736e-05,-0.0007366650627043176,0.0007301566123682966
noise,20,depth,9.450000000000001,0.0006241068604229636,-0.0003967558692655675,0.0018841934965315675
noise,20,depth,9.5,0.0007725045295275904,-0.0003837930166368943,0.002264865501446428
noise,20,depth,9.55,0.0004593525380778152,-0.0004328635189062138,0.0015731861424125924
noise,20,depth,9.600000000000001,0.0008615363064419339,-0.0004963022700906253,0.0029556481602485995
noise,20,depth,9.65,0.0009110213852892633,-0.0004269543330144226,0.0029563021544435587
noise,20,depth,9.700000000000001,0.0010242573746697392,-0.0004557325124518646,0.003048462054262972
noise,20,depth,9.75,0.0006163063737878727,-0.00045181152433903865,0.0018478068594239589
noise,20,depth,9.8,0.000671785521510634,-0.0004549813123386012,0.002042869694006174
noise,20,depth,9.850000000000001,0.00042561387661906876,-0.0005003844648263962,0.0016513575057935763
noise,20,depth,9.9,0.0003236833845637219,-0.0007090022033007453,0.0015979041627334682
noise,20,depth,9.950000000000001,0.0018183792108890453,-0.0005670202809727603,0.005207085787369923
noise,20,depth,10.0,0.0012329118425205014,-0.0005496870822929904,0.0035876050141338232
noise,60,mid,0.05,1.54375,1.3374479166666668,1.75109375
noise,60,mid,0.1,1.6656250000000001,1.47390625,1.8625260416666671
noise,60,mid,0.15000000000000002,1.661458333333333,1.4517968750000003,1.890625
noise,60,mid,0.2,1.6593750000000005,1.4671875,1.8822916666666663
noise,60,mid,0.25,1.6468750000000003,1.445494791666667,1.864609375
noise,60,mid,0.30000000000000004,1.6697916666666668,1.475989583333333,1.886484375
noise,60,mid,0.35000000000000003,1.6927083333333333,1.4986979166666665,1.8895833333333332
noise,60,mid,0.4,1.6739583333333332,1.4665885416666669,1.8876041666666659
noise,60,mid,0.45,1.663541666666667,1.4457812500000002,1.8886197916666665
noise,60,mid,0.5,1.65625,1.4394010416666667,1.892734375
noise,60,mid,0.55,1.6864583333333332,1.463463541666667,1.928307291666667
noise,60,mid,0.6000000000000001,1.6958333333333335,1.4540364583333334,1.9397395833333329
noise,60,mid,0.65,1.7260416666666665,1.5093750000000001,1.9438020833333336
noise,60,mid,0.7000000000000001,1.760416666666667,1.547838541666667,1.9866666666666666
noise,60,mid,0.75,1.7572916666666663,1.5363802083333333,1.990651041666667
noise,60,mid,0.8,1.7531249999999998,1.5176562500000002,1.9917447916666664
noise,60,mid,0.8500000000000001,1.7697916666666667,1.5455989583333334,2.0073697916666666
noise,60,mid,0.9,1.7718750000000003,1.5551302083333332,1.9971093749999993
noise,60,mid,0.9500000000000001,1.779166666666667,1.56765625,2.016666666666667
noise,60,mid,1.0,1.76875,1.5468489583333334,2.0115624999999997
noise,60,mid,1.05,1.7781249999999995,1.5634895833333335,2.0209114583333334
noise,60,mid,1.1,1.7739583333333337,1.5552083333333335,2.0177083333333337
noise,60,mid,1.1500000000000001,1.7458333333333336,1.5489322916666668,1.9605468750000001
noise,60,mid,1.2000000000000002,1.7520833333333332,1.5478645833333333,1.9650781249999996
noise,60,mid,1.25,1.741666666666667,1.533255208333333,1.977161458333333
noise,60,mid,1.3,1.7468750000000002,1.5332291666666666,1.9607812500000001
noise,60,mid,1.35,1.7447916666666667,1.530182291666666,1.9688020833333333
noise,60,mid,1.4000000000000001,1.7666666666666666,1.5530989583333332,1.98140625
noise,60,mid,1.4500000000000002,1.7697916666666667,1.5613802083333335,1.9927864583333335
noise,60,mid,1.5,1.7729166666666663,1.5612499999999998,2.0043229166666667
noise,60,mid,1.55,1.7718749999999999,1.5603645833333335,2.0021614583333336
noise,60,mid,1.6,1.7802083333333336,1.5634635416666673,2.0053125
noise,60,mid,1.6500000000000001,1.8104166666666668,1.5946614583333334,2.0356510416666667
noise,60,mid,1.7000000000000002,1.8250000000000002,1.6154687500000002,2.0520833333333335
noise,60,mid,1.75,1.8302083333333339,1.6196875000000002,2.05125
noise,60,mid,1.8,1.816666666666667,1.6000000000000003,2.0489843750000003
noise,60,mid,1.85,1.8041666666666665,1.596875,2.021979166666666
noise,60,mid,1.9000000000000001,1.8010416666666664,1.5905989583333333,2.028255208333333
noise,60,mid,1.9500000000000002,1.7937499999999995,1.5873437499999996,2.026067708333333
noise,60,mid,2.0,1.7770833333333333,1.58125,1.9969010416666662
noise,60,mid,2.0500000000000003,1.7781250000000002,1.5790625,1.995859375
noise,60,mid,2.1,1.7822916666666666,1.5863802083333332,1.9908854166666667
noise,60,mid,2.15,1.7770833333333333,1.5811197916666666,1.9835416666666665
noise,60,mid,2.2,1.7666666666666668,1.5707552083333332,1.9750260416666665
noise,60,mid,2.25,1.7718749999999996,1.5770312500000003,1.9802343749999995
noise,60,mid,2.3000000000000003,1.7604166666666663,1.5645052083333335,1.9719010416666671
noise,60,mid,2.35,1.7677083333333334,1.566640625,1.9751302083333335
noise,60,mid,2.4000000000000004,1.7645833333333332,1.569661458333333,1.9709635416666664
noise,60,mid,2.45,1.7572916666666665,1.5614583333333334,1.9574479166666665
noise,60,mid,2.5,1.7520833333333332,1.5602083333333334,1.9584895833333327
noise,60,mid,2.5500000000000003,1.7437499999999997,1.5520572916666664,1.946979166666667
noise,60,mid,2.6,1.7437500000000001,1.5499739583333334,1.9500000000000002
noise,60,mid,2.6500000000000004,1.744791666666667,1.552057291666667,1.9511197916666667
noise,60,mid,2.7,1.7625,1.5656250000000005,1.9678124999999997
noise,60,mid,2.75,1.7791666666666666,1.5822135416666667,1.9844010416666664
noise,60,mid,2.8000000000000003,1.7677083333333334,1.5728906249999997,1.9679687499999996
noise,60,mid,2.85,1.76875,1.573932291666667,1.9679687499999996
noise,60,mid,2.9000000000000004,1.777083333333333,1.5833072916666664,1.9792708333333329
noise,60,mid,2.95,1.7645833333333332,1.5664843749999997,1.9719531249999998
noise,60,mid,3.0,1.7645833333333327,1.5653906249999998,1.9699479166666662
noise,60,mid,3.0500000000000003,1.7656249999999998,1.565625,1.9708333333333332
noise,60,mid,3.1,1.7666666666666666,1.5728645833333335,1.9719791666666662
noise,60,mid,3.1500000000000004,1.7781250000000002,1.5894791666666668,1.9864583333333334
noise,60,mid,3.2,1.78125,1.5853125,1.9906249999999996
noise,60,mid,3.25,1.7708333333333337,1.5749479166666671,1.980260416666667
noise,60,mid,3.3000000000000003,1.7614583333333333,1.56765625,1.969895833333333
noise,60,mid,3.35,1.7770833333333333,1.5853385416666672,1.9854427083333333
noise,60,mid,3.4000000000000004,1.7781250000000002,1.58015625,1.9865104166666667
noise,60,mid,3.45,1.757291666666667,1.5592708333333334,1.9510677083333332
noise,60,mid,3.5,1.7531249999999998,1.5498697916666668,1.9533072916666667
noise,60,mid,3.5500000000000003,1.7416666666666665,1.5416145833333335,1.944817708333333
noise,60,mid,3.6,1.7541666666666667,1.555078125,1.9647135416666657
noise,60,mid,3.6500000000000004,1.7489583333333334,1.5406250000000001,1.964583333333333
noise,60,mid,3.7,1.7458333333333336,1.5383593750000002,1.9626822916666662
noise,60,mid,3.75,1.7385416666666673,1.5291406250000001,1.9604947916666668
noise,60,mid,3.8000000000000003,1.746875,1.5385156250000003,1.965807291666667
noise,60,mid,3.85,1.746875,1.5456770833333326,1.9689062499999999
noise,60,mid,3.9000000000000004,1.7468750000000002,1.54265625,1.9667447916666667
noise,60,mid,3.95,1.7427083333333335,1.5405208333333336,1.9625000000000001
noise,60,mid,4.0,1.7458333333333333,1.5478125,1.9594531249999998
noise,60,mid,4.05,1.7489583333333332,1.5479166666666668,1.962578125
noise,60,mid,4.1000000000000005,1.7541666666666667,1.546822916666667,1.9751822916666668
noise,60,mid,4.15,1.7531250000000005,1.5509895833333334,1.9688802083333334
noise,60,mid,4.2,1.7489583333333334,1.5299479166666667,1.9730468750000003
noise,60,mid,4.25,1.7510416666666666,1.530052083333333,1.9802604166666669
noise,60,mid,4.3,1.7552083333333337,1.5415885416666668,1.978203125
noise,60,mid,4.3500000000000005,1.747916666666667,1.5291145833333333,1.9698437500000001
noise,60,mid,4.4,1.754166666666667,1.5406250000000001,1.9761458333333335
noise,60,mid,4.45,1.7562499999999999,1.5383072916666662,1.9783333333333333
noise,60,mid,4.5,1.7666666666666666,1.5528125,1.9927343750000002
noise,60,mid,4.55,1.7677083333333334,1.5548958333333336,1.9969270833333332
noise,60,mid,4.6000000000000005,1.7625000000000002,1.5487500000000005,1.9865364583333334
noise,60,mid,4.65,1.757291666666667,1.5424479166666667,1.9803906249999994
noise,60,mid,4.7,1.7531249999999998,1.5342708333333333,1.9761979166666663
noise,60,mid,4.75,1.7531250000000005,1.5362239583333337,1.9792708333333335
noise,60,mid,4.800000000000001,1.7479166666666661,1.5270052083333336,1.9761197916666664
noise,60,mid,4.8500000000000005,1.7489583333333334,1.5302083333333336,1.977083333333333
noise,60,mid,4.9,1.7510416666666668,1.526015625,1.9844791666666668
noise,60,mid,4.95,1.7510416666666668,1.5249739583333335,1.9794531250000003
noise,60,mid,5.0,1.7520833333333334,1.5290624999999995,1.9734635416666662
noise,60,mid,5.050000000000001,1.7520833333333334,1.5280989583333333,1.9774739583333336
noise,60,mid,5.1000000000000005,1.7552083333333337,1.5342968750000001,1.978385416666667
noise,60,mid,5.15,1.7510416666666673,1.5364062499999998,1.9698958333333334
noise,60,mid,5.2,1.7489583333333332,1.5341666666666665,1.9719010416666665
noise,60,mid,5.25,1.7406250000000003,1.5310677083333333,1.9552604166666667
noise,60,mid,5.300000000000001,1.7291666666666667,1.5197395833333334,1.9438281250000002
noise,60,mid,5.3500000000000005,1.739583333333333,1.5248697916666667,1.9584635416666665
noise,60,mid,5.4,1.7354166666666666,1.5177083333333334,1.9532552083333332
noise,60,mid,5.45,1.7333333333333332,1.5206770833333332,1.9521093749999998
noise,60,mid,5.5,1.7375,1.5197135416666665,1.9541666666666664
noise,60,mid,5.550000000000001,1.7333333333333334,1.5145052083333335,1.95
noise,60,mid,5.6000000000000005,1.7364583333333332,1.5186197916666666,1.952109375
noise,60,mid,5.65,1.7354166666666666,1.515494791666667,1.9541927083333333
noise,60,mid,5.7,1.73125,1.51453125,1.9479687499999996
noise,60,mid,5.75,1.7302083333333333,1.5123958333333334,1.9479687500000002
noise,60,mid,5.800000000000001,1.730208333333333,1.5144270833333333,1.95
noise,60,mid,5.8500000000000005,1.734375,1.515546875,1.9552343749999999
noise,60,mid,5.9,1.7343749999999998,1.5176041666666666,1.954192708333333
noise,60,mid,5.95,1.7260416666666665,1.5134114583333333,1.9427083333333333
noise,60,mid,6.0,1.7270833333333329,1.5154166666666664,1.9469791666666663
noise,60,mid,6.050000000000001,1.723958333333333,1.510390625,1.9407552083333328
noise,60,mid,6.1000000000000005,1.7333333333333334,1.5217187500000002,1.955234375
noise,60,mid,6.15,1.73125,1.5185677083333333,1.9531770833333326
noise,60,mid,6.2,1.7343749999999998,1.5207031249999998,1.9583593749999997
noise,60,mid,6.25,1.73125,1.5155729166666665,1.9563281249999995
noise,60,mid,6.300000000000001,1.727083333333333,1.5123958333333334,1.9552343749999999
noise,60,mid,6.3500000000000005,1.7249999999999999,1.5103125000000002,1.9480989583333328
noise,60,mid,6.4,1.7229166666666667,1.5082812500000002,1.9449479166666663
noise,60,mid,6.45,1.721875,1.5062239583333332,1.9439583333333335
noise,60,mid,6.5,1.7229166666666667,1.5093229166666668,1.9428906249999995
noise,60,mid,6.550000000000001,1.727083333333333,1.51453125,1.9440104166666663
noise,60,mid,6.6000000000000005,1.7249999999999999,1.51140625,1.9429947916666663
noise,60,mid,6.65,1.7229166666666667,1.5123437499999994,1.9408072916666665
noise,60,mid,6.7,1.7281250000000001,1.5165364583333332,1.944036458333333
noise,60,mid,6.75,1.7291666666666667,1.515546875,1.9439322916666668
noise,60,mid,6.800000000000001,1.7322916666666668,1.5186718750000001,1.945026041666667
noise,60,mid,6.8500000000000005,1.7343750000000002,1.5186458333333335,1.950364583333333
noise,60,mid,6.9,1.7375,1.5206770833333332,1.9554687499999996
noise,60,mid,6.95,1.7364583333333334,1.520703125,1.9533854166666662
noise,60,mid,7.0,1.7375,1.5207291666666667,1.9544010416666662
noise,60,mid,7.050000000000001,1.7364583333333334,1.5207291666666667,1.953333333333333
noise,60,mid,7.1000000000000005,1.7447916666666667,1.5270052083333334,1.9711718749999994
noise,60,mid,7.15,1.7479166666666668,1.528125,1.9753906249999993
noise,60,mid,7.2,1.7510416666666666,1.5302083333333332,1.9784895833333327
noise,60,mid,7.25,1.7531249999999998,1.5322916666666666,1.9764322916666661
noise,60,mid,7.300000000000001,1.7489583333333334,1.5311197916666668,1.9691666666666663
noise,60,mid,7.3500000000000005,1.7468750000000002,1.5310677083333333,1.9638802083333333
noise,60,mid,7.4,1.7531249999999998,1.5353385416666667,1.9722135416666664
noise,60,mid,7.45,1.7510416666666666,1.5353645833333331,1.9691145833333332
noise,60,mid,7.5,1.7510416666666666,1.5363281249999998,1.9692187499999998
noise,60,mid,7.550000000000001,1.7510416666666666,1.5372656249999996,1.9702083333333327
noise,60,mid,7.6000000000000005,1.7458333333333333,1.532109375,1.9679427083333334
noise,60,mid,7.65,1.7437499999999997,1.5279947916666667,1.9688802083333334
noise,60,mid,7.7,1.7416666666666665,1.52890625,1.968802083333333
noise,60,mid,7.75,1.7385416666666664,1.5227604166666668,1.963671875
noise,60,mid,7.800000000000001,1.742708333333333,1.5290104166666667,1.9637499999999999
noise,60,mid,7.8500000000000005,1.7447916666666663,1.52796875,1.9658854166666664
noise,60,mid,7.9,1.7458333333333333,1.5290104166666667,1.9659374999999997
noise,60,mid,7.95,1.746875,1.5290104166666667,1.9670312499999996
noise,60,mid,8.0,1.7447916666666663,1.52796875,1.9658854166666664
noise,60,mid,8.05,1.7489583333333334,1.5330989583333334,1.9680729166666662
noise,60,mid,8.1,1.7437500000000004,1.5268750000000002,1.9638281249999998
noise,60,mid,8.15,1.7489583333333334,1.5320833333333335,1.9670572916666662
noise,60,mid,8.200000000000001,1.7510416666666668,1.5352604166666666,1.9680729166666666
noise,60,mid,8.25,1.7468750000000002,1.5320312500000002,1.9639062499999997
noise,60,mid,8.3,1.7458333333333333,1.5310156250000002,1.9649218749999997
noise,60,mid,8.35,1.741666666666667,1.5247656250000001,1.9617968749999994
noise,60,mid,8.4,1.7416666666666665,1.5247656250000001,1.9617968749999994
noise,60,mid,8.450000000000001,1.7468750000000002,1.5269270833333335,1.9640364583333325
noise,60,mid,8.5,1.7468750000000002,1.5269270833333335,1.9650781249999996
noise,60,mid,8.55,1.744791666666667,1.51875,1.9630468749999999
noise,60,mid,8.6,1.7468750000000002,1.5228906250000003,1.9640885416666662
noise,60,mid,8.65,1.7489583333333336,1.528046875,1.9651302083333333
noise,60,mid,8.700000000000001,1.7479166666666668,1.5280208333333334,1.965078125
noise,60,mid,8.75,1.7458333333333336,1.5228645833333336,1.9650520833333334
noise,60,mid,8.8,1.7437500000000001,1.5228645833333336,1.9648958333333335
noise,60,mid,8.85,1.7458333333333336,1.5249218750000002,1.9649739583333334
noise,60,mid,8.9,1.7437500000000004,1.5207812500000004,1.9649479166666668
noise,60,mid,8.950000000000001,1.744791666666667,1.523854166666667,1.9649739583333332
noise,60,mid,9.0,1.744791666666667,1.5218489583333332,1.9650260416666667
noise,60,mid,9.05,1.7427083333333335,1.5187239583333334,1.9649479166666666
noise,60,mid,9.1,1.7427083333333335,1.5186979166666672,1.9649218750000002
noise,60,mid,9.15,1.7437500000000004,1.5197135416666667,1.9650520833333331
noise,60,mid,9.200000000000001,1.7437500000000004,1.5197135416666665,1.9650520833333334
noise,60,mid,9.25,1.7427083333333335,1.5176822916666666,1.9649739583333334
noise,60,mid,9.3,1.7416666666666671,1.5166145833333333,1.9649479166666668
noise,60,mid,9.35,1.7437500000000004,1.5197135416666667,1.9650520833333334
noise,60,mid,9.4,1.7458333333333336,1.5218489583333332,1.9651041666666667
noise,60,mid,9.450000000000001,1.7437500000000004,1.5197135416666667,1.9650520833333334
noise,60,mid,9.5,1.7416666666666671,1.5166145833333333,1.9649479166666668
noise,60,mid,9.55,1.7437500000000004,1.5197135416666667,1.9650520833333334
noise,60,mid,9.600000000000001,1.7437500000000004,1.5206770833333332,1.9651041666666667
noise,60,mid,9.65,1.7437500000000004,1.5206770833333332,1.9651041666666664
noise,60,mid,9.700000000000001,1.7437500000000004,1.5206770833333332,1.9651041666666667
noise,60,mid,9.75,1.7437500000000004,1.5206770833333332,1.9651041666666667
noise,60,mid,9.8,1.741666666666667,1.5166145833333333,1.9649479166666668
noise,60,mid,9.850000000000001,1.744791666666667,1.522708333333333,1.9671614583333332
noise,60,mid,9.9,1.744791666666667,1.522708333333333,1.9671614583333332
noise,60,mid,9.950000000000001,1.7437500000000004,1.5206770833333332,1.9651041666666667
noise,60,mid,10.0,1.7406250000000003,1.517578125,1.9649999999999999
noise,60,spread,0.05,1.3470794021933188,1.21332765191708,1.4925673184187922
noise,60,spread,0.1,0.9898417241005628,0.8851294392523459,1.1110715139967424
noise,60,spread,0.15000000000000002,0.7293481137078647,0.6424797949363333,0.8340312242930934
noise,60,spread,0.2,0.5473649789210558,0.4939602884586535,0.6053206621822643
noise,60,spread,0.25,0.4640116626058079,0.39983289110055853,0.5237071987746996
noise,60,spread,0.30000000000000004,0.3623876190962685,0.2849111141471605,0.4493104469181481
noise,60,spread,0.35000000000000003,0.34048835573687364,0.26320355811516594,0.4233912209227111
noise,60,spread,0.4,0.3292434489569869,0.2611501493196026,0.3958581655231562
noise,60,spread,0.45,0.24907264346976785,0.17607275681770868,0.3221609463330375
noise,60,spread,0.5,0.2143946977662793,0.15140807856014799,0.269260239997681
noise,60,spread,0.55,0.2100117630688101,0.1488747631958384,0.26914072437049547
noise,60,spread,0.6000000000000001,0.20429257095948947,0.12842988209296982,0.2786558768654633
noise,60,spread,0.65,0.23606835374710758,0.1810037405805938,0.3045291980183098
noise,60,spread,0.7000000000000001,0.18373959225662864,0.1387591282946752,0.2394576921363722
noise,60,spread,0.75,0.16764323318145424,0.1236747374388672,0.21420745746104147
noise,60,spread,0.8,0.12731893069696323,0.08188539686134201,0.18155863136784875
noise,60,spread,0.8500000000000001,0.12270122756068487,0.0713894206095095,0.1765628636205405
noise,60,spread,0.9,0.12258667095996938,0.08209559422627205,0.17012529533058574
noise,60,spread,0.9500000000000001,0.10947840566306023,0.07144762983482625,0.14806425625829758
noise,60,spread,1.0,0.09924675884791584,0.0653434848219333,0.13599161829441073
noise,60,spread,1.05,0.08991018741036876,0.04507985404874591,0.13587160595620862
noise,60,spread,1.1,0.06059624254971987,0.01674892333096313,0.09508782946603399
noise,60,spread,1.1500000000000001,0.0668758511550998,0.030687498137206805,0.09764882738862887
noise,60,spread,1.2000000000000002,0.06884846648237802,0.02880750564082857,0.10137143200858287
noise,60,spread,1.25,0.06012647463283911,0.023041062536758597,0.09187455185301781
noise,60,spread,1.3,0.05131923234755819,0.00920790007186149,0.09262439342604771
noise,60,spread,1.35,0.06609857933979832,0.03706138302356616,0.09934201842873164
noise,60,spread,1.4000000000000001,0.05908863868065961,0.03467147564784601,0.08914329182677574
noise,60,spread,1.4500000000000002,0.05009124226353844,0.029896257106875882,0.07067635141321103
noise,60,spread,1.5,0.056007883228231505,0.030010412208276247,0.08279162022261892
noise,60,spread,1.55,0.05080501592923605,0.022607949893687453,0.08008936215963632
noise,60,spread,1.6,0.04024772076611077,0.019099429655642094,0.05912089083464546
noise,60,spread,1.6500000000000001,0.029262744634734925,0.0010935957166406177,0.05554171829554773
noise,60,spread,1.7000000000000002,0.020441227241949612,-0.0026486166506701444,0.047196546005815486
noise,60,spread,1.75,0.033312307693469864,0.006930292113204986,0.06006891567690634
noise,60,spread,1.8,0.021428822805590875,0.0022906550955203975,0.03989043732384346
noise,60,spread,1.85,0.017680623638244363,0.0015207098570319984,0.035762096590248905
noise,60,spread,1.9000000000000001,0.015807354017753475,-0.01071080487511883,0.0457502209543054
noise,60,spread,1.9500000000000002,0.016664023891321166,-0.002791690321556688,0.03849343710702592
noise,60,spread,2.0,0.015319112580626694,-0.0006925715324635462,0.032105954767428446
noise,60,spread,2.0500000000000003,0.025677657645626347,0.001837967078693635,0.04806875618801632
noise,60,spread,2.1,0.04050944533679574,0.016742105286228038,0.06291805997441065
noise,60,spread,2.15,0.02978463077966147,0.00688546182699146,0.05395143239330594
noise,60,spread,2.2,0.03581817664664857,0.007587510421167767,0.06365302219217545
noise,60,spread,2.25,0.0261972262903598,-0.0022169613329234305,0.05564685376692101
noise,60,spread,2.3000000000000003,0.017500139820872666,-0.005789406072139663,0.04239373016199933
noise,60,spread,2.35,0.02048321790881837,-0.0009494317667191657,0.041953482076432146
noise,60,spread,2.4000000000000004,0.007220449115939122,-0.011965988427394344,0.0279676440905677
noise,60,spread,2.45,0.023381952877648906,0.002727186039618108,0.04459742678134404
noise,60,spread,2.5,0.012835299533426915,-7.830549182304147e-05,0.02636800421367133
noise,60,spread,2.5500000000000003,0.026131552099242283,0.015321350511371755,0.03772493610153142
noise,60,spread,2.6,0.01837056900139198,0.0064494052094858515,0.03189381286106171
noise,60,spread,2.6500000000000004,0.020536257975116674,0.010017399802550573,0.03259189006886346
noise,60,spread,2.7,0.02311421311496446,0.0054183184007492715,0.03907922506988321
noise,60,spread,2.75,0.02931431216746346,0.007820290608054675,0.05746020882632525
noise,60,spread,2.8000000000000003,0.012951577403099448,-0.0031104803788971893,0.033096913574261325
noise,60,spread,2.85,0.005385497840705129,-0.00819571747056977,0.018976307844389206
noise,60,spread,2.9000000000000004,0.01285350483352682,-0.013203768992283068,0.042075897095438325
noise,60,spread,2.95,0.01917675938492832,-0.008926426521346903,0.04993140934853845
noise,60,spread,3.0,0.014731703656694297,-0.00758223024269687,0.03513211684762237
noise,60,spread,3.0500000000000003,0.013935971655939794,-0.0003368490421819153,0.029105361767450617
noise,60,spread,3.1,0.017642121538493653,0.004826756001575803,0.0316470915410215
noise,60,spread,3.1500000000000004,0.013251820773333443,0.0026266113966804516,0.024816364090452618
noise,60,spread,3.2,0.0036030367495494195,-0.014334648835158349,0.020672896850914273
noise,60,spread,3.25,0.00271739911539479,-0.011065809905373545,0.01796040422680441
noise,60,spread,3.3000000000000003,0.011379221854874907,-0.0041459834651673706,0.028291789544704144
noise,60,spread,3.35,0.004908065438979422,-0.01379044544015032,0.023645425393752587
noise,60,spread,3.4000000000000004,0.002011621673080007,-0.01718487918148244,0.024160358811148457
noise,60,spread,3.45,0.030123318581511373,-0.004464998439632466,0.0851353846099338
noise,60,spread,3.5,-0.003424822980941868,-0.022678523520037675,0.016771493614504498
noise,60,spread,3.5500000000000003,-0.008620126596933377,-0.02878690521220105,0.011374472478007283
noise,60,spread,3.6,0.016112891947322534,-0.005599864863982291,0.037253450842933744
noise,60,spread,3.6500000000000004,0.0071386220368535,-0.011334372890863158,0.029836137542140092
noise,60,spread,3.7,0.007887092952634211,-0.00543051586335544,0.021302865624900646
noise,60,spread,3.75,0.006928107916309837,-0.008814020493035575,0.024459204433805608
noise,60,spread,3.8000000000000003,0.0072597150100978365,-0.008983817000380192,0.021984122058682533
noise,60,spread,3.85,0.0062024446274869536,-0.009971182323400336,0.021433330803644214
noise,60,spread,3.9000000000000004,-0.003427532847681957,-0.01742523315147336,0.009446624597675988
noise,60,spread,3.95,-0.006605270404125639,-0.0228801386538255,0.00875843723601694
noise,60,spread,4.0,0.0030536056732865364,-0.006881720894353861,0.015529077231869784
noise,60,spread,4.05,0.004851942935307759,-0.00930381346792567,0.01812241731723493
noise,60,spread,4.1000000000000005,0.0017608241344943397,-0.011627508350775294,0.013806976806694942
noise,60,spread,4.15,-0.004409470611916267,-0.016955467327789686,0.009354686623907106
noise,60,spread,4.2,-0.004657134060266518,-0.02200707503144806,0.010690277640122859
noise,60,spread,4.25,-0.002886898956698079,-0.015369736208904796,0.008570807631937016
noise,60,spread,4.3,-0.0013388866283730618,-0.010660781326068233,0.009736477945283921
noise,60,spread,4.3500000000000005,0.0026341801817345283,-0.00608756308229814,0.010860062435300204
noise,60,spread,4.4,0.0006501851209442532,-0.004678033247830651,0.006260069897928129
noise,60,spread,4.45,-0.002847528423503736,-0.015292856498791977,0.00929300067936744
noise,60,spread,4.5,-0.009850894507003966,-0.026288530690331446,0.002861233514595052
noise,60,spread,4.55,0.0022208105741557058,-0.00937916586014412,0.017992050538472623
noise,60,spread,4.6000000000000005,0.003425901161096062,-0.008978081643701973,0.017169615885648495
noise,60,spread,4.65,0.0007605379794285346,-0.009475942454765547,0.010937399232001927
noise,60,spread,4.7,0.0003288436613237804,-0.00803577464845325,0.00838254604524149
noise,60,spread,4.75,0.013811597710995173,0.0038417706084709724,0.02316891840913384
noise,60,spread,4.800000000000001,0.013347515064791765,0.003748401923748753,0.02514954024833476
noise,60,spread,4.8500000000000005,0.008562081429720442,-0.00025077288436173886,0.016921947608411536
noise,60,spread,4.9,0.007086899661177281,-0.0008979189042626082,0.01656070046695045
noise,60,spread,4.95,0.0043092307729435345,-0.003728801563262997,0.013283609419657297
noise,60,spread,5.0,-0.002057756971224444,-0.010489028384832823,0.005782593667942874
noise,60,spread,5.050000000000001,-0.0013900219284894034,-0.007741682284447476,0.004861975885912047
noise,60,spread,5.1000000000000005,0.0060001950405319275,-0.004822668650793644,0.019824134267562906
noise,60,spread,5.15,0.0003918589845863102,-0.01065799564795335,0.010785077527013015
noise,60,spread,5.2,0.007772192099938155,-0.0053869319644273515,0.01888066165068505
noise,60,spread,5.25,0.015918035543371564,0.0012839932866814613,0.033603371377144885
noise,60,spread,5.300000000000001,-0.00967084320787132,-0.05298260981365036,0.018860568484741207
noise,60,spread,5.3500000000000005,-0.015924442107639578,-0.057266082278253944,0.009488209257655575
noise,60,spread,5.4,-0.01532524783204131,-0.05755560138457557,0.010284268213955717
noise,60,spread,5.45,-0.015888525218235364,-0.059285469696475156,0.009398864190530853
noise,60,spread,5.5,0.00283740179573513,-0.0039780903062153015,0.009913008506758497
noise,60,spread,5.550000000000001,0.005874464207797545,-0.0009397719033135725,0.013237606596981593
noise,60,spread,5.6000000000000005,0.0009925791175791176,-0.004082207207207206,0.005973521598521593
noise,60,spread,5.65,0.0030200655200655173,0.0,0.007584715397215383
noise,60,spread,5.7,0.0008356794294294309,-0.006592530030030027,0.010367246152402398
noise,60,spread,5.75,-0.004626253632141312,-0.0135934829919771,0.0031598443989748347
noise,60,spread,5.800000000000001,-0.00412751909544756,-0.013792070652812247,0.004510600243249213
noise,60,spread,5.8500000000000005,0.001391847802626789,-0.005554283207985651,0.009836851537485591
noise,60,spread,5.9,0.00198039523710445,-0.008117220121568739,0.012445512001793847
noise,60,spread,5.95,0.00943396871623768,0.00014512840599796952,0.019712592890158018
noise,60,spread,6.0,0.005494191635495987,-0.0008580008580008526,0.012514119171727867
noise,60,spread,6.050000000000001,0.008937282319772958,0.0007932089392763586,0.019613835452962327
noise,60,spread,6.1000000000000005,0.0056637382724339285,-0.0027535969587600025,0.012922867063492065
noise,60,spread,6.15,0.011040364058819732,0.0031967829172297743,0.020509660607978143
noise,60,spread,6.2,0.0055738005447307825,-0.0015109200615756769,0.01304216483771006
noise,60,spread,6.25,0.0063395633938269705,-0.0011713470234545767,0.013170894306310979
noise,60,spread,6.300000000000001,0.004977206435539763,-0.002078260281385283,0.011782321073987741
noise,60,spread,6.3500000000000005,0.0027929467716053063,-0.0020325203252032505,0.008675249528908057
noise,60,spread,6.4,0.002862237237237237,0.0,0.006944444444444444
noise,60,spread,6.45,0.003880003175377298,-0.0020814866745099267,0.010543997296082734
noise,60,spread,6.5,0.001460394650715749,-0.003717675044611974,0.006598019290418368
noise,60,spread,6.550000000000001,0.0011477732443443377,0.0,0.003085006874720162
noise,60,spread,6.6000000000000005,0.004185967688788784,0.00017915642915643007,0.008807856028341967
noise,60,spread,6.65,0.004232879201121072,-0.0020846362309776927,0.01157045717592592
noise,60,spread,6.7,0.004884171519080054,-0.001016524813685638,0.011017267267267265
noise,60,spread,6.75,0.002455962059620597,-0.005649771341463415,0.012015423865176147
noise,60,spread,6.800000000000001,0.0014387559101654828,-0.006132720153664305,0.011873891843971626
noise,60,spread,6.8500000000000005,0.00803643355434086,-0.0004574029264741628,0.020051790071321317
noise,60,spread,6.9,0.0026430795019157086,-0.0018430465756705003,0.008257378472222212
noise,60,spread,6.95,0.0012266002415458929,-0.0036986714975845423,0.006944444444444443
noise,60,spread,7.0,-0.0026981190255935864,-0.00814940352297255,0.0034362071513002307
noise,60,spread,7.050000000000001,-0.003739785692260248,-0.009221745233323041,0.0025856973995271875
noise,60,spread,7.1000000000000005,-0.007360868371627356,-0.022367450794436194,0.0027887524824035913
noise,60,spread,7.15,-0.005309100694859674,-0.011695209946187108,0.00023178018844141523
noise,60,spread,7.2,-0.002086019772189983,-0.008377810686653768,0.0034722222222222216
noise,60,spread,7.25,-8.83838383838401e-05,-0.007051767676767678,0.0069444444444444415
noise,60,spread,7.300000000000001,0.002247474747474748,-0.0018961489898989881,0.0067378472222222215
noise,60,spread,7.3500000000000005,0.004778765920070268,-0.005848327020202024,0.01663424324769433
noise,60,spread,7.4,-0.002517410126105779,-0.011426816691762348,0.0056092024672187695
noise,60,spread,7.45,-0.0031205396354852867,-0.008996212121212118,0.0010190217391304352
noise,60,spread,7.5,-0.0036775806337027567,-0.010115428077934068,0.0010190217391304324
noise,60,spread,7.550000000000001,-0.004181052855924972,-0.014500254358989958,0.005077219202898553
noise,60,spread,7.6000000000000005,-0.00024032312792001865,-0.007375484088298999,0.006893232167093608
noise,60,spread,7.65,0.0003234989648033132,-0.004464285714285714,0.005434782608695653
noise,60,spread,7.7,-0.0026041666666666674,-0.007877604166666665,0.0
noise,60,spread,7.75,-0.007198322510822512,-0.01855810335497835,0.00229978354978355
noise,60,spread,7.800000000000001,0.0017068858903674256,-0.0045641711229946515,0.008076311809960065
noise,60,spread,7.8500000000000005,0.0006904717489532808,-0.0024573928408572776,0.003853946441155743
noise,60,spread,7.9,0.0019159619450317092,0.0,0.004756871035940796
noise,60,spread,7.95,0.0009689922480620142,0.0,0.0029069767441860426
noise,60,spread,8.0,0.0006904717489532806,-0.002457392840857273,0.0038539464411557443
noise,60,spread,8.05,0.003915719696969695,-0.0020179924242424234,0.01136387310606061
noise,60,spread,8.1,-0.000541125541125541,-0.004092261904761903,0.0022997835497835474
noise,60,spread,8.15,0.006510416666666665,0.0,0.019531249999999997
noise,60,spread,8.200000000000001,0.0016571969696969693,-0.0019176136363636357,0.0078125
noise,60,spread,8.25,-0.0033174290986790994,-0.006989971833721835,0.0
noise,60,spread,8.3,-0.0013333021145521204,-0.008058347902097905,0.00396825396825396
noise,60,spread,8.35,-0.0049840957653457625,-0.011397760659479407,0.0
noise,60,spread,8.4,-0.004984095765345769,-0.011397760659479417,0.0
noise,60,spread,8.450000000000001,0.002334401709401705,-0.002146768162393168,0.006874999999999996
noise,60,spread,8.5,-0.0010683760683760691,-0.003231837606837608,0.0
noise,60,spread,8.55,-0.001068376068376074,-0.003231837606837622,0.0
noise,60,spread,8.6,0.002155830280830285,-0.0021467681623931613,0.007116147741147751
noise,60,spread,8.65,0.004606762917933135,0.0,0.009682381374535623
noise,60,spread,8.700000000000001,0.003720238095238092,0.0,0.009424603174603169
noise,60,spread,8.75,0.0,0.0,0.0
noise,60,spread,8.8,0.0,0.0,0.0
noise,60,spread,8.85,0.0026830808080808076,0.0,0.006159248737373732
noise,60,spread,8.9,0.0024350649350649354,0.0,0.006358225108225109
noise,60,spread,8.950000000000001,0.00045093795093794606,-0.004466540404040417,0.005817099567099565
noise,60,spread,9.0,-0.001984126984126986,-0.005952380952380959,0.0
noise,60,spread,9.05,0.0017361111111111119,0.0,0.005208333333333336
noise,60,spread,9.1,-0.0009469696969696961,-0.0028409090909090884,0.0
noise,60,spread,9.15,0.0005411255411255413,-0.0023133116883116856,0.004464285714285713
noise,60,spread,9.200000000000001,0.0005411255411255436,-0.002313311688311679,0.004464285714285716
noise,60,spread,9.25,0.0014880952380952387,0.0,0.004464285714285716
noise,60,spread,9.3,0.0,0.0,0.0
noise,60,spread,9.35,0.0005411255411255431,-0.002313311688311683,0.0044642857142857175
noise,60,spread,9.4,0.0005411255411255419,-0.0023133116883116843,0.004464285714285714
noise,60,spread,9.450000000000001,-0.0026136363636363653,-0.006893939393939399,0.0
noise,60,spread,9.5,-0.0001785714285714284,-0.0050000000000000044,0.004464285714285719
noise,60,spread,9.55,0.0005411255411255416,-0.0023133116883116873,0.004464285714285716
noise,60,spread,9.600000000000001,0.0,0.0,0.0
noise,60,spread,9.65,0.0,0.0,0.0
noise,60,spread,9.700000000000001,0.0,0.0,0.0
noise,60,spread,9.75,0.0,0.0,0.0
noise,60,spread,9.8,-0.0018939393939393946,-0.005681818181818184,0.0
noise,60,spread,9.850000000000001,-0.0013020833333333333,-0.0039388020833333315,0.0
noise,60,spread,9.9,-0.0013020833333333333,-0.0039388020833333315,0.0
noise,60,spread,9.950000000000001,0.0,0.0,0.0
noise,60,spread,10.0,-0.008581349206349209,-0.027021329365079363,0.002734374999999992
noise,60,depth,0.05,0.47011906225558203,0.44382578027519165,0.4924235139478893
noise,60,depth,0.1,0.44654534198921764,0.42198834448165595,0.4718034195089642
noise,60,depth,0.15000000000000002,0.42230087093728347,0.40002113408506035,0.44456754805688076
noise,60,depth,0.2,0.4097832081889475,0.3881801314250096,0.42948253662802716
noise,60,depth,0.25,0.39324556021050944,0.3695110416049938,0.4171866049497897
noise,60,depth,0.30000000000000004,0.376339056292002,0.35642601213954794,0.39777475363130854
noise,60,depth,0.35000000000000003,0.34806920672617575,0.32162820395040753,0.3730415973178926
noise,60,depth,0.4,0.32248491115839373,0.298689616060237,0.34731001854493854
noise,60,depth,0.45,0.3121743370967012,0.2944096494357976,0.33304134612249564
noise,60,depth,0.5,0.2974397020284518,0.28133026937893624,0.3180921960580625
noise,60,depth,0.55,0.2745587846654656,0.2547445066810439,0.29559694511189955
noise,60,depth,0.6000000000000001,0.25918238663577214,0.23946589836698443,0.27944845864606893
noise,60,depth,0.65,0.25346038968776224,0.23319627092284534,0.2757252965997309
noise,60,depth,0.7000000000000001,0.23916884407459046,0.2169071553923562,0.2613259940326972
noise,60,depth,0.75,0.22886444396667568,0.20745907713234454,0.2499535447522563
noise,60,depth,0.8,0.21915718527648972,0.19971420349144633,0.2387849956630166
noise,60,depth,0.8500000000000001,0.2003019361266423,0.18071924092622801,0.21988193312673937
noise,60,depth,0.9,0.18694263157277305,0.1660080451695183,0.2087303461681375
noise,60,depth,0.9500000000000001,0.17735565384479712,0.15394192482006244,0.19982699752751398
noise,60,depth,1.0,0.16796968974441054,0.14748146447715818,0.1888044358986182
noise,60,depth,1.05,0.16150276118226733,0.14240513562993928,0.18002129926005173
noise,60,depth,1.1,0.1582563686781253,0.13935158522944407,0.17625849617760728
noise,60,depth,1.1500000000000001,0.15308621276097856,0.13578833792160439,0.17095443609033853
noise,60,depth,1.2000000000000002,0.14708232994776937,0.1313353396760152,0.1613952829700425
noise,60,depth,1.25,0.1374334276932923,0.12146878419240204,0.15269196605189217
noise,60,depth,1.3,0.13051927143660305,0.11542243592148901,0.1458559112311754
noise,60,depth,1.35,0.11969958104067335,0.10546265812455398,0.13428444324247388
noise,60,depth,1.4000000000000001,0.10735853197080712,0.0933803105891154,0.12314479007903689
noise,60,depth,1.4500000000000002,0.09816420998066495,0.082585448908205,0.11308578885118242
noise,60,depth,1.5,0.0986296165933807,0.08574336131269224,0.11307450043640625
noise,60,depth,1.55,0.0889162529708221,0.07701461391898183,0.10312053556788595
noise,60,depth,1.6,0.0909258968786364,0.07485291477455229,0.1049392496764331
noise,60,depth,1.6500000000000001,0.08304441418502757,0.06977262725125036,0.09483796272144326
noise,60,depth,1.7000000000000002,0.08255220377600768,0.06956396047713465,0.0942068383465653
noise,60,depth,1.75,0.07475661058045227,0.06382901950269562,0.08696643379847088
noise,60,depth,1.8,0.08029575276042873,0.06945819327348529,0.09143882353848695
noise,60,depth,1.85,0.0762971688063484,0.06572091525956447,0.08773227898470416
noise,60,depth,1.9000000000000001,0.06945896929811407,0.06143181897256433,0.07865383547065591
noise,60,depth,1.9500000000000002,0.06941561940951367,0.059374850559034256,0.07877158882175068
noise,60,depth,2.0,0.06184341222770714,0.05138754388990784,0.07145715615826603
noise,60,depth,2.0500000000000003,0.05855812381775972,0.046530336363930114,0.06881362725504805
noise,60,depth,2.1,0.06022471736513346,0.04879253713764573,0.07073676680157422
noise,60,depth,2.15,0.0603252651656792,0.047766032560796784,0.07305606796270232
noise,60,depth,2.2,0.05872209164966086,0.045547771028987626,0.07191330284673161
noise,60,depth,2.25,0.051562164650680926,0.03914302268749162,0.06426658141894713
noise,60,depth,2.3000000000000003,0.05100745331107457,0.037235593349090955,0.0663567288024973
noise,60,depth,2.35,0.046577456641509814,0.03118424168010778,0.06032808387508531
noise,60,depth,2.4000000000000004,0.04581013460276315,0.0315713274839928,0.05856672167060769
noise,60,depth,2.45,0.041322906675921985,0.02733370871203506,0.05543121722458508
noise,60,depth,2.5,0.041736920057834866,0.0274937639437952,0.055733568228781186
noise,60,depth,2.5500000000000003,0.036875091699408814,0.023650021614577365,0.05042810767347743
noise,60,depth,2.6,0.03236845803418633,0.021368932053556475,0.04464601050997669
noise,60,depth,2.6500000000000004,0.031470960571017524,0.02242066060128937,0.040868312048630194
noise,60,depth,2.7,0.03254520807129562,0.022424475401471182,0.04271473446281006
noise,60,depth,2.75,0.029090192738915315,0.01874321543951939,0.03990410074710901
noise,60,depth,2.8000000000000003,0.026384056729195027,0.017914501550939488,0.03540613662910148
noise,60,depth,2.85,0.02414632905269848,0.016657615956822844,0.031003256597285617
noise,60,depth,2.9000000000000004,0.02265141389360718,0.012447525017403057,0.03219160816877938
noise,60,depth,2.95,0.020946146710642866,0.012978900288482385,0.03013888574474944
noise,60,depth,3.0,0.022008257642170098,0.01137075477496855,0.03241374744541055
noise,60,depth,3.0500000000000003,0.022302106656249977,0.013791786390779019,0.030993048239849767
noise,60,depth,3.1,0.021274252478627784,0.012838363142564676,0.029462387604415875
noise,60,depth,3.1500000000000004,0.018325224883817756,0.00886107975433818,0.02834794113061064
noise,60,depth,3.2,0.01846706318451249,0.010987927224902818,0.027239412719974324
noise,60,depth,3.25,0.014665581714239144,0.0065613773092676195,0.023174783005948277
noise,60,depth,3.3000000000000003,0.013304682435133127,0.006591122797836456,0.019793244635044872
noise,60,depth,3.35,0.009482162425355557,0.0020648909517117452,0.016663122042804696
noise,60,depth,3.4000000000000004,0.01588859969919415,0.008731121874441364,0.023226484625387653
noise,60,depth,3.45,0.016476737966919352,0.0062022171395185125,0.026527811469391913
noise,60,depth,3.5,0.013047582323255133,0.004002532815431866,0.021917704979854097
noise,60,depth,3.5500000000000003,0.014639415648320766,0.004077148822002635,0.024992453379216215
noise,60,depth,3.6,0.014109486239615087,0.005183729652478227,0.022939363860357595
noise,60,depth,3.6500000000000004,0.011622458926345126,0.003584201710205989,0.020934292702023714
noise,60,depth,3.7,0.012369244690485082,0.0038386081260495188,0.021134143586142476
noise,60,depth,3.75,0.015578781669001838,0.007271868512266835,0.025069517794558384
noise,60,depth,3.8000000000000003,0.018102311282686523,0.008879817776082054,0.029275390559949696
noise,60,depth,3.85,0.015733588059402073,0.004829172991384216,0.029345435029430916
noise,60,depth,3.9000000000000004,0.00941206071340916,-0.00046524550683658375,0.01723211461535084
noise,60,depth,3.95,0.009205710758915289,0.000996258473739651,0.015801688320423092
noise,60,depth,4.0,0.010778976634393441,0.0012217996567740704,0.020170517959922384
noise,60,depth,4.05,0.012214673648406433,-0.0022096500634495963,0.028757223075198977
noise,60,depth,4.1000000000000005,0.010774871853266034,-0.00019040605065018902,0.024975097873686944
noise,60,depth,4.15,0.004937736697282935,-0.00198225022944289,0.0111595315245089
noise,60,depth,4.2,0.006947018482048525,-0.0007436341540781666,0.014742345643841416
noise,60,depth,4.25,0.003977444344030508,-0.0038755760336754825,0.01142948672133724
noise,60,depth,4.3,0.0025519644952246485,-0.006450868603773866,0.010125309274624374
noise,60,depth,4.3500000000000005,0.008032869363304364,-0.005077517981982452,0.022744048141199437
noise,60,depth,4.4,0.004753791317844188,-0.002282400139051324,0.012412250521653893
noise,60,depth,4.45,0.005322496003361449,-0.0014552062395722465,0.01195810312673346
noise,60,depth,4.5,0.003780959571240672,-0.003431845853831835,0.009819489885606714
noise,60,depth,4.55,0.0002320702813557888,-0.007688757709716657,0.008333820946044597
noise,60,depth,4.6000000000000005,0.0002448601064531577,-0.010486255909688323,0.010368723685501888
noise,60,depth,4.65,0.0032510593305733223,-0.006931932045280896,0.012811589665134918
noise,60,depth,4.7,0.0008608303412702213,-0.008735675269377912,0.01062127301069598
noise,60,depth,4.75,0.00022129784678163317,-0.008429354523654065,0.008407912587118576
noise,60,depth,4.800000000000001,-0.00042986239401262535,-0.009984777643067244,0.00910575585884026
noise,60,depth,4.8500000000000005,0.002705143964350129,-0.0031441836118908215,0.00850811523226139
noise,60,depth,4.9,0.0010796774839405044,-0.006804009227548051,0.008488726194776947
noise,60,depth,4.95,0.0020197366705720127,-0.005262777616484746,0.010628150064356776
noise,60,depth,5.0,0.0018610761684777603,-0.005411267833561859,0.010386555146130114
noise,60,depth,5.050000000000001,0.00075386051590642,-0.007551751343374996,0.010317686199714717
noise,60,depth,5.1000000000000005,-0.0021849473237751673,-0.008594497220961662,0.00536868135669336
noise,60,depth,5.15,0.002890479349115646,-0.003818135010905253,0.01125090313486477
noise,60,depth,5.2,0.0031943818733232237,-0.0027205554429373786,0.010498258070119582
noise,60,depth,5.25,0.0014227004756648474,-0.004637561539864557,0.007570307356426509
noise,60,depth,5.300000000000001,0.004461027290941009,-0.0022040649241609213,0.01170863874129735
noise,60,depth,5.3500000000000005,0.0006305899709915483,-0.005747084648836402,0.007115605829310079
noise,60,depth,5.4,0.0037219740511134896,-0.002050345458991057,0.01001586281983347
noise,60,depth,5.45,0.006289434561104148,-0.0011947171487578232,0.01538774409960468
noise,60,depth,5.5,0.001346386307681043,-0.003803666298262416,0.00676069149504432
noise,60,depth,5.550000000000001,-0.0010986764237211138,-0.007392066585147212,0.005804679568176096
noise,60,depth,5.6000000000000005,-0.0008248104612274307,-0.006834263574687945,0.005119256299597968
noise,60,depth,5.65,-0.0009021400449273678,-0.007576133671985382,0.005394373942030582
noise,60,depth,5.7,-0.000727308826724551,-0.007870807192388243,0.006568195817268608
noise,60,depth,5.75,-0.0019477032424109594,-0.008259945559093665,0.004323531545857865
noise,60,depth,5.800000000000001,-0.000569491352013396,-0.0060471078785993265,0.0052704331437452975
noise,60,depth,5.8500000000000005,-0.0004510588220324567,-0.005939051191929134,0.005483324697461507
noise,60,depth,5.9,0.003105947695627099,-0.001737830182219092,0.008552537869119843
noise,60,depth,5.95,0.0009955727349167077,-0.003947228048705272,0.006823290897466502
noise,60,depth,6.0,0.003614929630089537,-0.0009450991130650042,0.008687069163714985
noise,60,depth,6.050000000000001,0.001603095423657,-0.0026539195688543753,0.0060937156949533436
noise,60,depth,6.1000000000000005,0.0006379266453441539,-0.003207868242772632,0.005162492030833448
noise,60,depth,6.15,0.002680760466300993,-0.002056978566940438,0.008635225710856962
noise,60,depth,6.2,0.0009816276009119425,-0.004112186949744494,0.006183305585295682
noise,60,depth,6.25,0.001968896827710126,-0.002980862702797485,0.007151947365296409
noise,60,depth,6.300000000000001,0.0005916679188573363,-0.0038808040347537544,0.004983069729060381
noise,60,depth,6.3500000000000005,0.003112123526012317,-0.0020334513781521658,0.009873817591848478
noise,60,depth,6.4,0.003611127169622234,-0.00163196118106966,0.010050239895254344
noise,60,depth,6.45,0.0036107093395676185,-0.0012093753142450464,0.009276285848930147
noise,60,depth,6.5,0.002356309592220055,-0.0019940329260180853,0.007986937875207772
noise,60,depth,6.550000000000001,-0.00016598131997732496,-0.0030759193122945894,0.002316378239467066
noise,60,depth,6.6000000000000005,0.0002196578795376149,-0.002268339401502851,0.002583379819917576
noise,60,depth,6.65,-0.000447783015713039,-0.0028550063418742184,0.0017124455073439693
noise,60,depth,6.7,-0.0007845714405271704,-0.002490986570835746,0.0009140398539793322
noise,60,depth,6.75,-0.0008739179684548294,-0.002689675046848382,0.000896605202737965
noise,60,depth,6.800000000000001,-0.00039241145402569454,-0.0025280493458177495,0.002112733254407479
noise,60,depth,6.8500000000000005,-0.00169868036204615,-0.004221403480591429,0.001098997142779572
noise,60,depth,6.9,-0.0033767920930870853,-0.006103023731929201,-0.0006508970250007539
noise,60,depth,6.95,-0.0018471189967752884,-0.004992235595457585,0.0010170837139476022
noise,60,depth,7.0,-0.0011745710715819532,-0.0031329312016736533,0.0007919571039346696
noise,60,depth,7.050000000000001,-0.0004991789006446,-0.003121529485006422,0.0023545460415480856
noise,60,depth,7.1000000000000005,-0.0011019552320294104,-0.004409143116404632,0.00229060241816844
noise,60,depth,7.15,-0.0020445392380706077,-0.007189236226492058,0.002009571751351572
noise,60,depth,7.2,-0.002344687686482639,-0.008921535024552337,0.002602254554556497
noise,60,depth,7.25,-0.0032648876388705387,-0.012068275346729445,0.002783259365852342
noise,60,depth,7.300000000000001,-0.0026431879480129233,-0.010613584406816378,0.0028896760442165734
noise,60,depth,7.3500000000000005,-0.0036819830483604175,-0.007120941525717668,9.091586787525845e-06
noise,60,depth,7.4,-0.004629156059545887,-0.009187214099537395,-0.00024639698565062624
noise,60,depth,7.45,-0.0018454950543983738,-0.005233034940569363,0.0014950872247008447
noise,60,depth,7.5,-0.001125352367815343,-0.004735698458840489,0.0025419478177296606
noise,60,depth,7.550000000000001,0.0006952799813928443,-0.0021899332067567413,0.0032960782706866172
noise,60,depth,7.6000000000000005,0.0008087621990757213,-0.0016501310059701096,0.0032907368611696988
noise,60,depth,7.65,-0.0004077747067098289,-0.0029908942624031166,0.0021850390545876887
noise,60,depth,7.7,-0.0014637336988270438,-0.004723096876989565,0.0008489074086082836
noise,60,depth,7.75,-0.002130676256016049,-0.005641840863224267,0.0004943581492520341
noise,60,depth,7.800000000000001,-0.001414323607581908,-0.004146177761905186,0.0009459511519702929
noise,60,depth,7.8500000000000005,-0.00253272784418126,-0.006259759320873502,0.0004756829813227765
noise,60,depth,7.9,-0.0020667652337097195,-0.00541539805975952,0.0010022184053521221
noise,60,depth,7.95,-0.0025891439945915497,-0.0063782690924415915,0.0006037584352656248
noise,60,depth,8.0,-0.0018312858792505781,-0.005255075485566119,0.000944222241404293
noise,60,depth,8.05,-0.0017392667926995318,-0.004419865025712807,0.0009101566891341458
noise,60,depth,8.1,0.0007774170584690394,-0.0026187604124374613,0.004312948767563572
noise,60,depth,8.15,0.0028001352010105403,-0.0017229384325599363,0.007820233882443498
noise,60,depth,8.200000000000001,0.0020616292762527296,-0.0011818011010620842,0.00621565099505422
noise,60,depth,8.25,0.002550739945417264,-0.0007855160315955353,0.00688999110575573
noise,60,depth,8.3,0.0025795350400163366,-0.00010096942122625982,0.00626783626011424
noise,60,depth,8.35,0.001592789457722884,-0.0003228061057003759,0.0038671517051259057
noise,60,depth,8.4,0.0030790153518006867,-0.000761766355161183,0.008593713272421921
noise,60,depth,8.450000000000001,0.0013743332595963931,-0.0020938447451688087,0.005206422755036621
noise,60,depth,8.5,0.0028886826728967067,0.00020331742030837548,0.006151211043843153
noise,60,depth,8.55,0.00196695099072651,0.00031093268928121884,0.0036131137679028566
noise,60,depth,8.6,0.0009880394111450078,-0.0005851356903099834,0.0030627140353790563
noise,60,depth,8.65,0.00019383454876577334,-0.0008238698311724926,0.0009597803591117017
noise,60,depth,8.700000000000001,0.001983774598394653,-0.0007487623566830319,0.005270348888584707
noise,60,depth,8.75,0.0017707036663968008,-0.00041372190901506405,0.004812939320114102
noise,60,depth,8.8,0.0027340215011640904,0.00010304100105947762,0.006050694760512673
noise,60,depth,8.85,0.001293901984889593,-0.0006681315740183145,0.0032249956884110196
noise,60,depth,8.9,0.0013140544316955095,-0.0008158651226767898,0.00326687811000261
noise,60,depth,8.950000000000001,0.0015665143323636294,-0.0004942974486260866,0.0034647246939881393
noise,60,depth,9.0,0.0017288204770823142,-0.0005264439902603492,0.0038858227409722316
noise,60,depth,9.05,0.0016743353293633516,-0.000396352076094841,0.003730840076781387
noise,60,depth,9.1,0.0005473093385068239,-0.0014079109335692064,0.0023375927426899394
noise,60,depth,9.15,0.000668201365893159,-0.0011505127212165275,0.0026739025045581523
noise,60,depth,9.200000000000001,0.0010722786930949194,-0.0005089113928374248,0.002885340324567991
noise,60,depth,9.25,0.0010848455383818017,-0.00045194066565402665,0.0029619434088195206
noise,60,depth,9.3,0.0026679007539938382,0.0002211436859592626,0.005518658465750275
noise,60,depth,9.35,0.0020521247402013327,1.1110304587670194e-05,0.004966151852842296
noise,60,depth,9.4,0.0021381712481124003,-9.319295743948777e-05,0.00520065982007392
noise,60,depth,9.450000000000001,0.0032007642974214608,0.0007954928210955953,0.006485747840776943
noise,60,depth,9.5,0.0030409344040660674,0.00021625422605939511,0.007154645788513771
noise,60,depth,9.55,0.0023873272528705408,-4.203608855054156e-05,0.0059916074612640915
noise,60,depth,9.600000000000001,0.0028022887568057192,-4.918973865222747e-05,0.006626961848072304
noise,60,depth,9.65,0.0014793453274758413,-0.00021871839952629414,0.003636371307290297
noise,60,depth,9.700000000000001,0.0015080973574881148,-0.00032302421726514575,0.0037488328833027735
noise,60,depth,9.75,0.0013525864171714307,-0.0002827369188276776,0.0030394100033020463
noise,60,depth,9.8,0.002592659984473302,0.00015359823584580682,0.005410021282139495
noise,60,depth,9.850000000000001,0.0012754813416258348,-0.00037739095944001633,0.003268109714470803
noise,60,depth,9.9,0.0013084873441514787,-0.00036699572097380177,0.003331906315163398
noise,60,depth,9.950000000000001,0.002751125187087533,6.77793779607045e-05,0.0061980056161003985
noise,60,depth,10.0,0.0022308039488556307,3.840116836635815e-05,0.004831330093282183
informed,20,mid,0.05,0.6929166666666636,0.544566406250002,0.8577447916666094
informed,20,mid,0.1,0.6845833333333303,0.517187500000018,0.8457682291666487
informed,20,mid,0.15000000000000002,0.651249999999997,0.4440572916667153,0.8290598958333726
informed,20,mid,0.2,0.7064583333333304,0.46144921874998074,0.906544270833385
informed,20,mid,0.25,0.6158333333333302,0.3946250000000107,0.8059166666666391
informed,20,mid,0.30000000000000004,0.5897916666666636,0.3967643229166592,0.7583476562500301
informed,20,mid,0.35000000000000003,0.6335416666666637,0.4444700520833439,0.8099778645833818
informed,20,mid,0.4,0.5397916666666637,0.34045703125002014,0.7362330729166406
informed,20,mid,0.45,0.42624999999999696,0.19542578125001775,0.6203749999999391
informed,20,mid,0.5,0.41583333333333033,0.19649739583336304,0.5918124999999597
informed,20,mid,0.55,0.48458333333333026,0.24127864583336264,0.6852057291665808
informed,20,mid,0.6000000000000001,0.41374999999999695,0.17834895833330724,0.6052135416667109
informed,20,mid,0.65,0.4366666666666636,0.19141927083332613,0.6402200520833077
informed,20,mid,0.7000000000000001,0.42624999999999696,0.21196354166669149,0.6409296875000052
informed,20,mid,0.75,0.4752083333333303,0.2579088541666996,0.660466145833227
informed,20,mid,0.8,0.401249999999997,0.18751953125005416,0.5862187499999143
informed,20,mid,0.8500000000000001,0.3366666666666636,0.12676822916668073,0.5184778645832843
informed,20,mid,0.9,0.34708333333333036,0.13201562500002922,0.5330078124999718
informed,20,mid,0.9500000000000001,0.32833333333333026,0.06142057291676309,0.5283854166666708
informed,20,mid,1.0,0.29395833333333027,0.04595052083332092,0.49693489583335326
informed,20,mid,1.05,0.32624999999999693,0.03121093750009548,0.5537552083332974
informed,20,mid,1.1,0.304374999999997,-0.0006432291666393372,0.5646015625000469
informed,20,mid,1.1500000000000001,0.25229166666666364,-0.05626822916667015,0.5070885416666376
informed,20,mid,1.2000000000000002,0.2470833333333303,-0.04634114583335451,0.4892421875000074
informed,20,mid,1.25,0.2429166666666636,-0.05790104166662545,0.4919296874999789
informed,20,mid,1.3,0.1970833333333303,-0.08719791666669334,0.42995312499997174
informed,20,mid,1.35,0.238749999999997,-0.05718749999990622,0.48419270833332095
informed,20,mid,1.4000000000000001,0.21374999999999691,-0.08114713541669681,0.47871874999997216
informed,20,mid,1.4500000000000002,0.273124999999997,-0.03165104166656853,0.5795520833332843
informed,20,mid,1.5,0.2439583333333303,-0.08145703124996265,0.5400299479165676
informed,20,mid,1.55,0.23770833333333022,-0.07082812500003109,0.5144309895832774
informed,20,mid,1.6,0.19083333333333027,-0.067272135416647,0.44835807291665647
informed,20,mid,1.6500000000000001,0.1564583333333303,-0.0964309895832914,0.4083723958333102
informed,20,mid,1.7000000000000002,0.11166666666666364,-0.13921484374996398,0.35040885416660444
informed,20,mid,1.75,0.0939583333333303,-0.14823177083332312,0.3140677083332342
informed,20,mid,1.8,0.14708333333333032,-0.11818098958329823,0.39838281249999224
informed,20,mid,1.85,0.16270833333333032,-0.10233984375000237,0.4247799479166375
informed,20,mid,1.9000000000000001,0.10437499999999698,-0.17140624999995843,0.3675664062499721
informed,20,mid,1.9500000000000002,0.09708333333333032,-0.21275130208323847,0.4099062499999399
informed,20,mid,2.0,0.10437499999999698,-0.19928645833338496,0.4050143229166888
informed,20,mid,2.0500000000000003,0.09395833333333033,-0.16884505208336326,0.39716406250001524
informed,20,mid,2.1,0.1637499999999969,-0.0787747395832945,0.43729947916658757
informed,20,mid,2.15,0.1554166666666636,-0.10669140624999394,0.4175820312499237
informed,20,mid,2.2,0.18562499999999707,-0.07672656249995724,0.43133984374994067
informed,20,mid,2.25,0.16374999999999695,-0.10112760416667249,0.43952473958335014
informed,20,mid,2.3000000000000003,0.20333333333333037,-0.05198697916662388,0.45896223958323445
informed,20,mid,2.35,0.22729166666666356,-0.010985677083328671,0.47964062499996013
informed,20,mid,2.4000000000000004,0.2502083333333303,-0.022492187499993193,0.5515143229166737
informed,20,mid,2.45,0.24812499999999704,-0.05251302083336669,0.5823619791666882
informed,20,mid,2.5,0.27416666666666356,-0.039860677083306366,0.6140898437500438
informed,20,mid,2.5500000000000003,0.2647916666666636,-0.05055859375005196,0.637109374999973
informed,20,mid,2.6,0.28666666666666357,0.0030963541666726257,0.579384114583353
informed,20,mid,2.6500000000000004,0.2377083333333303,-0.049601562499958105,0.5327695312499883
informed,20,mid,2.7,0.2856249999999969,0.0017278645833011396,0.5807825520832698
informed,20,mid,2.75,0.279374999999997,-0.005990885416623953,0.5877044270833212
informed,20,mid,2.8000000000000003,0.26479166666666354,-0.03880208333330883,0.5674348958333181
informed,20,mid,2.85,0.1908333333333302,-0.13479817708332634,0.5298684895832926
informed,20,mid,2.9000000000000004,0.294999999999997,-0.014397135416693017,0.6148841145833359
informed,20,mid,2.95,0.2574999999999969,-0.08335807291657205,0.6150611979166162
informed,20,mid,3.0,0.19291666666666363,-0.1375182291666594,0.5513606770832434
informed,20,mid,3.0500000000000003,0.14499999999999694,-0.1488632812499454,0.45481249999998385
informed,20,mid,3.1,0.12312499999999693,-0.17206119791662214,0.4443919270832809
informed,20,mid,3.1500000000000004,0.16895833333333032,-0.14004296875005035,0.4978580729166474
informed,20,mid,3.2,0.16687499999999697,-0.13117838541666407,0.47702604166663815
informed,20,mid,3.25,0.1283333333333303,-0.19687369791661274,0.4683658854166386
informed,20,mid,3.3000000000000003,0.14395833333333033,-0.16987890624994248,0.48535416666666015
informed,20,mid,3.35,0.13874999999999696,-0.1870833333333088,0.47752213541665517
informed,20,mid,3.4000000000000004,0.1845833333333303,-0.13777473958336553,0.5173164062499576
informed,20,mid,3.45,0.14083333333333029,-0.16140625000002967,0.4601822916666396
informed,20,mid,3.5,0.188749999999997,-0.11700130208330994,0.5528268229166249
informed,20,mid,3.5500000000000003,0.18666666666666368,-0.11431770833326693,0.5281341145833534
informed,20,mid,3.6,0.18562499999999704,-0.1076080729166725,0.5189466145833489
informed,20,mid,3.6500000000000004,0.09083333333333034,-0.2129973958333187,0.4221406249999675
informed,20,mid,3.7,0.12208333333333028,-0.18573307291664948,0.4593398437499664
informed,20,mid,3.75,0.09291666666666361,-0.23891666666665132,0.4642161458332947
informed,20,mid,3.8000000000000003,0.06479166666666361,-0.23330208333327956,0.39655468749995854
informed,20,mid,3.85,0.05645833333333033,-0.23873307291661536,0.37731249999992034
informed,20,mid,3.9000000000000004,0.060624999999996966,-0.2293828124999456,0.38016796874996006
informed,20,mid,3.95,0.05333333333333029,-0.24729296874994067,0.3494440104166089
informed,20,mid,4.0,0.05437499999999699,-0.26242317708330093,0.39860807291667716
informed,20,mid,4.05,0.08770833333333032,-0.21571354166664336,0.451501302083283
informed,20,mid,4.1000000000000005,0.08249999999999696,-0.2491119791667355,0.4430559895833046
informed,20,mid,4.15,-0.018541666666669683,-0.34957031249994125,0.36766015624992565
informed,20,mid,4.2,0.05854166666666358,-0.25708203125000334,0.4398111979166848
informed,20,mid,4.25,0.1127083333333303,-0.19311197916666067,0.45777213541669
informed,20,mid,4.3,0.0772916666666636,-0.2494335937499947,0.435675781249971
informed,20,mid,4.3500000000000005,0.043958333333330296,-0.25087630208335976,0.37847656249993517
informed,20,mid,4.4,-0.015416666666669715,-0.32630598958330237,0.3318606770833064
informed,20,mid,4.45,0.04604166666666364,-0.30507682291662513,0.4323606770832265
informed,20,mid,4.5,0.054374999999996905,-0.2730273437500101,0.4439335937500187
informed,20,mid,4.55,0.03458333333333028,-0.3129934895833237,0.41583463541667004
informed,20,mid,4.6000000000000005,0.12312499999999697,-0.2030260416666123,0.48020833333333685
informed,20,mid,4.65,0.11062499999999696,-0.1847122395833187,0.49459114583334585
informed,20,mid,4.7,0.1324999999999969,-0.15794531249996022,0.48363802083330415
informed,20,mid,4.75,0.1491666666666636,-0.16033463541666426,0.48959375000000405
informed,20,mid,4.800000000000001,0.09083333333333032,-0.23803515625002342,0.43600781249997245
informed,20,mid,4.8500000000000005,0.07937499999999692,-0.267800781249995,0.4402760416666383
informed,20,mid,4.9,0.026249999999996984,-0.2829544270833931,0.3661940104166374
informed,20,mid,4.95,-0.003958333333336321,-0.32890625000000184,0.3534843749999351
informed,20,mid,5.0,0.006458333333330271,-0.30472526041672526,0.340266927083339
informed,20,mid,5.050000000000001,0.03666666666666363,-0.24312890624999828,0.371859375000005
informed,20,mid,5.1000000000000005,0.03770833333333032,-0.24574218749998084,0.3423802083333178
informed,20,mid,5.15,0.03562499999999697,-0.27606380208329173,0.37233723958329373
informed,20,mid,5.2,0.008541666666663615,-0.29715885416664434,0.34981249999998293
informed,20,mid,5.25,0.09291666666666358,-0.23261588541664155,0.42912499999999193
informed,20,mid,5.300000000000001,0.1189583333333303,-0.16246354166672655,0.43376041666665693
informed,20,mid,5.3500000000000005,0.1127083333333303,-0.22611588541669567,0.4314427083332707
informed,20,mid,5.4,0.15645833333333037,-0.19855468749997404,0.5151744791666514
informed,20,mid,5.45,0.17833333333333032,-0.15175781249994455,0.5474570312499851
informed,20,mid,5.5,0.2283333333333303,-0.07173177083328516,0.5656523437498904
informed,20,mid,5.550000000000001,0.16270833333333032,-0.2076132812499721,0.5578255208332947
informed,20,mid,5.6000000000000005,0.15645833333333034,-0.25111718749994644,0.5950182291666791
informed,20,mid,5.65,0.10020833333333028,-0.2619453124999698,0.5016393229166554
informed,20,mid,5.7,0.06791666666666361,-0.2736705729166459,0.4781497395833607
informed,20,mid,5.75,0.10020833333333028,-0.2643164062500281,0.5378606770833191
informed,20,mid,5.800000000000001,0.0835416666666637,-0.29763671875006037,0.4867552083332676
informed,20,mid,5.8500000000000005,0.09083333333333031,-0.2830195312500595,0.4906744791666936
informed,20,mid,5.9,0.11062499999999693,-0.26511328124989664,0.5454479166666502
informed,20,mid,5.95,0.10541666666666356,-0.2559635416666699,0.5378867187500187
informed,20,mid,6.0,0.13979166666666368,-0.21231380208333858,0.5887929687499859
informed,20,mid,6.050000000000001,0.14916666666666353,-0.1893893229166738,0.5798736979166751
informed,20,mid,6.1000000000000005,0.0897916666666636,-0.23827994791669224,0.49485156249998685
informed,20,mid,6.15,0.08874999999999698,-0.25911848958332606,0.5138216145833543
informed,20,mid,6.2,0.03874999999999695,-0.30160026041671467,0.4431809895833452
informed,20,mid,6.25,0.025208333333330325,-0.31205989583329097,0.45056901041668457
informed,20,mid,6.300000000000001,0.01166666666666362,-0.3120833333332918,0.40965755208334603
informed,20,mid,6.3500000000000005,0.037708333333330325,-0.28632812499995847,0.42938932291670245
informed,20,mid,6.4,0.05229166666666363,-0.2861888020833611,0.4279440104166479
informed,20,mid,6.45,0.05020833333333031,-0.28908072916663324,0.4164882812500479
informed,20,mid,6.5,0.06687499999999698,-0.2630963541666452,0.44352343750001805
informed,20,mid,6.550000000000001,0.04291666666666364,-0.2846992187501047,0.4023294270833707
informed,20,mid,6.6000000000000005,-0.039375000000003026,-0.3603697916666843,0.3238020833333059
informed,20,mid,6.65,-0.031041666666669743,-0.348611979166625,0.31247005208330825
informed,20,mid,6.7,-0.037291666666669686,-0.34031250000000507,0.32725130208336
informed,20,mid,6.75,-0.04354166666666972,-0.3256419270834322,0.29424999999998974
informed,20,mid,6.800000000000001,-0.04041666666666971,-0.34513281249999905,0.3253971354167021
informed,20,mid,6.8500000000000005,-0.06958333333333637,-0.3697877604166653,0.3005338541666267
informed,20,mid,6.9,-0.04666666666666971,-0.35610026041666665,0.3408723958332686
informed,20,mid,6.95,-0.095625000000003,-0.4039205729166938,0.3081054687499829
informed,20,mid,7.0,-0.07895833333333634,-0.41196093750002194,0.3209453124999865
informed,20,mid,7.050000000000001,-0.05708333333333638,-0.3883281249999896,0.33688281249996144
informed,20,mid,7.1000000000000005,-0.0372916666666697,-0.3577838541666571,0.3509010416665811
informed,20,mid,7.15,-0.04562500000000302,-0.382691406250106,0.3805807291666507
informed,20,mid,7.2,-0.04458333333333636,-0.36691666666672446,0.33584114583331726
informed,20,mid,7.25,-0.020625000000003006,-0.3639218750000457,0.3703841145833195
informed,20,mid,7.300000000000001,-0.0008333333333363455,-0.35740364583331685,0.4081419270832473
informed,20,mid,7.3500000000000005,-0.007083333333336365,-0.3341601562500995,0.36464843749995596
informed,20,mid,7.4,0.01791666666666363,-0.3042552083333944,0.3838606770832943
informed,20,mid,7.45,0.0627083333333303,-0.27407031250005737,0.4094518229166089
informed,20,mid,7.5,0.048124999999996955,-0.26983593749999174,0.40043098958328444
informed,20,mid,7.550000000000001,0.05333333333333027,-0.2676835937499526,0.3917734374999561
informed,20,mid,7.6000000000000005,0.025208333333330307,-0.30949609375005743,0.3592369791666738
informed,20,mid,7.65,-0.021666666666669675,-0.35931901041666947,0.33544531249996634
informed,20,mid,7.7,-0.03208333333333638,-0.3537330729166335,0.2734804687499348
informed,20,mid,7.75,-0.07895833333333636,-0.38672265625002283,0.22298958333332264
informed,20,mid,7.800000000000001,-0.01125000000000298,-0.3099791666666423,0.3060286458333959
informed,20,mid,7.8500000000000005,-0.010208333333336364,-0.321644531250035,0.27083463541665953
informed,20,mid,7.9,-0.09666666666666968,-0.421119791666684,0.1871692708332837
informed,20,mid,7.95,-0.08104166666666969,-0.38430598958333884,0.18752604166668435
informed,20,mid,8.0,-0.09145833333333638,-0.36756901041666834,0.16818880208332673
informed,20,mid,8.05,-0.021666666666669665,-0.32392057291662973,0.2598111979165681
informed,20,mid,8.1,-0.070625000000003,-0.3414414062499936,0.20173828124990126
informed,20,mid,8.15,-0.07270833333333637,-0.3366445312498955,0.20333463541660765
informed,20,mid,8.200000000000001,-0.05812500000000306,-0.3033476562499337,0.2015742187499006
informed,20,mid,8.25,-0.04979166666666971,-0.30645312500000976,0.222032552083279
informed,20,mid,8.3,-0.07375000000000297,-0.3541002604167046,0.2085273437499916
informed,20,mid,8.35,-0.10500000000000305,-0.37929296875003476,0.14842057291665445
informed,20,mid,8.4,-0.023750000000002994,-0.31237239583336,0.22055989583332114
informed,20,mid,8.450000000000001,-0.08104166666666969,-0.3485781250000349,0.1574778645833492
informed,20,mid,8.5,-0.15187500000000306,-0.44818098958334657,0.11534374999998956
informed,20,mid,8.55,-0.10500000000000302,-0.407105468750007,0.18335416666663476
informed,20,mid,8.6,-0.13104166666666975,-0.4684075520833512,0.14950390625005278
informed,20,mid,8.65,-0.08937500000000304,-0.4249283854167234,0.19998567708329001
informed,20,mid,8.700000000000001,-0.08208333333333638,-0.4302929687500199,0.23828255208328505
informed,20,mid,8.75,-0.0727083333333364,-0.41480989583334194,0.2318046875000441
informed,20,mid,8.8,-0.048750000000003034,-0.4052265625000594,0.2718059895833405
informed,20,mid,8.85,-0.052916666666669714,-0.408174479166684,0.24897526041668508
informed,20,mid,8.9,0.0022916666666636296,-0.3331341145833398,0.28227083333334957
informed,20,mid,8.950000000000001,-0.019583333333336308,-0.3315898437500332,0.25920442708328567
informed,20,mid,9.0,-0.0091666666666697,-0.35302734375005834,0.2861328124999729
informed,20,mid,9.05,-0.04354166666666968,-0.35035156249999916,0.22243489583334558
informed,20,mid,9.1,-0.07791666666666971,-0.3933984375000532,0.20814713541668362
informed,20,mid,9.15,-0.053958333333336383,-0.3652187500000451,0.22210156250001453
informed,20,mid,9.200000000000001,-0.10083333333333638,-0.42276822916676265,0.17704036458338762
informed,20,mid,9.25,-0.06958333333333643,-0.3801588541667633,0.21232291666663955
informed,20,mid,9.3,-0.05187500000000305,-0.38296223958339265,0.22481250000002134
informed,20,mid,9.35,-0.028958333333336393,-0.3485690104167645,0.2616783854166823
informed,20,mid,9.4,-0.019583333333336367,-0.35107161458340275,0.27400781250002637
informed,20,mid,9.450000000000001,-0.014375000000002977,-0.31211979166663384,0.2425052083333022
informed,20,mid,9.5,0.005416666666663614,-0.3011861979166703,0.2863411458332816
informed,20,mid,9.55,-0.006041666666669683,-0.33011067708335234,0.26951692708327646
informed,20,mid,9.600000000000001,0.02104166666666371,-0.24780208333328482,0.3059960937499654
informed,20,mid,9.65,0.017916666666663684,-0.2606966145833499,0.28627734374996766
informed,20,mid,9.700000000000001,-0.10395833333333637,-0.38535807291670104,0.15656250000000113
informed,20,mid,9.75,-0.16854166666666973,-0.4654713541666974,0.11533072916661861
informed,20,mid,9.8,-0.20812500000000309,-0.5111914062500231,0.06496874999996888
informed,20,mid,9.850000000000001,-0.1685416666666697,-0.4969921874999831,0.15212630208333663
informed,20,mid,9.9,-0.1685416666666697,-0.5063098958332978,0.1644179687499529
informed,20,mid,9.950000000000001,-0.1300000000000031,-0.5158307291666426,0.20897786458332213
informed,20,mid,10.0,-0.17791666666666964,-0.5152382812500979,0.1341835937499244
informed,20,spread,0.05,0.41322841708170893,0.2914166710844781,0.5433099074111818
informed,20,spread,0.1,0.2977983720734461,0.18721848734817687,0.38919450270905837
informed,20,spread,0.15000000000000002,0.22855123180912515,0.11838595432187143,0.31906843916466476
informed,20,spread,0.2,0.18454177865226196,0.09147021878662272,0.2783686612100853
informed,20,spread,0.25,0.09603250769539745,0.025319101302837748,0.1636261726054792
informed,20,spread,0.30000000000000004,0.05872673918826468,-0.005675523750024577,0.12504954609949606
informed,20,spread,0.35000000000000003,0.08045948137501506,0.015158422034954676,0.14802766791371885
informed,20,spread,0.4,0.07782335407162624,0.004314354019428611,0.14926614469899155
informed,20,spread,0.45,0.05304420610118169,-0.010514217958349226,0.13108184099323592
informed,20,spread,0.5,0.07674554154283988,0.026280084212809855,0.12889061120372083
informed,20,spread,0.55,0.09156295121991016,0.025067315960871542,0.15922715785106492
informed,20,spread,0.6000000000000001,0.05886354990756721,-0.02169581571597733,0.13169335884430072
informed,20,spread,0.65,0.06923307818486542,-0.0007777329519318874,0.14432879698733256
informed,20,spread,0.7000000000000001,0.03890561499103299,-0.03973379059160505,0.11929134638352977
informed,20,spread,0.75,0.005101840558871495,-0.07459065976981204,0.09163052545478508
informed,20,spread,0.8,0.02062610664490193,-0.07255798900509829,0.11412205352432034
informed,20,spread,0.8500000000000001,0.02479897349453156,-0.041048940714916146,0.09373078780801183
informed,20,spread,0.9,0.03963446917245627,-0.05452805163617442,0.12764659141713508
informed,20,spread,0.9500000000000001,-0.02410344059000946,-0.1237597128858426,0.06571956336304337
informed,20,spread,1.0,0.008921556185106587,-0.07387470658427105,0.10910184397301438
informed,20,spread,1.05,0.007199374035521039,-0.08086373425290086,0.0930422668112441
informed,20,spread,1.1,0.02234816711080362,-0.06327558050057065,0.10183383973789242
informed,20,spread,1.1500000000000001,0.004427273315130463,-0.06529945201000392,0.06829652310416998
informed,20,spread,1.2000000000000002,0.013070086669045383,-0.07168634188363715,0.10061823849046242
informed,20,spread,1.25,-0.012182709183151489,-0.10064916199531784,0.05888647772005302
informed,20,spread,1.3,-0.022468101761532216,-0.1019819048580561,0.04043275285968396
informed,20,spread,1.35,0.010606297037914983,-0.06119405307636091,0.08725585551637449
informed,20,spread,1.4000000000000001,0.015552515944453683,-0.045455424386064695,0.07362656443412136
informed,20,spread,1.4500000000000002,0.021421115687921922,-0.06857861392235672,0.09718727846711488
informed,20,spread,1.5,-0.005972978703173654,-0.09185836778679426,0.06746253497422959
informed,20,spread,1.55,0.002050267798815139,-0.0961106550801214,0.09353852080953426
informed,20,spread,1.6,-0.05548127409761022,-0.14781070102373248,0.022246996583702126
informed,20,spread,1.6500000000000001,-0.011210611554407437,-0.1021453522300117,0.06681467602692302
informed,20,spread,1.7000000000000002,-0.03948169305259174,-0.14799251397533097,0.05557365215580041
informed,20,spread,1.75,-0.023928342019754818,-0.08693377785526392,0.03602825098558512
informed,20,spread,1.8,-0.012055628237859559,-0.07737108672760142,0.05993416140091362
informed,20,spread,1.85,-0.056403240821877206,-0.13006758929865025,0.011010673204290333
informed,20,spread,1.9000000000000001,-0.02681124141052606,-0.09811216097509967,0.04221253492418003
informed,20,spread,1.9500000000000002,0.005474720957935812,-0.08710660453986613,0.0934371388794806
informed,20,spread,2.0,-0.03637807761233889,-0.11382040121009698,0.028273938779949614
informed,20,spread,2.0500000000000003,0.006103746893094395,-0.09389539972262856,0.10356996665044017
informed,20,spread,2.1,-0.005372838420652775,-0.07854378620846494,0.06317373711485477
informed,20,spread,2.15,0.050244945233785754,-0.011936031639954466,0.11825711861757407
informed,20,spread,2.2,-0.00778364829550852,-0.07413068141560143,0.0464540618425137
informed,20,spread,2.25,0.04369491004135875,-0.008234375628763611,0.10988543812274007
informed,20,spread,2.3000000000000003,0.016021962005561736,-0.03596747151567411,0.07225148714713377
informed,20,spread,2.35,0.06507771596056905,0.007123250695238736,0.12687944635632115
informed,20,spread,2.4000000000000004,0.05309456892216522,-0.023236776699292274,0.1466659476642138
informed,20,spread,2.45,-0.004260338508034189,-0.060917978778130225,0.06842075807512538
informed,20,spread,2.5,-0.04937116449563691,-0.12158358577946776,0.019651038757439624
informed,20,spread,2.5500000000000003,-0.020508116492477545,-0.10620691090071828,0.06292800032024372
informed,20,spread,2.6,-0.035117951360640616,-0.12575906043425059,0.06311052393390464
informed,20,spread,2.6500000000000004,-0.014771833309577135,-0.0938872118849583,0.056414392598589685
informed,20,spread,2.7,-0.077967885677295,-0.17169448003622206,0.0031934316498534398
informed,20,spread,2.75,-0.04658304172889402,-0.09860238805393423,0.0030486069062305066
informed,20,spread,2.8000000000000003,-0.04358956025704969,-0.11521441633306782,0.02252408716992141
informed,20,spread,2.85,-0.0012993610730011884,-0.09642419683904825,0.0794839462334149
informed,20,spread,2.9000000000000004,0.035351043611409165,-0.06226219999323972,0.1295398583446848
informed,20,spread,2.95,0.01696476207562973,-0.08753593834506221,0.12805890310838108
informed,20,spread,3.0,0.025171746487948843,-0.06767090427563748,0.11958070151223645
informed,20,spread,3.0500000000000003,0.03168815956448368,-0.04487672210302933,0.11569216279405936
informed,20,spread,3.1,0.019557712286451423,-0.05525178978313407,0.10312582585375961
informed,20,spread,3.1500000000000004,-0.005711467739607287,-0.08499226804885802,0.0639444664897554
informed,20,spread,3.2,0.040290609786218255,-0.03259628795493844,0.11385511160758664
informed,20,spread,3.25,0.06907855717437895,-0.013793639198221604,0.17579026761102123
informed,20,spread,3.3000000000000003,0.062302056586568594,0.006255488697754286,0.12266093830282715
informed,20,spread,3.35,0.008832511685090109,-0.05726828788843599,0.07806332768563026
informed,20,spread,3.4000000000000004,0.0667980997465751,-0.01768006706676838,0.1441589634651674
informed,20,spread,3.45,0.037177242512645585,-0.03992500200945586,0.1107730793412339
informed,20,spread,3.5,0.059880155953772635,-0.02528721291247459,0.14703256378146345
informed,20,spread,3.5500000000000003,0.03132705509834918,-0.051239512954970215,0.10924099818968216
informed,20,spread,3.6,0.06282626199537503,-0.023568199750315207,0.14992795492359606
informed,20,spread,3.6500000000000004,-0.016556021381335693,-0.1028943915965559,0.06994370739809198
informed,20,spread,3.7,0.00097876750904488,-0.07038719744628483,0.08484333047396339
informed,20,spread,3.75,-0.016169324536458096,-0.07650658060511423,0.053828775991834076
informed,20,spread,3.8000000000000003,-0.01056512629571979,-0.09983972830475153,0.08043359534896455
informed,20,spread,3.85,-0.07903048273651672,-0.15015833412488816,-0.023668348977937164
informed,20,spread,3.9000000000000004,-0.0545009416899426,-0.1322177160487431,0.019455524493114773
informed,20,spread,3.95,-0.05117663689685084,-0.13511459175196192,0.034939277426505974
informed,20,spread,4.0,-0.006799891921196763,-0.09155245648127748,0.06687408144029122
informed,20,spread,4.05,-0.017021331114559907,-0.08183064441160712,0.03837416973573349
informed,20,spread,4.1000000000000005,0.0026293910412937345,-0.09464074785532885,0.07591537782144393
informed,20,spread,4.15,-0.023532289873515588,-0.09776842399350812,0.047118174087317354
informed,20,spread,4.2,0.0076560184552738235,-0.059362538114490083,0.08012718204794399
informed,20,spread,4.25,-0.017266025995848335,-0.11193398858138483,0.0675633042305596
informed,20,spread,4.3,-0.07569714149593243,-0.15801568466397628,0.015858126205855593
informed,20,spread,4.3500000000000005,-0.007876479173631963,-0.0705499750201733,0.06122777407797442
informed,20,spread,4.4,0.004086656819869554,-0.07064899204132398,0.0756033947441866
informed,20,spread,4.45,-0.026196119002915835,-0.115035411929885,0.061538076965743246
informed,20,spread,4.5,-0.05436613607405245,-0.1256687260714308,0.032239286660746436
informed,20,spread,4.55,-0.07056308739305989,-0.14052159760310332,0.0013866090332701302
informed,20,spread,4.6000000000000005,-0.1067450044091981,-0.20060403025207146,0.010409026035741347
informed,20,spread,4.65,-0.11232503704804535,-0.2163554072817332,-0.005619806798442247
informed,20,spread,4.7,-0.10981283751470532,-0.22822627531934842,0.016943240491248523
informed,20,spread,4.75,-0.04679434707130429,-0.1385829182273054,0.04510148639111828
informed,20,spread,4.800000000000001,-0.03793132465637226,-0.129609319908616,0.05485429402281296
informed,20,spread,4.8500000000000005,-0.060788954820165525,-0.13434788797747835,0.011529711118533022
informed,20,spread,4.9,-0.10308273723532373,-0.18966927389980484,-0.028391595567018788
informed,20,spread,4.95,-0.11556415403921116,-0.1981471889465825,-0.032748569930010844
informed,20,spread,5.0,-0.05379589078821948,-0.14205539431243336,0.012085909967725034
informed,20,spread,5.050000000000001,0.0029065946306317727,-0.06464118692138307,0.06795993338418661
informed,20,spread,5.1000000000000005,0.01311210816393264,-0.0657440222536842,0.08789890608249619
informed,20,spread,5.15,-0.013325354889680766,-0.08831102527760551,0.05826010835123824
informed,20,spread,5.2,-0.06485361916693726,-0.14622795570611385,0.008075452947781621
informed,20,spread,5.25,-0.033855632671024864,-0.09402138500799205,0.02245182864537702
informed,20,spread,5.300000000000001,-0.07473304094652496,-0.17819083231534916,0.009303938589533376
informed,20,spread,5.3500000000000005,-0.03881142124860359,-0.12624914410899093,0.041565317026303145
informed,20,spread,5.4,-0.013986438919742564,-0.09743267907637336,0.07341876539049931
informed,20,spread,5.45,0.010307294980926736,-0.07122116098382528,0.09214386625887962
informed,20,spread,5.5,0.003014901355584317,-0.06955392487315688,0.07112323915223712
informed,20,spread,5.550000000000001,-0.04164360709858772,-0.18838612851081185,0.05538987953761179
informed,20,spread,5.6000000000000005,-0.06754290569017384,-0.19079746648203624,0.04221926068449361
informed,20,spread,5.65,-0.05412815209452371,-0.13485049627512644,0.03244591261549475
informed,20,spread,5.7,-0.03847157076115445,-0.12784577685423845,0.06273795775240458
informed,20,spread,5.75,-0.02295071929326921,-0.08840717302169945,0.05908172398340119
informed,20,spread,5.800000000000001,-0.026416370262136987,-0.11323939418058986,0.07506676654799747
informed,20,spread,5.8500000000000005,-0.004434535339841064,-0.05625667788368525,0.0439692401418895
informed,20,spread,5.9,-0.018047346254779013,-0.1067034286667121,0.0742036426604395
informed,20,spread,5.95,-0.027162906736398807,-0.09805124171020636,0.045883783344258605
informed,20,spread,6.0,-0.0467829330125172,-0.1218221785663488,0.03658224662441672
informed,20,spread,6.050000000000001,-0.09731314587607724,-0.15870855482039756,-0.03951404410292823
informed,20,spread,6.1000000000000005,-0.07873455562776728,-0.13214787400374364,-0.023153555597223142
informed,20,spread,6.15,-0.010609203170992948,-0.07714918200433377,0.07253835704436282
informed,20,spread,6.2,-0.014200763388347512,-0.07770795208954785,0.05028201691060611
informed,20,spread,6.25,-0.02502969070445898,-0.10217003833113093,0.06889168114014843
informed,20,spread,6.300000000000001,-0.040184626522836824,-0.1458907884812729,0.07401825470317164
informed,20,spread,6.3500000000000005,-0.022258636058120906,-0.082562598107032,0.03857174710445443
informed,20,spread,6.4,-0.025677795139915128,-0.0789189251363811,0.0321068303837165
informed,20,spread,6.45,-0.04523899081462377,-0.11878973687960147,0.029344335117843998
informed,20,spread,6.5,-0.02922762176581552,-0.09910786274878776,0.05267650489049462
informed,20,spread,6.550000000000001,-0.039916223350098534,-0.09672669073073929,0.0057110447908936095
informed,20,spread,6.6000000000000005,-0.05908221443615761,-0.139197341703837,0.013920730454772852
informed,20,spread,6.65,0.03182833018207518,-0.02877101754142871,0.08980649463604697
informed,20,spread,6.7,-0.003487754232236287,-0.06357437420531219,0.05514937622391095
informed,20,spread,6.75,-0.03452522615262761,-0.09254697751940169,0.026546166104344175
informed,20,spread,6.800000000000001,-0.007680540226935677,-0.08118249471109105,0.06702032415894774
informed,20,spread,6.8500000000000005,-0.03268016146103574,-0.10136614679916336,0.030944618365667146
informed,20,spread,6.9,-0.03899000691259104,-0.12188159804992976,0.041090756735395834
informed,20,spread,6.95,-0.02903148608748531,-0.10153244841128298,0.040922938500071906
informed,20,spread,7.0,-0.05072119443378701,-0.1177846883478942,0.021433638263959092
informed,20,spread,7.050000000000001,-0.05679728358366539,-0.10537141102322597,-0.008580722035852442
informed,20,spread,7.1000000000000005,-0.044134282006655035,-0.11299669761919436,0.022980264468017993
informed,20,spread,7.15,-0.022525039637311672,-0.09730755802181171,0.05624951780726458
informed,20,spread,7.2,-0.002549308853882447,-0.07788940013706659,0.09755207780969392
informed,20,spread,7.25,-0.024506254682232085,-0.09936162535931482,0.0694111278491767
informed,20,spread,7.300000000000001,-0.0064690525195360464,-0.07286646302016682,0.07674873502878839
informed,20,spread,7.3500000000000005,-0.06479851160581031,-0.13511862758251103,0.006856098152097749
informed,20,spread,7.4,-0.01766509563178415,-0.08320807402012806,0.044144753387454
informed,20,spread,7.45,-0.02042179985334128,-0.08340203313531755,0.04708276308229681
informed,20,spread,7.5,-0.023721801987991124,-0.09077889353317953,0.04700373080069078
informed,20,spread,7.550000000000001,0.0160283330310857,-0.07630511826045824,0.10717725924691471
informed,20,spread,7.6000000000000005,0.016172568844293068,-0.0352028769350629,0.06639685714832048
informed,20,spread,7.65,-0.0019265517885746996,-0.06433935740866438,0.06955023946224463
informed,20,spread,7.7,0.00834189866685568,-0.06773479196009748,0.08439541242725061
informed,20,spread,7.75,0.0779153757458433,0.002961071660635275,0.15924525458833355
informed,20,spread,7.800000000000001,0.0242882308983414,-0.028583494979404656,0.08664246160399366
informed,20,spread,7.8500000000000005,-0.0037856765197878534,-0.07639979574228566,0.08387001563169436
informed,20,spread,7.9,0.05038662381066127,-0.03321539109080814,0.14537689492853276
informed,20,spread,7.95,-0.023819721978201074,-0.12645402875566727,0.09702935668723381
informed,20,spread,8.0,0.06036370957595468,-0.023102610465955766,0.15212087291894044
informed,20,spread,8.05,0.0026244205923165696,-0.08394915721228559,0.10126482412264488
informed,20,spread,8.1,0.010541958668781819,-0.09972482420256722,0.1022400973670897
informed,20,spread,8.15,0.023267963882729975,-0.101238963213765,0.14417180477923272
informed,20,spread,8.200000000000001,-0.05763171765167891,-0.19860345816104805,0.08121662519557057
informed,20,spread,8.25,0.011783291383873374,-0.09062573626450583,0.12815171209208087
informed,20,spread,8.3,0.03554928313959878,-0.04327417963730468,0.12424322340399858
informed,20,spread,8.35,0.0344102454211273,-0.045579889492473206,0.1187876228553105
informed,20,spread,8.4,0.04570611470019061,-0.03305059384538597,0.13939056417276469
informed,20,spread,8.450000000000001,0.053361562434297495,-0.04399860925242379,0.1596791808514689
informed,20,spread,8.5,0.024929510305901015,-0.03832337732109155,0.08134404986151313
informed,20,spread,8.55,0.0415761525114929,-0.060589915716477524,0.1286685174770936
informed,20,spread,8.6,-0.003946935450739001,-0.08111212477609475,0.0642568448348561
informed,20,spread,8.65,0.008157469770196721,-0.07586455672949301,0.08350473138376437
informed,20,spread,8.700000000000001,-0.0889765796340188,-0.17584243449172876,-0.012042957946037859
informed,20,spread,8.75,-0.038877722501916116,-0.12132044682281037,0.03749741778574473
informed,20,spread,8.8,-0.0665315013534323,-0.15122700989571697,0.01175867798802294
informed,20,spread,8.85,-0.07554965972217845,-0.15883143270701286,0.000727066632228278
informed,20,spread,8.9,-0.07344417425067827,-0.14829948859059316,0.005150492484460113
informed,20,spread,8.950000000000001,-0.03718992924369737,-0.11867067684423345,0.039106537720222476
informed,20,spread,9.0,-0.023010344663563168,-0.13344308855732,0.07209083304496482
informed,20,spread,9.05,-0.004238448177516408,-0.08101068142395784,0.07128323134650706
informed,20,spread,9.1,-0.07544894559207568,-0.1884597475581902,0.02803457275706103
informed,20,spread,9.15,-0.10936750744544416,-0.2024370403407508,-0.027552719053268268
informed,20,spread,9.200000000000001,-0.09106962206974696,-0.17615315103266915,-0.010826710076457871
informed,20,spread,9.25,-0.019703689721469533,-0.09512533955950538,0.06008531067883977
informed,20,spread,9.3,0.00960767373814886,-0.09045426596473757,0.11625081980951324
informed,20,spread,9.35,-0.010686713346839802,-0.10725228266833958,0.08699014112573795
informed,20,spread,9.4,-0.04510925264045785,-0.12021792359088815,0.016769154121054904
informed,20,spread,9.450000000000001,0.008747293055322179,-0.06013716329457176,0.08332102669678607
informed,20,spread,9.5,-0.01782149843371217,-0.10274829015055373,0.07336963864840569
informed,20,spread,9.55,-0.04646794161386667,-0.12395594877262336,0.02564893005896734
informed,20,spread,9.600000000000001,-0.005886370358806764,-0.07094997467958655,0.05001413016167633
informed,20,spread,9.65,-0.09427653499711945,-0.18484344393961524,-0.004986676508387196
informed,20,spread,9.700000000000001,-0.08131733111478866,-0.15017822509809212,0.0003820323855787345
informed,20,spread,9.75,-0.046876963136862404,-0.12978934109185972,0.041458478875310026
informed,20,spread,9.8,-0.031796673506421055,-0.12969176631599616,0.05454827693672141
informed,20,spread,9.850000000000001,-0.023916967642910708,-0.105398119407658,0.07056833441716925
informed,20,spread,9.9,-0.019836236792050307,-0.10989393056979055,0.05769210582223312
informed,20,spread,9.950000000000001,-0.04404145331655667,-0.13820744879191724,0.03479091737940382
informed,20,spread,10.0,0.010304703151652377,-0.08656779254222212,0.09775903445336377
informed,20,depth,0.05,0.20349179404916654,0.1667246942918543,0.24964030996129105
informed,20,depth,0.1,0.18778057713106247,0.15552986682621997,0.22190285001146245
informed,20,depth,0.15000000000000002,0.1656322748537654,0.12974301075091116,0.20381378193900745
informed,20,depth,0.2,0.16037445158471053,0.11794532172645977,0.19952788671114752
informed,20,depth,0.25,0.15164961080908826,0.10893362569339693,0.19351505703760186
informed,20,depth,0.30000000000000004,0.13168449015095815,0.09065634916854734,0.17214318842876677
informed,20,depth,0.35000000000000003,0.12995589492900197,0.08698429994838869,0.17442983163506065
informed,20,depth,0.4,0.10599476732511319,0.06101245550775583,0.14996847850620332
informed,20,depth,0.45,0.09586691946777683,0.050161857479374065,0.13777190006420847
informed,20,depth,0.5,0.08017728613957134,0.035627363922610004,0.1217518328181128
informed,20,depth,0.55,0.06054787508275385,0.01699886443156745,0.10609117783062916
informed,20,depth,0.6000000000000001,0.06820773616066893,0.0319203438217949,0.11159740099269098
informed,20,depth,0.65,0.08465283678271611,0.04257374530447236,0.12833005632834843
informed,20,depth,0.7000000000000001,0.0731245587789784,0.03157748775860507,0.1140699056139099
informed,20,depth,0.75,0.0663808976455872,0.02136224176361829,0.11001982214316146
informed,20,depth,0.8,0.06746748908151426,0.015937494576562544,0.11775543584295384
informed,20,depth,0.8500000000000001,0.06257137309959425,0.012342258104551857,0.11492540692794774
informed,20,depth,0.9,0.05033390607056278,0.0017993837778675732,0.10410635232856015
informed,20,depth,0.9500000000000001,0.05750863687162166,0.0052442323987086596,0.11262062791561474
informed,20,depth,1.0,0.032577233280251215,-0.019232252948772833,0.09284638502900737
informed,20,depth,1.05,0.05233684858075153,0.004770378388808799,0.10083638868613634
informed,20,depth,1.1,0.04529085231290724,-0.0020743242766608993,0.09657656669999401
informed,20,depth,1.1500000000000001,0.04498162688425709,-0.008172128857923084,0.10260906925990099
informed,20,depth,1.2000000000000002,0.0335616586438761,-0.023587173595526752,0.09218822366475275
informed,20,depth,1.25,0.03205591318710758,-0.02752357249066518,0.09030731953679112
informed,20,depth,1.3,0.03825066047713715,-0.021294575499808004,0.1008169253846952
informed,20,depth,1.35,0.035169486942248473,-0.027656691654639676,0.09814414663656659
informed,20,depth,1.4000000000000001,0.03150699778292423,-0.020749967162976606,0.08521940262580407
informed,20,depth,1.4500000000000002,0.017757149054449774,-0.03710739802638372,0.07035205272273519
informed,20,depth,1.5,0.03708251980732551,-0.012263301136856251,0.08014545195888509
informed,20,depth,1.55,0.03337387785414692,-0.02029653007341768,0.07737861254952659
informed,20,depth,1.6,0.013981052593519172,-0.03207022504632534,0.061318862063834
informed,20,depth,1.6500000000000001,0.001835406463902161,-0.05029909579707286,0.05119729126338047
informed,20,depth,1.7000000000000002,0.02233757189736804,-0.020562470533370285,0.06907730782138075
informed,20,depth,1.75,0.015512058468188058,-0.027765626977924087,0.061147986421855434
informed,20,depth,1.8,0.013863460132336677,-0.033016008815798574,0.06072594918768059
informed,20,depth,1.85,0.01752076305687005,-0.033206435332960846,0.07210610296511843
informed,20,depth,1.9000000000000001,0.02646073350570062,-0.018531404283287083,0.07388855069633818
informed,20,depth,1.9500000000000002,0.027554161429109606,-0.016737804612906308,0.07252449307315634
informed,20,depth,2.0,0.01991966391916535,-0.02341913605000325,0.06568928869540981
informed,20,depth,2.0500000000000003,0.04079790447057436,-0.00370212353562573,0.08312243567081964
informed,20,depth,2.1,0.018984029381794425,-0.02980038684864209,0.07090943258877845
informed,20,depth,2.15,0.020119036792641314,-0.026131865685706586,0.07075155942253437
informed,20,depth,2.2,0.016207615874712804,-0.027939530788726345,0.059060498452684976
informed,20,depth,2.25,0.016200653019788475,-0.0255298110886319,0.06086925105464953
informed,20,depth,2.3000000000000003,0.004715233793466229,-0.034027524143360154,0.04553462159704157
informed,20,depth,2.35,-0.0019058247306287083,-0.04380636851803626,0.045815528040661524
informed,20,depth,2.4000000000000004,0.0159318322128805,-0.023860128436964223,0.05881463771155783
informed,20,depth,2.45,0.014452524280598759,-0.032585861451017835,0.06001509151488854
informed,20,depth,2.5,-0.0035600227005335287,-0.05077468686570945,0.04316001063435646
informed,20,depth,2.5500000000000003,-0.02850017740136181,-0.10167678644773981,0.033641023511620155
informed,20,depth,2.6,-0.025733076108821012,-0.09136152675645239,0.029405842169921925
informed,20,depth,2.6500000000000004,-0.012522666875660194,-0.07576785632648554,0.04063666855834387
informed,20,depth,2.7,-0.0009432705949374487,-0.06923167366044498,0.057571800470150813
informed,20,depth,2.75,-0.0056350366714295955,-0.05923637230163511,0.04543596308340227
informed,20,depth,2.8000000000000003,-0.010738611318944819,-0.06324054294270401,0.04340279837835445
informed,20,depth,2.85,-0.019217197101406538,-0.07004937250766978,0.024687206651755514
informed,20,depth,2.9000000000000004,-0.03360171856784452,-0.08900104771513649,0.018526626999467215
informed,20,depth,2.95,-0.018056446700232178,-0.06699124546288812,0.034442045663920895
informed,20,depth,3.0,0.002762894104969528,-0.04625481683610932,0.04930679013757073
informed,20,depth,3.0500000000000003,0.00915895347889556,-0.04304673671714126,0.05940106921290237
informed,20,depth,3.1,0.010360613865948831,-0.035687806680316875,0.05865903306414558
informed,20,depth,3.1500000000000004,0.021963443862049164,-0.02643414746228389,0.07191618294527787
informed,20,depth,3.2,0.005807560267779878,-0.04938797590689183,0.06980317652722763
informed,20,depth,3.25,0.02330185884759486,-0.026754143797224177,0.07530581985275289
informed,20,depth,3.3000000000000003,0.002409871090110051,-0.051264129084012726,0.05758375355596745
informed,20,depth,3.35,0.0078702214453981,-0.04477343635272435,0.06059182389963691
informed,20,depth,3.4000000000000004,0.011401025221355809,-0.04332916667005467,0.0718249505844945
informed,20,depth,3.45,0.0038735359928372647,-0.05520595339590827,0.07321893587536552
informed,20,depth,3.5,0.011439418992039025,-0.04936095995679631,0.08190966802511385
informed,20,depth,3.5500000000000003,0.0205576958929025,-0.050552239635660086,0.09232635823088563
informed,20,depth,3.6,0.024325357707737996,-0.03891663122034416,0.09384771502933147
informed,20,depth,3.6500000000000004,0.020387375624976754,-0.04174009141439552,0.08569526056939886
informed,20,depth,3.7,0.026911613096655518,-0.03903354099645453,0.09683493575473538
informed,20,depth,3.75,0.01905147267165452,-0.048676179743553455,0.09424027843072222
informed,20,depth,3.8000000000000003,0.026613094256981423,-0.036126315668176714,0.10138714068841817
informed,20,depth,3.85,0.020381952177139482,-0.04803979967041299,0.09761222476422347
informed,20,depth,3.9000000000000004,0.03745846451522437,-0.03424210372731724,0.1192773510603337
informed,20,depth,3.95,0.0514179571725586,-0.020033476407458985,0.13546286002724048
informed,20,depth,4.0,0.039845245759830526,-0.03198278860818074,0.11215561529607682
informed,20,depth,4.05,0.02469842023338145,-0.04984038805263268,0.09683871118103059
informed,20,depth,4.1000000000000005,0.021002909042279777,-0.04532115893306253,0.09234821136416707
informed,20,depth,4.15,0.011830692405307342,-0.045937614235425805,0.0703669400233241
informed,20,depth,4.2,-0.009294506321108347,-0.06845538660229698,0.05337359257881493
informed,20,depth,4.25,-0.007154855233712907,-0.07705638958277779,0.06172461052863504
informed,20,depth,4.3,-0.01039521319706947,-0.0749480673049945,0.07112600476651895
informed,20,depth,4.3500000000000005,-0.022057453687829343,-0.08511891704321821,0.053338778573769244
informed,20,depth,4.4,-0.0055816371674718215,-0.08753376046340114,0.0872592948064886
informed,20,depth,4.45,-0.04415275733412614,-0.11529516786932871,0.02369711039939559
informed,20,depth,4.5,-0.027010333086534572,-0.09903044437768391,0.036917828717304466
informed,20,depth,4.55,-0.03085156985050758,-0.08899607770829304,0.02356195334480719
informed,20,depth,4.6000000000000005,-0.028278533601565056,-0.08241284500868272,0.022842204051912424
informed,20,depth,4.65,-0.030598666600938008,-0.06826446281006385,0.010606598644058014
informed,20,depth,4.7,-0.03632446553241977,-0.08416461322156404,0.010641663891254163
informed,20,depth,4.75,-0.03780079283539762,-0.09165369391769118,0.01632830890878376
informed,20,depth,4.800000000000001,-0.027617421873253445,-0.07819492941625897,0.020731187999798784
informed,20,depth,4.8500000000000005,-0.031195171230757,-0.07907055270682338,0.017007479271888355
informed,20,depth,4.9,-0.028044938758570694,-0.08188985302251446,0.02229187224686691
informed,20,depth,4.95,-0.014164352745317145,-0.06818097317919079,0.043359658418247335
informed,20,depth,5.0,-0.021297394033306032,-0.07530343560710803,0.03154223642790965
informed,20,depth,5.050000000000001,-0.010005533400233274,-0.06486523541934769,0.046669103555463116
informed,20,depth,5.1000000000000005,-0.024812674986204587,-0.08984809223162371,0.04011993949361164
informed,20,depth,5.15,-0.02934882377939585,-0.09422884989829253,0.03495671195224594
informed,20,depth,5.2,-0.0410345166290807,-0.11865967310177299,0.02823549614606781
informed,20,depth,5.25,-0.027208832191917037,-0.09646421277717711,0.03942180610813262
informed,20,depth,5.300000000000001,-0.026241568004974725,-0.103042726118295,0.0380112166758187
informed,20,depth,5.3500000000000005,-0.029644657878270367,-0.10061613917732445,0.03364636458790291
informed,20,depth,5.4,-0.024505469216811054,-0.0885847138484077,0.03854433939440744
informed,20,depth,5.45,-0.02263969668219058,-0.08153608109006591,0.03950154585666751
informed,20,depth,5.5,-0.04375975529778092,-0.10143615189683716,0.012106066599059365
informed,20,depth,5.550000000000001,-0.0174567703544174,-0.07053640489918449,0.03379288606136238
informed,20,depth,5.6000000000000005,-0.027193735919275704,-0.08335822548135884,0.0209271690415672
informed,20,depth,5.65,-0.01990663209005855,-0.08124599702675867,0.03851216835549523
informed,20,depth,5.7,-0.02874801720420114,-0.08747030774098186,0.020315451081099764
informed,20,depth,5.75,-0.018217828677085487,-0.07424663912627542,0.03445662247232214
informed,20,depth,5.800000000000001,-0.015933213715520332,-0.06671523309191793,0.03159845925510029
informed,20,depth,5.8500000000000005,-0.02992920358175318,-0.08437583538263047,0.02093007384341457
informed,20,depth,5.9,-0.009009958484470894,-0.06296399350539343,0.04152551262029264
informed,20,depth,5.95,-0.0017538498320194354,-0.06162360130194213,0.06465251768235199
informed,20,depth,6.0,-0.018448940466483366,-0.07281751196245725,0.036173056475535745
informed,20,depth,6.050000000000001,-0.02543661382686849,-0.08287925763182744,0.03390668006150168
informed,20,depth,6.1000000000000005,-0.02915066246079463,-0.08981404020907095,0.026550330354466255
informed,20,depth,6.15,-0.019886113160471487,-0.09865715816791257,0.052670626445886055
informed,20,depth,6.2,-0.02714354166141736,-0.09250192711195819,0.04472170722903338
informed,20,depth,6.25,-0.044004182907868034,-0.11924756689967862,0.023347635824914677
informed,20,depth,6.300000000000001,-0.04583221519019167,-0.1171869327254298,0.022819222068194353
informed,20,depth,6.3500000000000005,-0.021129848845521354,-0.07940272173656567,0.037798642582550064
informed,20,depth,6.4,-0.033118388149073516,-0.0976692444092855,0.03320292675563463
informed,20,depth,6.45,-0.04846328793472816,-0.12001218809700756,0.02317952765613077
informed,20,depth,6.5,-0.04498092374353966,-0.12196843923776624,0.02815781752894338
informed,20,depth,6.550000000000001,-0.06342211813134095,-0.1316746674509416,0.009626365261406243
informed,20,depth,6.6000000000000005,-0.033524532993269886,-0.09309951117434544,0.04057368436554474
informed,20,depth,6.65,-0.027003145622940133,-0.08760030653829665,0.034525275935172704
informed,20,depth,6.7,-0.028547826608918508,-0.0919588029206021,0.03436138504449129
informed,20,depth,6.75,-0.03226396864837043,-0.09527377658976467,0.02865853837556707
informed,20,depth,6.800000000000001,-0.03379955994004063,-0.10121315110495795,0.033487560754579385
informed,20,depth,6.8500000000000005,-0.03819793995216574,-0.10476006049764332,0.024003115604678927
informed,20,depth,6.9,-0.04179576949757979,-0.11098648373578482,0.019652680029686613
informed,20,depth,6.95,-0.04119043203083355,-0.11207397336022487,0.019534300471349065
informed,20,depth,7.0,-0.039508123963278456,-0.10359921059750725,0.013697094322082382
informed,20,depth,7.050000000000001,-0.028897326681675984,-0.09964873985446263,0.03425978248433002
informed,20,depth,7.1000000000000005,-0.017454903921016382,-0.08750727101905952,0.048800165759659675
informed,20,depth,7.15,-0.00929308006985744,-0.08224146293851436,0.06172742300554175
informed,20,depth,7.2,-0.008810961819796296,-0.08210063661477039,0.0667449243635137
informed,20,depth,7.25,-0.02853936185534092,-0.10130888353394776,0.04074955085753608
informed,20,depth,7.300000000000001,-0.04100490132964351,-0.1083064621496834,0.02884827709646272
informed,20,depth,7.3500000000000005,-0.03767025959327884,-0.09844369105978376,0.023754764116224254
informed,20,depth,7.4,-0.046733491884510016,-0.1110757745896423,0.011207849813216722
informed,20,depth,7.45,-0.04820938001287195,-0.10765008613114507,0.009633941924324145
informed,20,depth,7.5,-0.05146921307181166,-0.10361496663266599,0.0007467807689249629
informed,20,depth,7.550000000000001,-0.04600095099228411,-0.09483361897232931,0.003800454724594796
informed,20,depth,7.6000000000000005,-0.043144902568125344,-0.10270835973378517,0.01603829478420485
informed,20,depth,7.65,-0.02715265970285689,-0.08449108176487544,0.031187171570906325
informed,20,depth,7.7,-0.038884559992181426,-0.09697858098997761,0.021365663821659376
informed,20,depth,7.75,-0.04331380967758438,-0.10427569527890383,0.017344989740947895
informed,20,depth,7.800000000000001,-0.023400900844708156,-0.0888598888519291,0.03686616278776543
informed,20,depth,7.8500000000000005,-0.022383001553074974,-0.07939412626320645,0.03155743924339954
informed,20,depth,7.9,-0.03143812910897901,-0.0883656732011885,0.029046710968626883
informed,20,depth,7.95,-0.030436353745115996,-0.09199107529247195,0.034084343535393226
informed,20,depth,8.0,-0.02318234387856247,-0.08262337126107965,0.03808634743897492
informed,20,depth,8.05,-0.009313966562820901,-0.0810399768411415,0.06282756136746098
informed,20,depth,8.1,-0.019473761639663408,-0.09161834021751225,0.055526569270621044
informed,20,depth,8.15,-0.024322733859533024,-0.10713426430505642,0.05181551376501633
informed,20,depth,8.200000000000001,-0.014410395983219063,-0.08986634811792066,0.056997877805373354
informed,20,depth,8.25,-0.019373330656389725,-0.08950512204534275,0.048132045809498356
informed,20,depth,8.3,-0.022120514172886647,-0.08690797058992415,0.038774046765373604
informed,20,depth,8.35,-0.023672473034260996,-0.08514657128229328,0.030604841807952424
informed,20,depth,8.4,-0.021796424188269926,-0.08140489401671919,0.03440688929462918
informed,20,depth,8.450000000000001,-0.00231136736005546,-0.06062630825233362,0.04648709697696638
informed,20,depth,8.5,0.006550272821867916,-0.05402294158068555,0.05581578140531715
informed,20,depth,8.55,0.019599495309582323,-0.04582346549425365,0.0734415466638277
informed,20,depth,8.6,0.024061587582563677,-0.04881191289856116,0.07618090789019799
informed,20,depth,8.65,0.02473678563162857,-0.03770150915778428,0.0760491083996851
informed,20,depth,8.700000000000001,0.01391734225411081,-0.0494829100916932,0.06447839102966274
informed,20,depth,8.75,0.0043299254755952135,-0.05356335282890743,0.055681962115463446
informed,20,depth,8.8,-0.013304846953366445,-0.07092278750853831,0.039906139115755905
informed,20,depth,8.85,-0.011994716927136703,-0.06790557497631633,0.041284668514564644
informed,20,depth,8.9,-0.01420274056477148,-0.06858877776915001,0.039385269253297724
informed,20,depth,8.950000000000001,-0.024968113596747207,-0.0762166359949927,0.023760279902798106
informed,20,depth,9.0,-0.037487838633310684,-0.08388433706355752,0.013305068908145494
informed,20,depth,9.05,-0.017261499476478336,-0.06658288717046747,0.03354755878170144
informed,20,depth,9.1,-0.013130736839216388,-0.06716765970132475,0.04499139096859039
informed,20,depth,9.15,-0.010858676774309078,-0.06300835783915239,0.04283382932592538
informed,20,depth,9.200000000000001,-0.011492786330329944,-0.064603521099272,0.041308449708272306
informed,20,depth,9.25,-0.0066115144613223325,-0.059136192794680166,0.04562318083573666
informed,20,depth,9.3,0.0005199365422293717,-0.05401902532310745,0.05428719986697758
informed,20,depth,9.35,-0.0024341041750844273,-0.051917747865489264,0.0429021167666993
informed,20,depth,9.4,-0.012331752112811581,-0.06697347382542132,0.034251382787697154
informed,20,depth,9.450000000000001,-0.021559273085660326,-0.08180996728962525,0.02490292985101372
informed,20,depth,9.5,-0.016047135983077204,-0.075912509511083,0.028247973559308283
informed,20,depth,9.55,-0.018822200095933796,-0.06743745194227689,0.02322669343336536
informed,20,depth,9.600000000000001,-0.03687559134544114,-0.08863975883999912,0.007990291510210988
informed,20,depth,9.65,-0.016202330857287745,-0.06925383797834068,0.03610705062336251
informed,20,depth,9.700000000000001,-0.01253788652589325,-0.06650975606479402,0.03704055399614448
informed,20,depth,9.75,-0.016709682960607212,-0.0740437390398926,0.03434933511624803
informed,20,depth,9.8,-0.022331932304610374,-0.07916816745086178,0.024010121753736458
informed,20,depth,9.850000000000001,-0.028674691233463542,-0.09481315636632796,0.0203846485206759
informed,20,depth,9.9,-0.0364054738806961,-0.10668786236284068,0.014640619930791037
informed,20,depth,9.950000000000001,-0.040585056642976326,-0.11773628216506257,0.014843316173852187
informed,20,depth,10.0,-0.04405842504576916,-0.12784133334159328,0.01509590635921191
informed,60,mid,0.05,1.6092708333333687,1.3870364583333412,1.8539205729166786
informed,60,mid,0.1,1.6384375000000355,1.408752604166698,1.9195520833333888
informed,60,mid,0.15000000000000002,1.6488541666667027,1.3851197916666327,1.9197239583333876
informed,60,mid,0.2,1.6623958333333695,1.4421015625000158,1.9041380208334473
informed,60,mid,0.25,1.6103125000000353,1.404028645833384,1.8322109375000044
informed,60,mid,0.30000000000000004,1.5644791666667022,1.3668072916667062,1.7782981770834223
informed,60,mid,0.35000000000000003,1.6415625000000356,1.4427552083333937,1.8750104166666899
informed,60,mid,0.4,1.5332291666667022,1.2770820312500164,1.8048216145833507
informed,60,mid,0.45,1.4655208333333691,1.244680989583343,1.678255208333405
informed,60,mid,0.5,1.3915625000000356,1.1894348958333767,1.5987187499999724
informed,60,mid,0.55,1.4488541666667025,1.2706588541666755,1.6222278645833768
informed,60,mid,0.6000000000000001,1.423854166666702,1.2709635416667227,1.5822903645834108
informed,60,mid,0.65,1.4353125000000357,1.2532187500000047,1.6080807291667778
informed,60,mid,0.7000000000000001,1.4655208333333691,1.224988281250062,1.6907226562500897
informed,60,mid,0.75,1.4551041666667022,1.212720052083353,1.7119661458334243
informed,60,mid,0.8,1.3644791666667022,1.116143229166685,1.6037434895833036
informed,60,mid,0.8500000000000001,1.2415625000000359,0.9722799479166668,1.5349023437501068
informed,60,mid,0.9,1.2905208333333689,1.0452526041666574,1.568571614583427
informed,60,mid,0.9500000000000001,1.356145833333369,1.1390559895834065,1.6266783854167755
informed,60,mid,1.0,1.2967708333333692,1.086854166666721,1.5382890624999865
informed,60,mid,1.05,1.3061458333333686,1.087285156250073,1.574466145833321
informed,60,mid,1.1,1.246770833333369,1.0052395833334002,1.5410559895833322
informed,60,mid,1.1500000000000001,1.1832291666667025,0.9455976562500682,1.432813802083282
informed,60,mid,1.2000000000000002,1.159270833333369,0.8930546874999995,1.4202213541666648
informed,60,mid,1.25,1.1863541666667021,0.8969127604167196,1.4653242187500541
informed,60,mid,1.3,1.131145833333369,0.8608424479167456,1.395420572916654
informed,60,mid,1.35,1.1821875000000357,0.9153815104166912,1.4566848958333722
informed,60,mid,1.4000000000000001,1.1426041666667024,0.8011223958334373,1.4437031250000463
informed,60,mid,1.4500000000000002,1.1405208333333687,0.8055130208333667,1.4563164062500635
informed,60,mid,1.5,1.1290625000000356,0.8164257812500515,1.4326770833333837
informed,60,mid,1.55,1.112395833333369,0.7940169270833568,1.428266927083425
informed,60,mid,1.6,1.1613541666667022,0.8284531250000803,1.4914908854166793
informed,60,mid,1.6500000000000001,1.1478125000000359,0.7695989583333707,1.5184388020832966
informed,60,mid,1.7000000000000002,1.059270833333369,0.6709596354166729,1.4572018229166708
informed,60,mid,1.75,0.9665625000000357,0.6134557291667925,1.3311562500000327
informed,60,mid,1.8,1.0311458333333692,0.6444674479166508,1.4123437500000082
informed,60,mid,1.85,1.0644791666667024,0.7077356770834141,1.444535156250014
informed,60,mid,1.9000000000000001,0.9811458333333691,0.6164375000000231,1.3433736979167192
informed,60,mid,1.9500000000000002,1.0426041666667023,0.6273684895834352,1.412250000000033
informed,60,mid,2.0,0.9748958333333692,0.5422317708333169,1.3280885416665897
informed,60,mid,2.0500000000000003,0.8592708333333691,0.4400221354167476,1.2308177083333411
informed,60,mid,2.1,0.9248958333333689,0.5627669270834398,1.272437499999964
informed,60,mid,2.15,0.8946875000000355,0.5459205729167189,1.2330781250000045
informed,60,mid,2.2,0.899895833333369,0.551984375000024,1.2446888020833395
informed,60,mid,2.25,0.9196875000000356,0.574459635416764,1.2590455729166699
informed,60,mid,2.3000000000000003,0.9821875000000359,0.6468190104167287,1.3083203125000735
informed,60,mid,2.35,0.9738541666667023,0.6161380208334742,1.3428346354167038
informed,60,mid,2.4000000000000004,0.9311458333333689,0.565160156250057,1.3125260416667393
informed,60,mid,2.45,0.8509375000000358,0.4820507812500469,1.2200703124999235
informed,60,mid,2.5,0.8946875000000358,0.5292486979167237,1.248872395833284
informed,60,mid,2.5500000000000003,0.8644791666667024,0.4707330729167236,1.2125937500000235
informed,60,mid,2.6,0.8509375000000357,0.4960559895833782,1.1896848958333568
informed,60,mid,2.6500000000000004,0.7915625000000358,0.39712760416671333,1.1589088541666999
informed,60,mid,2.7,0.7884375000000358,0.4310403645833868,1.1329192708334477
informed,60,mid,2.75,0.7446875000000356,0.3850846354166895,1.1366354166667025
informed,60,mid,2.8000000000000003,0.7426041666667023,0.4169166666667226,1.0911757812500336
informed,60,mid,2.85,0.6884375000000357,0.3336861979167296,1.0414440104167006
informed,60,mid,2.9000000000000004,0.7269791666667021,0.35748177083339616,1.1265078125000128
informed,60,mid,2.95,0.7019791666667022,0.3354440104167044,1.0835000000000123
informed,60,mid,3.0,0.6613541666667021,0.2960091145833912,1.0077044270833482
informed,60,mid,3.0500000000000003,0.678020833333369,0.32287109375009754,1.0270533854167394
informed,60,mid,3.1,0.6623958333333689,0.31539453125006073,1.0225468750000328
informed,60,mid,3.1500000000000004,0.6644791666667021,0.3187721354167236,1.0170585937500063
informed,60,mid,3.2,0.7071875000000358,0.3753906250000549,1.070914062500053
informed,60,mid,3.25,0.6728125000000355,0.3432408854166662,1.032404947916716
informed,60,mid,3.3000000000000003,0.6509375000000356,0.2898007812500009,1.0203880208333462
informed,60,mid,3.35,0.5863541666667024,0.22945833333339397,0.98462109375005
informed,60,mid,3.4000000000000004,0.5821875000000356,0.21286458333337333,0.9580598958333294
informed,60,mid,3.45,0.5384375000000355,0.22398697916673055,0.9045598958333836
informed,60,mid,3.5,0.5196875000000357,0.18268229166670666,0.8995364583333357
informed,60,mid,3.5500000000000003,0.5103125000000358,0.16631380208335617,0.8522434895833513
informed,60,mid,3.6,0.5342708333333689,0.21719401041664987,0.884468750000008
informed,60,mid,3.6500000000000004,0.4832291666667022,0.15410416666676274,0.8225651041666772
informed,60,mid,3.7,0.5342708333333691,0.19741927083333513,0.8645624999999241
informed,60,mid,3.75,0.49468750000003575,0.1877721354167057,0.8055872395833443
informed,60,mid,3.8000000000000003,0.46135416666670226,0.17677604166668984,0.7721080729166977
informed,60,mid,3.85,0.41656250000003575,0.09233463541671026,0.7387617187500612
informed,60,mid,3.9000000000000004,0.4415625000000356,0.1506328124999825,0.7461536458333665
informed,60,mid,3.95,0.456145833333369,0.16939583333337865,0.7673515625000104
informed,60,mid,4.0,0.46447916666670214,0.14656250000002544,0.7780755208333864
informed,60,mid,4.05,0.5030208333333689,0.20213151041672364,0.7870781250000513
informed,60,mid,4.1000000000000005,0.5384375000000355,0.24816536458338997,0.8547539062499968
informed,60,mid,4.15,0.49468750000003564,0.11501041666666523,0.849134114583337
informed,60,mid,4.2,0.5155208333333691,0.14887239583334705,0.909180989583338
informed,60,mid,4.25,0.5717708333333689,0.2132395833333172,0.9400625000000722
informed,60,mid,4.3,0.5530208333333689,0.1925260416667608,0.9171653645833191
informed,60,mid,4.3500000000000005,0.5978125000000357,0.2654166666667263,0.9572578125000074
informed,60,mid,4.4,0.5373958333333689,0.15561067708335627,0.9372916666665937
informed,60,mid,4.45,0.5290625000000356,0.169065104166707,0.9120416666666344
informed,60,mid,4.5,0.5488541666667022,0.18297656250006,0.9102955729166524
informed,60,mid,4.55,0.5363541666667021,0.16986197916672852,0.9123541666666698
informed,60,mid,4.6000000000000005,0.5009375000000355,0.12712760416673688,0.8866835937500023
informed,60,mid,4.65,0.5311458333333688,0.17477994791671994,0.8897760416666693
informed,60,mid,4.7,0.4978125000000356,0.11100000000008883,0.8627122395832564
informed,60,mid,4.75,0.4905208333333689,0.13018489583339768,0.847856770833407
informed,60,mid,4.800000000000001,0.4301041666667024,0.054713541666682075,0.8089205729167003
informed,60,mid,4.8500000000000005,0.4301041666667023,0.016191406250099055,0.8380794270833011
informed,60,mid,4.9,0.328020833333369,-0.1352695312499113,0.747399739583355
informed,60,mid,4.95,0.2509375000000357,-0.20237499999994313,0.6799544270833381
informed,60,mid,5.0,0.24156250000003554,-0.1706184895832754,0.6760351562500526
informed,60,mid,5.050000000000001,0.2426041666667023,-0.16948567708323212,0.6600338541666683
informed,60,mid,5.1000000000000005,0.2801041666667023,-0.13342708333327602,0.6855572916665924
informed,60,mid,5.15,0.2884375000000356,-0.13852604166652455,0.7782005208334064
informed,60,mid,5.2,0.2509375000000355,-0.20216406249993615,0.7092747395833465
informed,60,mid,5.25,0.22593750000003573,-0.22101041666663038,0.66391015625001
informed,60,mid,5.300000000000001,0.2915625000000356,-0.14577864583323133,0.7174960937499205
informed,60,mid,5.3500000000000005,0.259270833333369,-0.16921354166666758,0.6794309895833434
informed,60,mid,5.4,0.3051041666667023,-0.12731119791664394,0.750238281249923
informed,60,mid,5.45,0.31968750000003554,-0.10324609374998477,0.7366835937499236
informed,60,mid,5.5,0.3686458333333691,-0.013412760416690367,0.808988281249996
informed,60,mid,5.550000000000001,0.33322916666670227,-0.12944661458335097,0.7813723958333639
informed,60,mid,5.6000000000000005,0.41760416666670225,-0.04520312499997761,0.908398437500012
informed,60,mid,5.65,0.381145833333369,-0.04901692708323417,0.8516132812499864
informed,60,mid,5.7,0.36656250000003565,-0.04160546874990362,0.8301341145833389
informed,60,mid,5.75,0.36447916666670227,-0.05558854166668266,0.8246054687500118
informed,60,mid,5.800000000000001,0.3665625000000355,-0.0849153645831931,0.8197122395833354
informed,60,mid,5.8500000000000005,0.3665625000000356,-0.10234244791663215,0.8170690104166529
informed,60,mid,5.9,0.349895833333369,-0.09848958333333244,0.8079596354166612
informed,60,mid,5.95,0.3790625000000358,-0.05406901041669262,0.8129596354167343
informed,60,mid,6.0,0.3998958333333689,-0.02169140624989667,0.8154882812499749
informed,60,mid,6.050000000000001,0.38843750000003574,-0.017079427083294192,0.776778645833328
informed,60,mid,6.1000000000000005,0.42802083333336904,0.045645833333385386,0.788141927083364
informed,60,mid,6.15,0.3551041666667023,-0.026611979166684067,0.7411848958333611
informed,60,mid,6.2,0.3426041666667023,-0.05427213541665304,0.7054674479166994
informed,60,mid,6.25,0.34989583333336904,-0.0108723958333525,0.7143971354166405
informed,60,mid,6.300000000000001,0.3811458333333689,0.01232291666668002,0.7269752604166403
informed,60,mid,6.3500000000000005,0.4603125000000357,0.06229557291667443,0.8272317708333079
informed,60,mid,6.4,0.393645833333369,-0.07630338541661605,0.8242291666667108
informed,60,mid,6.45,0.4519791666667022,0.029908854166662547,0.8670924479166936
informed,60,mid,6.5,0.44052083333336883,0.045523437499982666,0.8198919270834043
informed,60,mid,6.550000000000001,0.3592708333333689,-0.059457031250013774,0.7482291666666774
informed,60,mid,6.6000000000000005,0.27385416666670226,-0.08888020833329988,0.6804739583333642
informed,60,mid,6.65,0.2728125000000356,-0.12678515624995168,0.6759114583333291
informed,60,mid,6.7,0.26135416666670214,-0.10409895833331746,0.6361315104167143
informed,60,mid,6.75,0.30822916666670225,-0.07537630208335135,0.672596354166683
informed,60,mid,6.800000000000001,0.3019791666667023,-0.058894531249948964,0.669799479166738
informed,60,mid,6.8500000000000005,0.27072916666670227,-0.08752473958334675,0.6080429687500111
informed,60,mid,6.9,0.2676041666667024,-0.10808463541664413,0.6345885416666999
informed,60,mid,6.95,0.22072916666670228,-0.19710546875000012,0.5557044270833507
informed,60,mid,7.0,0.21135416666670237,-0.2102369791666519,0.5725442708334016
informed,60,mid,7.050000000000001,0.1915625000000356,-0.20344140625001833,0.5979921875000929
informed,60,mid,7.1000000000000005,0.21968750000003565,-0.18870182291663548,0.6408606770833071
informed,60,mid,7.15,0.2165625000000356,-0.20269531249999623,0.6417864583334032
informed,60,mid,7.2,0.19260416666670221,-0.22973958333333244,0.5926718750000332
informed,60,mid,7.25,0.19781250000003567,-0.2605169270833235,0.6449518229166749
informed,60,mid,7.300000000000001,0.2290625000000356,-0.20383854166661328,0.6798151041666786
informed,60,mid,7.3500000000000005,0.1967708333333689,-0.22145833333332884,0.6379023437500836
informed,60,mid,7.4,0.18322916666670222,-0.2409479166665733,0.5993372395833204
informed,60,mid,7.45,0.16864583333336905,-0.24072135416657106,0.5601588541666787
informed,60,mid,7.5,0.19572916666670226,-0.20683203124987196,0.5930338541666511
informed,60,mid,7.550000000000001,0.259270833333369,-0.14750260416659827,0.6629973958334164
informed,60,mid,7.6000000000000005,0.1467708333333689,-0.24256510416661906,0.5231119791666401
informed,60,mid,7.65,0.11656250000003572,-0.29618489583335134,0.4728528645833382
informed,60,mid,7.7,0.1613541666667023,-0.21888411458330598,0.5883385416666387
informed,60,mid,7.75,0.21031250000003576,-0.19867968749993203,0.649045572916641
informed,60,mid,7.800000000000001,0.2748958333333689,-0.12681250000006059,0.7000065104167406
informed,60,mid,7.8500000000000005,0.31552083333336894,-0.11767838541664354,0.7416367187500543
informed,60,mid,7.9,0.2988541666667023,-0.15967838541668383,0.7549348958334204
informed,60,mid,7.95,0.24260416666670234,-0.21457942708328276,0.7389023437500147
informed,60,mid,8.0,0.23010416666670228,-0.21324869791661766,0.6959596354166816
informed,60,mid,8.05,0.2634375000000356,-0.1567565104166324,0.690088541666685
informed,60,mid,8.1,0.199895833333369,-0.2175690104165838,0.6367825520833519
informed,60,mid,8.15,0.17906250000003557,-0.1984466145832329,0.5706106770833516
informed,60,mid,8.200000000000001,0.13635416666670228,-0.2221940104165718,0.5359427083333674
informed,60,mid,8.25,0.08635416666670225,-0.2635039062499429,0.4706809895833111
informed,60,mid,8.3,0.109270833333369,-0.20212499999996536,0.46637890625003053
informed,60,mid,8.35,0.10510416666670234,-0.2370703124999661,0.4582578124999952
informed,60,mid,8.4,0.07802083333336894,-0.27188541666657323,0.41720572916667975
informed,60,mid,8.450000000000001,0.011354166666702359,-0.3365937499999483,0.37780338541665287
informed,60,mid,8.5,0.01343750000003563,-0.3171184895832909,0.37489322916664103
informed,60,mid,8.55,0.05302083333336891,-0.3016992187499186,0.44480859374992743
informed,60,mid,8.6,0.013437500000035565,-0.3579179687499643,0.37883984374998575
informed,60,mid,8.65,0.09781250000003561,-0.2615364583333036,0.4442890625000203
informed,60,mid,8.700000000000001,0.14989583333336903,-0.23336328124997177,0.5272747395833384
informed,60,mid,8.75,0.21447916666670228,-0.12396093749998674,0.5675846354166701
informed,60,mid,8.8,0.1926041666667023,-0.15591666666661932,0.5458463541666703
informed,60,mid,8.85,0.21656250000003566,-0.11616927083327866,0.5729244791667538
informed,60,mid,8.9,0.228020833333369,-0.10149609375005819,0.5709218750000858
informed,60,mid,8.950000000000001,0.20927083333336896,-0.15811197916661918,0.5765781250000406
informed,60,mid,9.0,0.17177083333336893,-0.20095182291657276,0.5614231770833358
informed,60,mid,9.05,0.1759375000000356,-0.21385807291661993,0.54043229166667
informed,60,mid,9.1,0.15510416666670235,-0.2191627604166041,0.5199739583334062
informed,60,mid,9.15,0.17177083333336896,-0.18397395833329308,0.5342148437500032
informed,60,mid,9.200000000000001,0.13531250000003564,-0.2287434895833187,0.49026432291667926
informed,60,mid,9.25,0.2207291666667023,-0.12325911458333387,0.5716158854166408
informed,60,mid,9.3,0.1853125000000356,-0.17569270833333087,0.5372526041666403
informed,60,mid,9.35,0.2134375000000356,-0.114640624999951,0.5385677083333621
informed,60,mid,9.4,0.21656250000003563,-0.14621614583335088,0.596632812500031
informed,60,mid,9.450000000000001,0.27802083333336897,-0.10051041666666802,0.6419856770833366
informed,60,mid,9.5,0.2946875000000356,-0.07322526041668648,0.646929687500003
informed,60,mid,9.55,0.28635416666670227,-0.08251822916668676,0.6319505208333069
informed,60,mid,9.600000000000001,0.23531250000003567,-0.12467838541653994,0.5582812500000398
informed,60,mid,9.65,0.20927083333336893,-0.1481458333333086,0.5543750000000396
informed,60,mid,9.700000000000001,0.13218750000003565,-0.22769531249987435,0.4737122395833366
informed,60,mid,9.75,-0.00010416666663105405,-0.3714374999999245,0.34693880208334604
informed,60,mid,9.8,0.029062500000035626,-0.36468359374999015,0.39806510416668545
informed,60,mid,9.850000000000001,-0.015729166666631045,-0.3955026041665864,0.3220390624999254
informed,60,mid,9.9,0.02385416666670227,-0.3813359374998964,0.37900000000007333
informed,60,mid,9.950000000000001,0.07177083333336891,-0.3760403645832833,0.40575911458342395
informed,60,mid,10.0,0.08739583333336896,-0.3640950520832543,0.4218124999999915
informed,60,spread,0.05,0.9049679502305824,0.7849483108105004,1.026422222556903
informed,60,spread,0.1,0.74346367705575,0.5797746152533998,0.8960161336612021
informed,60,spread,0.15000000000000002,0.5868626229246222,0.49767467862958675,0.6768392624282353
informed,60,spread,0.2,0.4757756061043655,0.38037078232721505,0.5752722475237928
informed,60,spread,0.25,0.4058522178488591,0.3214972177597931,0.49181725600706144
informed,60,spread,0.30000000000000004,0.2802275101926391,0.2063786928149169,0.36467217728076273
informed,60,spread,0.35000000000000003,0.3055509246758161,0.24052784164962593,0.37724414958771907
informed,60,spread,0.4,0.2913690797861129,0.23145120369766656,0.34522997500919644
informed,60,spread,0.45,0.23975379164274416,0.17061398856028231,0.31306162392965087
informed,60,spread,0.5,0.23294857098385305,0.14629092934800375,0.3261211267054569
informed,60,spread,0.55,0.24914184706753437,0.16512907482168898,0.34804004002739936
informed,60,spread,0.6000000000000001,0.19595504691784804,0.10872082171032353,0.2901345981351301
informed,60,spread,0.65,0.1291652989695157,0.05029445638835652,0.21620507288285237
informed,60,spread,0.7000000000000001,0.06720466692006583,-0.008010114687354403,0.14573926076800037
informed,60,spread,0.75,0.026075803206624896,-0.046819471624533066,0.10251332432346272
informed,60,spread,0.8,0.059136223555847474,-0.01902887456792719,0.13493885032860833
informed,60,spread,0.8500000000000001,0.04826205540725253,-0.01619449177674359,0.10862080872084325
informed,60,spread,0.9,0.07906399018025143,0.02178022247962557,0.13044098157153064
informed,60,spread,0.9500000000000001,0.04900279706399155,-0.030677927750145103,0.11955867505654079
informed,60,spread,1.0,0.05352065977683082,-0.01515432896078359,0.11945149475846088
informed,60,spread,1.05,0.06780717100327484,-0.001610619496181168,0.1489888634660381
informed,60,spread,1.1,0.007666237555240989,-0.06502399295828509,0.08851990625845148
informed,60,spread,1.1500000000000001,0.10170763129688622,0.017216216150462104,0.17758179484476766
informed,60,spread,1.2000000000000002,0.07632624401402456,0.015701999703803773,0.14041874122466308
informed,60,spread,1.25,0.06997668153439772,0.004016002644570197,0.13786436414226297
informed,60,spread,1.3,0.05521591288609317,-0.03168950613827591,0.1566136806185626
informed,60,spread,1.35,0.07949311634746037,0.031070342719168927,0.13402550856272655
informed,60,spread,1.4000000000000001,0.0681621271789448,0.0008148828852301401,0.14115672686088124
informed,60,spread,1.4500000000000002,0.06742727060700388,-0.021216597160380195,0.15691997335321323
informed,60,spread,1.5,-0.0010456538599232696,-0.07823927451152127,0.07453700896748411
informed,60,spread,1.55,0.03485966842964756,-0.04861831184100389,0.11256272997491765
informed,60,spread,1.6,-0.04681394240584171,-0.13904157064799813,0.042522664974398355
informed,60,spread,1.6500000000000001,-0.03126874923907659,-0.09799044656691548,0.03257984395313566
informed,60,spread,1.7000000000000002,0.0304546442590715,-0.06035977411777344,0.1177031492498659
informed,60,spread,1.75,0.06070207067322381,0.0027617884649726193,0.11449713350217976
informed,60,spread,1.8,0.101627004599368,0.015894551698422483,0.18788989164836137
informed,60,spread,1.85,0.03544826186553933,-0.0485151006671984,0.10894975326743336
informed,60,spread,1.9000000000000001,0.028191991035733787,-0.05547747461177772,0.11811094612109413
informed,60,spread,1.9500000000000002,0.034955271727787916,-0.07691510254004957,0.13403421918828654
informed,60,spread,2.0,0.06389721533059417,-0.02787695589451526,0.15914872809778052
informed,60,spread,2.0500000000000003,0.06880323651643937,-0.021423468170942407,0.173307014572074
informed,60,spread,2.1,0.0907954872685881,0.000882761265527584,0.1927753602210668
informed,60,spread,2.15,0.11627767733624954,0.02948634494777516,0.19845920161517414
informed,60,spread,2.2,0.09117361405640023,-0.003665549657617345,0.17410009526537001
informed,60,spread,2.25,0.15365634394326258,0.06605174095891568,0.26273453534785535
informed,60,spread,2.3000000000000003,0.11673785326285858,0.012023050428462106,0.21375414560489503
informed,60,spread,2.35,0.12119454457145325,0.005780156909457475,0.25393813686915434
informed,60,spread,2.4000000000000004,0.097931334965629,0.015448520987286867,0.18628723691873209
informed,60,spread,2.45,0.02364731877911826,-0.03332597471094957,0.09286765823971166
informed,60,spread,2.5,0.03165675567047122,-0.04198668057920484,0.11896365228181614
informed,60,spread,2.5500000000000003,-0.014028970299697371,-0.08862972575600275,0.05497250231197469
informed,60,spread,2.6,0.04460075785626944,-0.03611568769832352,0.123851040421728
informed,60,spread,2.6500000000000004,0.05022942321894267,-0.05210525888002949,0.14751880685273097
informed,60,spread,2.7,0.06639935524862302,-0.03186801957162153,0.17379583166718562
informed,60,spread,2.75,0.09384808485959485,-0.00877048751673431,0.1923498021091852
informed,60,spread,2.8000000000000003,-0.009343471152467635,-0.07682508933064296,0.07194326905356417
informed,60,spread,2.85,0.021579159234617274,-0.03962296993647421,0.08369114167962122
informed,60,spread,2.9000000000000004,-0.04264785234169063,-0.12249564945966956,0.03524887210064962
informed,60,spread,2.95,0.0025020436028613813,-0.09184178335128391,0.08521694453337852
informed,60,spread,3.0,0.0031712451918965248,-0.0771989834553675,0.07452765539366527
informed,60,spread,3.0500000000000003,0.04653379464207793,-0.022370233885605887,0.12128831541933512
informed,60,spread,3.1,0.02760867485689325,-0.030341916977145014,0.09605069086480755
informed,60,spread,3.1500000000000004,-0.010412267674265856,-0.06532038920046139,0.0441049051949807
informed,60,spread,3.2,0.07058354631086677,-0.015231323342042156,0.16387816139468253
informed,60,spread,3.25,0.05952429010884599,-0.024124968640578767,0.14575695093427565
informed,60,spread,3.3000000000000003,0.08408907778649387,0.011457307714564229,0.1555786009469237
informed,60,spread,3.35,0.06890272189943779,-0.0005934038511434266,0.15188706029104845
informed,60,spread,3.4000000000000004,0.07793450565933754,0.008556068379590828,0.15359856493693702
informed,60,spread,3.45,0.0644672724481468,-0.0416971725833169,0.17012034990053373
informed,60,spread,3.5,0.06110079736366402,-0.03363687963726474,0.14384625365818532
informed,60,spread,3.5500000000000003,0.026156293104583197,-0.053342068158104355,0.09032143883835218
informed,60,spread,3.6,0.109449786722013,0.027331445601766757,0.17983893309446508
informed,60,spread,3.6500000000000004,0.040438693022713024,-0.05466895418762938,0.14259303152530473
informed,60,spread,3.7,0.10382861167122814,0.009350772430251007,0.20261148619760166
informed,60,spread,3.75,0.06749564648753875,-0.024286479009408776,0.14506302290671094
informed,60,spread,3.8000000000000003,0.05480848148235978,-0.052393095690964585,0.15014278373125647
informed,60,spread,3.85,0.04488039043394073,-0.058329152701295114,0.1419585535150418
informed,60,spread,3.9000000000000004,0.0034756139916303614,-0.0791100842208337,0.09397289562251311
informed,60,spread,3.95,0.009058980512965241,-0.04720561234721617,0.06844024033211059
informed,60,spread,4.0,0.044504517527462976,-0.013337247616214321,0.10397399129434759
informed,60,spread,4.05,0.02086878555238166,-0.05287644451181482,0.1061950406755615
informed,60,spread,4.1000000000000005,0.015209080518414688,-0.0797412816293718,0.1308834456387758
informed,60,spread,4.15,0.06317665954835995,-0.02726969826675979,0.1688806601779435
informed,60,spread,4.2,0.0003738630572267127,-0.06592095199850774,0.06267407709683631
informed,60,spread,4.25,0.03959136004976257,-0.09789555500111607,0.16139482061835214
informed,60,spread,4.3,-0.01408201702750911,-0.13928093265472846,0.12835676424479506
informed,60,spread,4.3500000000000005,-0.03768330789089231,-0.09702305954819704,0.022440409944385203
informed,60,spread,4.4,0.03626822748484907,-0.05138697782964135,0.12663150559373162
informed,60,spread,4.45,0.020833853737325086,-0.045465665453907164,0.08927499902808689
informed,60,spread,4.5,0.022604399055704407,-0.042308613702789516,0.08576600908360595
informed,60,spread,4.55,-0.031188269281459933,-0.1144759539112826,0.040652015096632015
informed,60,spread,4.6000000000000005,-0.03291762790755418,-0.09878336941988138,0.04106185981643521
informed,60,spread,4.65,-0.029739799512726747,-0.10077821503909618,0.03997294324258232
informed,60,spread,4.7,-0.01956113816418056,-0.0910688911037392,0.06299834257721922
informed,60,spread,4.75,0.03630738182279055,-0.03455092660120387,0.10978311905543608
informed,60,spread,4.800000000000001,-0.04135647345057384,-0.1331198149307087,0.043507526151654576
informed,60,spread,4.8500000000000005,0.015543237312095603,-0.06733142853177983,0.10047737017244243
informed,60,spread,4.9,-0.003924775631769972,-0.11538396854279236,0.10349786798743611
informed,60,spread,4.95,0.006887772986189529,-0.08989215114812528,0.10694988407962736
informed,60,spread,5.0,0.054272407176223704,-0.049750523313043145,0.16877409669263946
informed,60,spread,5.050000000000001,0.024140367880152464,-0.04903547593002629,0.09398918649767501
informed,60,spread,5.1000000000000005,0.010244419752270455,-0.04875934205034577,0.06968154171173312
informed,60,spread,5.15,0.028868877384999065,-0.035387035647839606,0.10547169394081507
informed,60,spread,5.2,-0.02387947625146099,-0.08196926368341101,0.04028643490520893
informed,60,spread,5.25,0.022709849681134573,-0.04840725068401594,0.09001486332883579
informed,60,spread,5.300000000000001,0.012574198819438802,-0.06560100383273593,0.09160699666546775
informed,60,spread,5.3500000000000005,0.009294912686000802,-0.07847336513386878,0.09957882702215912
informed,60,spread,5.4,0.0013191235792951426,-0.06898866648862417,0.08081067350585322
informed,60,spread,5.45,-0.008634754323970211,-0.08144654572473987,0.06757417331365492
informed,60,spread,5.5,0.08855282880979977,-0.03032025259970495,0.2163651891826972
informed,60,spread,5.550000000000001,0.06088217053970387,-0.09089003480776557,0.17645938577120296
informed,60,spread,5.6000000000000005,-0.005340980248363471,-0.08839149174545254,0.06896537112391944
informed,60,spread,5.65,-0.04093373401125369,-0.12040643307859993,0.03829388362939616
informed,60,spread,5.7,-0.05011993749782425,-0.14274939371269435,0.05395390434788685
informed,60,spread,5.75,-0.02912881652244062,-0.09487438206546632,0.042601078345324776
informed,60,spread,5.800000000000001,-0.052763653708421225,-0.13850140384517903,0.03133381432722753
informed,60,spread,5.8500000000000005,0.006577854342404586,-0.07368880760833174,0.0844410672702079
informed,60,spread,5.9,-0.03575069716203494,-0.1286315776322545,0.05096493504535502
informed,60,spread,5.95,-0.025175546367041935,-0.10398374053626472,0.04139575562619012
informed,60,spread,6.0,-0.024471051112889265,-0.08593218313111824,0.041343077098487585
informed,60,spread,6.050000000000001,-0.07657219259131813,-0.1423745451368214,-0.016543394560221945
informed,60,spread,6.1000000000000005,-0.03545189614248959,-0.09064931033999987,0.022209800500102836
informed,60,spread,6.15,0.02176940093445279,-0.0711590622120123,0.12727144979327193
informed,60,spread,6.2,-0.024335273989213323,-0.09966394586680455,0.045369804571205485
informed,60,spread,6.25,-0.05363440141937422,-0.12211784090707653,0.010791468779377682
informed,60,spread,6.300000000000001,-0.01696398713939504,-0.12473785007861653,0.09681372549919029
informed,60,spread,6.3500000000000005,-0.027058163444751825,-0.10281576003864955,0.06116784565650842
informed,60,spread,6.4,-0.04332185094008495,-0.10495371593823838,0.01411577739922282
informed,60,spread,6.45,-0.05499121415485567,-0.13339336868610563,0.023197326116663704
informed,60,spread,6.5,-0.010985130250208655,-0.0770450969976737,0.06209779200547468
informed,60,spread,6.550000000000001,-0.0249027538643463,-0.08649066993073419,0.05122290974147597
informed,60,spread,6.6000000000000005,-0.037598613005112934,-0.13578273219909628,0.05637080609342997
informed,60,spread,6.65,0.04476066047870578,-0.025716558480658302,0.11421028158482657
informed,60,spread,6.7,0.022162166545049156,-0.056704552021425075,0.10063224015576329
informed,60,spread,6.75,-0.009136342818817384,-0.0710934288843697,0.06779365412521007
informed,60,spread,6.800000000000001,0.015443057072965302,-0.05474244044633949,0.09464711351683884
informed,60,spread,6.8500000000000005,0.0016024987081932698,-0.059062520393192826,0.06437153081369751
informed,60,spread,6.9,-0.009304538497506657,-0.10884839212756756,0.08259972388900134
informed,60,spread,6.95,-0.014863670189600582,-0.08824876789421494,0.05436448524273452
informed,60,spread,7.0,-0.014909953096775468,-0.09518495830432788,0.060635746091967174
informed,60,spread,7.050000000000001,-0.04297346669726653,-0.09315436816960722,0.015847195824182012
informed,60,spread,7.1000000000000005,-0.030015655720152034,-0.09642856793970656,0.03435927808933822
informed,60,spread,7.15,0.002574802062830499,-0.07514515743189684,0.0847548589976899
informed,60,spread,7.2,0.028899812709563804,-0.06415985248467679,0.1444585389222092
informed,60,spread,7.25,0.01872879911674631,-0.06198502972596339,0.10338047170221705
informed,60,spread,7.300000000000001,-0.012748491023986286,-0.07057426288447835,0.05238162248728913
informed,60,spread,7.3500000000000005,-0.010171421031358967,-0.0849059345683561,0.05802322746510094
informed,60,spread,7.4,0.0015180954747498986,-0.07026377934677927,0.07052310297680763
informed,60,spread,7.45,0.03718558362142508,-0.03292963817649233,0.12807205131834942
informed,60,spread,7.5,0.06310140476342663,-0.035939905075013906,0.16519338788992707
informed,60,spread,7.550000000000001,0.015765319832028144,-0.09356843576387601,0.13044227601878958
informed,60,spread,7.6000000000000005,0.07891190818448715,-0.03460787546575643,0.20142441494611907
informed,60,spread,7.65,0.06400906907528918,-0.020936836377104227,0.1697783874957673
informed,60,spread,7.7,0.0009961134205627973,-0.09198346952312822,0.10104571393843927
informed,60,spread,7.75,0.024789852516387295,-0.05387752078059883,0.11177814265660048
informed,60,spread,7.800000000000001,0.04767489691211304,-0.025751478987693387,0.1261161589153577
informed,60,spread,7.8500000000000005,-0.04304553856929575,-0.11687858834497791,0.0386782143123547
informed,60,spread,7.9,-0.012499969800686829,-0.0896614845962724,0.06351813826134194
informed,60,spread,7.95,-0.0644734576030077,-0.14823946029988025,0.015885734397431836
informed,60,spread,8.0,-0.02487058559869734,-0.12487677790260976,0.06811103145559054
informed,60,spread,8.05,-0.02721284393229817,-0.11527452136806117,0.0532692105411859
informed,60,spread,8.1,0.0005372400736725092,-0.10655592273614002,0.0892562851328885
informed,60,spread,8.15,0.03605134708161359,-0.05949788164004493,0.11675307230947952
informed,60,spread,8.200000000000001,-0.02333638997702116,-0.12196778874554196,0.06453451281709864
informed,60,spread,8.25,0.019430078903281855,-0.05123416378945661,0.08511455541571185
informed,60,spread,8.3,0.0023297214495379645,-0.06927601522688161,0.07180705427439155
informed,60,spread,8.35,-0.0025394563654220492,-0.08252908537406108,0.06246450580109869
informed,60,spread,8.4,0.007150100151475592,-0.07010098910797913,0.07463216441230529
informed,60,spread,8.450000000000001,0.028564753100661894,-0.03885510496235313,0.09714776812048727
informed,60,spread,8.5,0.03394843597834108,-0.03854533381605202,0.10721596748415718
informed,60,spread,8.55,0.02309066827858687,-0.06891035428885667,0.11324211552188995
informed,60,spread,8.6,0.024257118412577963,-0.04582649695569134,0.10896784794100992
informed,60,spread,8.65,-0.011367111853763394,-0.07467937000497354,0.05823487170741216
informed,60,spread,8.700000000000001,-0.040991222144973215,-0.11558292796137314,0.0353829883856213
informed,60,spread,8.75,0.030103643275106215,-0.02596866470643727,0.08840034671097909
informed,60,spread,8.8,0.0018331393332329897,-0.07844446967790904,0.0922776461391138
informed,60,spread,8.85,-0.08397585335781799,-0.1636344833400386,0.008679757450257742
informed,60,spread,8.9,-0.08349559713995096,-0.1712613632163987,0.010657442068691368
informed,60,spread,8.950000000000001,0.024248915553986634,-0.07109677942416266,0.11680916654037807
informed,60,spread,9.0,0.05120664538368655,-0.05185527838647544,0.13659639875871668
informed,60,spread,9.05,0.04934655138444646,-0.04011543363761251,0.14066254212814405
informed,60,spread,9.1,-0.028626457778917012,-0.17670433844184227,0.0822040620963451
informed,60,spread,9.15,-0.0474780543910879,-0.1252350273925454,0.023221380103513673
informed,60,spread,9.200000000000001,-0.06373006321546058,-0.15504883796292654,0.0023244426749127775
informed,60,spread,9.25,-0.021874319092008685,-0.09815185969308622,0.06167982518371767
informed,60,spread,9.3,-0.03235390893205501,-0.12211933001722093,0.050837241412053265
informed,60,spread,9.35,0.026702914252886636,-0.1014283132899899,0.17668303851652503
informed,60,spread,9.4,-0.0007227893076018887,-0.07817214639645008,0.06688422840265067
informed,60,spread,9.450000000000001,-0.005466140688881324,-0.06940768331044263,0.05946341117594378
informed,60,spread,9.5,-0.002398286165780737,-0.07925072801694522,0.07975098765681628
informed,60,spread,9.55,-0.03627080532753981,-0.10471912400805587,0.040637443689957184
informed,60,spread,9.600000000000001,0.001365469567292131,-0.06717508582046416,0.08201404214442438
informed,60,spread,9.65,0.018055518742402236,-0.08371004097984944,0.1244608422246772
informed,60,spread,9.700000000000001,-0.011975441816919036,-0.09671734464043982,0.06488304429121095
informed,60,spread,9.75,-0.02614820857265157,-0.11005242975194526,0.04562104507164485
informed,60,spread,9.8,-0.07177721498124835,-0.12908659405533915,-0.01626477071472009
informed,60,spread,9.850000000000001,-0.0811557687388225,-0.15026090347519294,-0.0023740088962506756
informed,60,spread,9.9,-0.07619075044370378,-0.13911403482922505,-0.011217269267157357
informed,60,spread,9.950000000000001,-0.038637655374394723,-0.13934510421609128,0.04407134670327712
informed,60,spread,10.0,-0.04655070491525815,-0.13358075057274682,0.043729499817696416
informed,60,depth,0.05,0.5590684669672196,0.5101930833818243,0.6002973719936312
informed,60,depth,0.1,0.5090439375173391,0.4681275887396586,0.5446598722632365
informed,60,depth,0.15000000000000002,0.45412059018125733,0.41750111074629576,0.4852751143912339
informed,60,depth,0.2,0.41879469377716205,0.3767827814431779,0.4562679579103346
informed,60,depth,0.25,0.37709191676366466,0.34044084741726105,0.40570396749149956
informed,60,depth,0.30000000000000004,0.3510226100203518,0.31140649971961426,0.3900138236959966
informed,60,depth,0.35000000000000003,0.34639400000583737,0.30518873307415273,0.39234490083966445
informed,60,depth,0.4,0.3212111195765164,0.28487337693072734,0.3605367128057076
informed,60,depth,0.45,0.28845263245675656,0.2513247349931813,0.32795880283466
informed,60,depth,0.5,0.26742689121276436,0.22938256296647605,0.31168582430347236
informed,60,depth,0.55,0.23807559357528593,0.20091589218866523,0.2776845086037713
informed,60,depth,0.6000000000000001,0.21209108077218572,0.1707549376891573,0.253242084455315
informed,60,depth,0.65,0.21356770247428677,0.1630998146194424,0.2691771803834791
informed,60,depth,0.7000000000000001,0.18694155982707628,0.14251034100623702,0.2375055292717134
informed,60,depth,0.75,0.18181517622723853,0.1411790447973105,0.22306176130117147
informed,60,depth,0.8,0.15873635229223262,0.11345820579905126,0.2063325338807763
informed,60,depth,0.8500000000000001,0.14311614584045967,0.10271771375395855,0.18268480474388082
informed,60,depth,0.9,0.1256851230347725,0.08541475919082551,0.16056590396983939
informed,60,depth,0.9500000000000001,0.1308162159154302,0.09167414233167649,0.16622846327970703
informed,60,depth,1.0,0.10971348472845388,0.07322359383282905,0.13965841313000155
informed,60,depth,1.05,0.1048127015525675,0.06905517284360459,0.13766132643330567
informed,60,depth,1.1,0.11078279046876789,0.07005704929209365,0.14725145295548275
informed,60,depth,1.1500000000000001,0.10672898276256754,0.06556046174476851,0.1462472400055585
informed,60,depth,1.2000000000000002,0.09948235229397218,0.06214888425980017,0.13420555563757908
informed,60,depth,1.25,0.09264498757016415,0.039174619096195504,0.13402248365651948
informed,60,depth,1.3,0.10798345445600728,0.0539263961526878,0.1485182601892961
informed,60,depth,1.35,0.11569972342328,0.07021782192442354,0.1553278905125338
informed,60,depth,1.4000000000000001,0.10339533614562191,0.05862960020103073,0.13777289823614713
informed,60,depth,1.4500000000000002,0.1026945951247533,0.059612068751488306,0.1381755139148929
informed,60,depth,1.5,0.11853827580770715,0.07288260838398908,0.1590380187222767
informed,60,depth,1.55,0.08620242269488926,0.04308429689087924,0.12400113421909943
informed,60,depth,1.6,0.08046973005713513,0.045134689687487344,0.11819652118433073
informed,60,depth,1.6500000000000001,0.0782923182248866,0.04612395913736578,0.1096179065733797
informed,60,depth,1.7000000000000002,0.09029834956814715,0.054485940514603516,0.12498645848147319
informed,60,depth,1.75,0.08411023727722743,0.04889891221771959,0.11544935004388662
informed,60,depth,1.8,0.0864209324268733,0.04732498880475042,0.12196768742658064
informed,60,depth,1.85,0.0777905061068221,0.03710992660300149,0.1108489650351563
informed,60,depth,1.9000000000000001,0.07311378625720377,0.03325362204009159,0.11340552199040319
informed,60,depth,1.9500000000000002,0.06679875965674545,0.0272815330182634,0.11201145725651324
informed,60,depth,2.0,0.05664871524774536,0.01620527310961345,0.09919966628723136
informed,60,depth,2.0500000000000003,0.06558463077170461,0.029276371057732963,0.10368592496857172
informed,60,depth,2.1,0.04676948260047081,0.01267368413771054,0.07555660828335403
informed,60,depth,2.15,0.05987873993796925,0.02495691463559885,0.09997615189107395
informed,60,depth,2.2,0.05727903698256911,0.024666424665146743,0.08911284044329769
informed,60,depth,2.25,0.06045764899187531,0.0236274195026015,0.09577896740289667
informed,60,depth,2.3000000000000003,0.052834168112853214,0.010952041227360348,0.09261283136716218
informed,60,depth,2.35,0.04863822621795976,0.009163924743065623,0.08355918301250403
informed,60,depth,2.4000000000000004,0.051773437517120595,0.015848680299289875,0.09194990737548063
informed,60,depth,2.45,0.050948623500047426,0.009830408629452772,0.09436648617691754
informed,60,depth,2.5,0.03719056353318164,-0.007138373469516819,0.08295209244926983
informed,60,depth,2.5500000000000003,0.02021248284172811,-0.03051485417969143,0.07457962703602748
informed,60,depth,2.6,0.00539311672602655,-0.0433687616490652,0.05743779556491245
informed,60,depth,2.6500000000000004,0.0034296569246138682,-0.05139710439839265,0.05790450351667991
informed,60,depth,2.7,0.019433233440881756,-0.03924707631190105,0.07845676594772577
informed,60,depth,2.75,0.025942936954753543,-0.019438935794904157,0.0745121201317387
informed,60,depth,2.8000000000000003,0.010675082178523379,-0.03268544550224924,0.05915627002727193
informed,60,depth,2.85,0.01353087595674042,-0.03279799796974495,0.07419634515466067
informed,60,depth,2.9000000000000004,0.015790487779022293,-0.025259869156142277,0.06213859263877832
informed,60,depth,2.95,0.009127499157330425,-0.04288935790010855,0.06232526991202204
informed,60,depth,3.0,0.02060577485397928,-0.030249509595309906,0.07069739953065597
informed,60,depth,3.0500000000000003,0.020931246393261663,-0.02840298308726405,0.0662848300445242
informed,60,depth,3.1,0.014964980948206785,-0.028563377787365462,0.05414749208967608
informed,60,depth,3.1500000000000004,0.03658501216435837,-0.010442233228845034,0.08029591953999353
informed,60,depth,3.2,0.008035513427594213,-0.04976607491375918,0.059779021725100884
informed,60,depth,3.25,0.0015771388907667241,-0.0512879191312166,0.04642731474411357
informed,60,depth,3.3000000000000003,-0.00629826132778825,-0.05360207909855237,0.0408052624822467
informed,60,depth,3.35,0.001530028124401685,-0.04828172840027337,0.0502762943428362
informed,60,depth,3.4000000000000004,0.011259499909844775,-0.039828721746595186,0.06596980588015226
informed,60,depth,3.45,0.0025785149375801048,-0.05177932054110357,0.06282747815747745
informed,60,depth,3.5,0.012730228263706322,-0.03815469399273136,0.07131653428518694
informed,60,depth,3.5500000000000003,0.026302097534317587,-0.02847784051600311,0.08992716420905839
informed,60,depth,3.6,0.02000260086538375,-0.03339318296428434,0.08918057038287228
informed,60,depth,3.6500000000000004,0.013737429426030998,-0.04782304158636425,0.07967012860863837
informed,60,depth,3.7,0.015176238807558163,-0.0369403211083201,0.07467338923297787
informed,60,depth,3.75,0.01578157966949324,-0.0326397135338036,0.0747135946630154
informed,60,depth,3.8000000000000003,0.017728231729344138,-0.030254700211473813,0.07680598513947441
informed,60,depth,3.85,0.01326583561712979,-0.040828710739198124,0.0784715242664107
informed,60,depth,3.9000000000000004,0.02969849787316382,-0.026649079785636937,0.09390521871334533
informed,60,depth,3.95,0.026173778878863258,-0.03537776198644089,0.08563631670249446
informed,60,depth,4.0,0.02166026039686274,-0.0371312753771274,0.07906586149285935
informed,60,depth,4.05,0.012439755650869628,-0.04386310869777086,0.07227316383390411
informed,60,depth,4.1000000000000005,-0.0035683484654712113,-0.05821410902635613,0.04812519539810192
informed,60,depth,4.15,-0.01661428737849299,-0.06950111275804835,0.03365635144018747
informed,60,depth,4.2,-0.01753997694191538,-0.0635908109784656,0.03282730603885497
informed,60,depth,4.25,-0.00684974569253182,-0.054644659782984634,0.042484423039258645
informed,60,depth,4.3,-0.0008826161969150628,-0.05512438358151982,0.06175975170341153
informed,60,depth,4.3500000000000005,-0.016353095232949852,-0.07693999420836556,0.04808575545242987
informed,60,depth,4.4,-0.020632635199005805,-0.08652041678605633,0.036582869138920955
informed,60,depth,4.45,-0.018584573150569928,-0.0657844797054085,0.02559298616170241
informed,60,depth,4.5,-0.009409775552681805,-0.064427077032676,0.04099833636588535
informed,60,depth,4.55,-0.005962517646497322,-0.057491761477516445,0.040943770072051786
informed,60,depth,4.6000000000000005,-0.013307821726963978,-0.06028483884659461,0.030283537522675093
informed,60,depth,4.65,-0.030665717228580733,-0.08486444981150033,0.016191631326802233
informed,60,depth,4.7,-0.011779162132993947,-0.0539463076060696,0.035503367732143964
informed,60,depth,4.75,-0.014711358316562019,-0.05680327172897649,0.02897326657788535
informed,60,depth,4.800000000000001,-0.00962520818269624,-0.06313504140572627,0.037471480538097644
informed,60,depth,4.8500000000000005,-0.0014525940908121555,-0.04560434403232178,0.03780121963523289
informed,60,depth,4.9,0.0014749965428765878,-0.03612732668127501,0.04330966369927433
informed,60,depth,4.95,0.0019144314913335733,-0.04390638644121837,0.0453954073864345
informed,60,depth,5.0,-0.001845946692445798,-0.042814926822671,0.037299247777707975
informed,60,depth,5.050000000000001,0.015773438938129918,-0.02276408839442362,0.05243841532611672
informed,60,depth,5.1000000000000005,0.0027789305187323507,-0.037852645196581304,0.04601193650448998
informed,60,depth,5.15,0.009305012626150874,-0.029608307955945618,0.04947378063848877
informed,60,depth,5.2,-0.0016557371237423573,-0.04645286650321468,0.03974859334298636
informed,60,depth,5.25,-0.005922357773314668,-0.045096189753358,0.03237850372131343
informed,60,depth,5.300000000000001,0.006487342844861763,-0.03162130912771526,0.049189203916023716
informed,60,depth,5.3500000000000005,-0.006440832328289348,-0.036289150541835624,0.027459365501314427
informed,60,depth,5.4,0.005092334477283177,-0.030869396516073632,0.04553499859760994
informed,60,depth,5.45,-0.007152372101583788,-0.04204784926114612,0.03145175384693519
informed,60,depth,5.5,-0.009933678869515768,-0.04849158412765843,0.025391327394088416
informed,60,depth,5.550000000000001,0.0076368682162905495,-0.04210061821535961,0.0483139159988207
informed,60,depth,5.6000000000000005,0.008184346490931239,-0.0405102176297865,0.05552982093586432
informed,60,depth,5.65,0.012919770604515017,-0.03615894818213659,0.06446146826409802
informed,60,depth,5.7,0.024049076601371868,-0.02103961091801263,0.06884348053059157
informed,60,depth,5.75,0.016543374477061733,-0.029495882459778362,0.06303357369994006
informed,60,depth,5.800000000000001,0.023792094129298547,-0.023490687589008553,0.06659070557848502
informed,60,depth,5.8500000000000005,-0.003991531323712271,-0.04858537846350597,0.040625837257625204
informed,60,depth,5.9,0.007800315171901089,-0.028937430013577143,0.05253179977297474
informed,60,depth,5.95,0.008522645239886875,-0.03844744327258204,0.05810440219782402
informed,60,depth,6.0,0.0006985259119406678,-0.045150141322158804,0.05123382870671622
informed,60,depth,6.050000000000001,0.009872411889108866,-0.04636007993249084,0.06182700414037287
informed,60,depth,6.1000000000000005,-0.009367712174782846,-0.06421317033694657,0.037944631745939955
informed,60,depth,6.15,0.03208774191401198,-0.01575955189867286,0.08020968252874257
informed,60,depth,6.2,0.022627655061522155,-0.020506335510846036,0.07064542313719469
informed,60,depth,6.25,-0.00038262660606544426,-0.040845570886995114,0.040770914533230944
informed,60,depth,6.300000000000001,0.00851403662439245,-0.029625096695986126,0.04647950698491072
informed,60,depth,6.3500000000000005,0.013455169424099188,-0.033127869738744535,0.05430719926300094
informed,60,depth,6.4,0.020552472660199897,-0.02939277726811793,0.06639376421927441
informed,60,depth,6.45,0.029515898125430113,-0.018885459140237194,0.08126239773683108
informed,60,depth,6.5,0.022575537178093824,-0.024991466486264484,0.0722567537016353
informed,60,depth,6.550000000000001,-0.006997818770686317,-0.05646639347583874,0.040745480340637096
informed,60,depth,6.6000000000000005,0.011178432320861291,-0.03658355849594106,0.06235226992404765
informed,60,depth,6.65,0.009515380035463419,-0.03599342861196365,0.054193986794023825
informed,60,depth,6.7,0.01355918606084378,-0.039773122832985355,0.0648944674920103
informed,60,depth,6.75,0.024506224406956035,-0.03206694226709954,0.08286076673699747
informed,60,depth,6.800000000000001,0.01714306039043578,-0.031592518442129014,0.0671230328212001
informed,60,depth,6.8500000000000005,0.01310486898763726,-0.03737908069219186,0.06209747701653423
informed,60,depth,6.9,0.021572488269018086,-0.025146916249580493,0.07069422237092242
informed,60,depth,6.95,0.004845120925814347,-0.044493818916896063,0.05236664700545168
informed,60,depth,7.0,0.012745350761508232,-0.041554031751438014,0.0659150791079376
informed,60,depth,7.050000000000001,0.026026937355858565,-0.03325173598004722,0.08258635948650371
informed,60,depth,7.1000000000000005,0.03511010455897194,-0.02157253437686399,0.08919557235585814
informed,60,depth,7.15,0.033878859984628425,-0.03323023894267777,0.09784746243284002
informed,60,depth,7.2,0.036205135115771066,-0.02665539805072669,0.09887710211725725
informed,60,depth,7.25,0.014938257247602676,-0.0435442442206123,0.06937731323707902
informed,60,depth,7.300000000000001,0.010840746670230153,-0.049175576992085364,0.06538587030543151
informed,60,depth,7.3500000000000005,0.014345042614386386,-0.03683127192149298,0.06355722708406032
informed,60,depth,7.4,0.005321935729207597,-0.04839289076354228,0.05913927879044711
informed,60,depth,7.45,0.008394606647002142,-0.040769747890558615,0.05919185237453647
informed,60,depth,7.5,0.006724817500523707,-0.037082668863105565,0.05883956752695111
informed,60,depth,7.550000000000001,0.005105288423365159,-0.03656078255617084,0.048116473524518
informed,60,depth,7.6000000000000005,0.004019771037817624,-0.045857550858351026,0.05178208715254876
informed,60,depth,7.65,0.009947129052749151,-0.04049397522965988,0.060277476279015314
informed,60,depth,7.7,-0.006229292822287191,-0.054067484727827554,0.04009272397505469
informed,60,depth,7.75,-0.01139227903771504,-0.060453021059044015,0.03735357048666051
informed,60,depth,7.800000000000001,0.0005864343144076113,-0.05577853239943758,0.059605583295510696
informed,60,depth,7.8500000000000005,-0.014357452155684463,-0.07267481104375277,0.04960441193012599
informed,60,depth,7.9,-0.021855044317111622,-0.08599275543755575,0.045323918636723276
informed,60,depth,7.95,-0.019918893285861498,-0.07819625198948095,0.03592897334796965
informed,60,depth,8.0,-0.034946789515223724,-0.08681009689146285,0.01734306163259513
informed,60,depth,8.05,-0.037204703806491504,-0.10122899689680748,0.0276726252653642
informed,60,depth,8.1,-0.044867678823921224,-0.10223913532669407,0.014131283692979736
informed,60,depth,8.15,-0.05314994854424684,-0.11869280974880912,0.019549897413184643
informed,60,depth,8.200000000000001,-0.055878441672183,-0.11970036166809005,0.014963439172988091
informed,60,depth,8.25,-0.036277882555213366,-0.09914204649588665,0.02627924953862829
informed,60,depth,8.3,-0.04814521683083103,-0.10453446951946227,0.011674246447513616
informed,60,depth,8.35,-0.02752669086863867,-0.0778794124235317,0.022203316284719582
informed,60,depth,8.4,-0.052551326495502364,-0.10409622129564317,-0.0011088199303874258
informed,60,depth,8.450000000000001,-0.037503863567890074,-0.07760541397306488,0.0013432515645752225
informed,60,depth,8.5,-0.025672539275004614,-0.06753732761957663,0.017953416529328064
informed,60,depth,8.55,-0.005214372770410962,-0.055162480798054504,0.045791584687005116
informed,60,depth,8.6,-0.009002480338086573,-0.05980789359999417,0.04880736530582701
informed,60,depth,8.65,-0.00249360099991887,-0.053236390108231585,0.04978908898383062
informed,60,depth,8.700000000000001,-0.01449680984058889,-0.06395955282176029,0.037686234553186454
informed,60,depth,8.75,-0.026360427387819945,-0.0738100710401817,0.02789470194350348
informed,60,depth,8.8,-0.019570490772270112,-0.06519071542226919,0.034318190597922946
informed,60,depth,8.85,-0.008634959773320643,-0.047918615197031444,0.0396436737306317
informed,60,depth,8.9,-0.02298659978925714,-0.062291298343080545,0.02549592241984905
informed,60,depth,8.950000000000001,-0.035855967665598266,-0.07843498024317982,0.005729769333875912
informed,60,depth,9.0,-0.03796422352029751,-0.07809451027364674,0.011521836959620509
informed,60,depth,9.05,-0.02821825269041005,-0.06638089969879969,0.01567376799622639
informed,60,depth,9.1,-0.019906885059230345,-0.05946811827128436,0.016239532594313558
informed,60,depth,9.15,-0.01101798769889909,-0.048674805447109774,0.027190801800293568
informed,60,depth,9.200000000000001,-0.005103123311853538,-0.040626895087855996,0.03169429684598842
informed,60,depth,9.25,-0.011260704854606543,-0.0528438600478178,0.029525483851777275
informed,60,depth,9.3,-0.0026182663794564933,-0.03758645825392043,0.036822819906637175
informed,60,depth,9.35,-0.013219931623058583,-0.049947029264937805,0.02948825147685171
informed,60,depth,9.4,-0.0187606376251504,-0.06155980167803268,0.0246511847743623
informed,60,depth,9.450000000000001,-0.01082863022491626,-0.05434958809369303,0.03550062932337154
informed,60,depth,9.5,-0.005713558489384175,-0.04566090083008398,0.03715021187684039
informed,60,depth,9.55,-0.008039122174754358,-0.05556521083500003,0.0349692737233071
informed,60,depth,9.600000000000001,-0.042435402133914855,-0.08725830289163163,-0.0012527689372347774
informed,60,depth,9.65,-0.01918772179228316,-0.055654181489873875,0.016509490741718688
informed,60,depth,9.700000000000001,-0.009500617105207824,-0.049233817008713265,0.030358736436123634
informed,60,depth,9.75,-0.011194988159692549,-0.0496816710228204,0.025937176277493625
informed,60,depth,9.8,-0.011465663699569141,-0.04160431530222427,0.016439384962873973
informed,60,depth,9.850000000000001,-0.015291382630323827,-0.05636591269601918,0.0213005885134032
informed,60,depth,9.9,-0.03527900460182661,-0.0837750245571062,0.007063736145046945
informed,60,depth,9.950000000000001,-0.02269599073716751,-0.08249674308506892,0.03417972686401415
informed,60,depth,10.0,-0.015494264220677567,-0.0728647975421458,0.038543531198828425
